animate_021_right.png,-0.152490907,-0.123735358,-0.127379983
animate_004_right_pair_adults.png,-0.156093881,-0.083598827,-0.037146976
animate_003_left_adults.png,-0.192775624,-0.096121029,-0.096567571
animate_031_left.png,-0.065325911,-0.03263496,0.184176825
animate_030_left.png,-0.127713447,0.054180344,0.056975896
animate_012_right_pair_adults.png,-0.110877261,0.272296961,0.068776914
animate_002_right_adults.png,-0.087607117,0.083260888,-0.076745871
animate_035_right.png,-0.113798075,-0.097695434,0.023231814
inanimate_008_right.png,0.291389358,-0.134813263,-0.067821116
animate_012_left_pair_adults.png,-0.102258113,0.24411538,0.073054537
animate_014_right.png,-0.13279095,0.027542544,-0.020471896
inanimate_004_left.png,0.202314456,0.048109958,-0.224751486
inanimate_005_left.png,0.21601291,-0.083528218,0.076593679
animate_009_right_adults.png,-0.195836624,-0.03041353,-0.1427284
animate_038_right.png,-0.112541364,-0.125554307,-0.030337981
inanimate_005_right.png,0.230586085,-0.070137349,0.090274337
animate_019_right.png,-0.063714236,-0.019943457,0.160612094
animate_004_left_pair.png,-0.225428986,0.011376549,0.154307553
animate_005_left.png,-0.192460156,-0.163635795,-0.121675092
animate_004_left.png,-0.129571507,-0.05982904,0.094976522
veggie_13_topleft.png,0.137284856,-0.089096526,0.05139065
inanimate_004_left_pair.png,0.184740352,0.106234336,-0.217093455
inanimate_011_right.png,0.252566512,-0.082570936,0.184981757
animate_012_right.png,-0.074117309,-0.02345935,0.063475179
animate_003_left_pair.png,-0.211910254,0.0285675,-0.139817905
animate_026_left.png,-0.163148756,-0.11254116,0.011525586
animate_027_left.png,-0.130628972,-0.141216212,-0.060832781
animate_006_right.png,-0.154856198,-0.136207969,-0.036437611
inanimate_003_left_pair.png,0.15013618,0.173488914,-0.078402132
animate_012_right_adults.png,-0.102811029,0.12122306,0.009334661
animate_012_left_adults.png,-0.105153633,0.113129838,0.021011182
inanimate_012_left.png,0.186384711,0.041943147,-0.214551757
animate_007_left_pair.png,-0.059303252,0.144166176,0.063214888
animate_006_right_pair_adults.png,-0.096075504,0.08781615,0.0021036
animate_010_left_pair.png,0.001643699,0.132945773,0.030564979
animate_018_left.png,-0.084940737,-0.031609061,-0.008307515
animate_019_left.png,-0.065325911,-0.03263496,0.184176825
animate_027_right.png,-0.129871446,-0.138760607,-0.035120305
veggie_13_left.png,0.159135756,-0.005067781,-0.090975597
inanimate_007_left_pair.png,0.343246956,-0.171430788,0.089955137
animate_033_right.png,-0.046581455,-0.097789727,0.103037332
animate_010_right_pair_adults.png,-0.180500186,-0.018949866,-0.022171166
veggie_38_topleft.png,0.274425765,-0.210827526,0.029990303
inanimate_010_left_pair.png,0.284785198,-0.066748343,-0.077302704
inanimate_003_right.png,0.107380902,0.017304464,-0.197716078
animate_005_left_pair_adults.png,-0.118317659,0.210523769,0.048251623
animate_006_right_adults.png,-0.088887979,-0.053270418,-0.062190551
animate_012_left.png,-0.061402197,0.016739826,0.071090218
animate_013_left.png,-0.119761281,-0.06769015,0.090533783
animate_004_left_adults.png,-0.140878182,-0.142919345,0.01079788
animate_021_left.png,-0.174562437,-0.118609072,-0.095119752
animate_020_left.png,-0.076975362,-0.090286628,0.038349941
veggie_42_topleft.png,0.12737827,-0.003918853,-0.169686654
animate_034_right.png,-0.12199632,0.014825103,0.00922163
animate_020_right.png,-0.089481493,-0.112504101,0.024634131
animate_008_right_pair_adults.png,-0.182826988,0.175712217,0.070110718
animate_001_right.png,-0.157991133,-0.158994371,-0.179361801
animate_003_right_adults.png,-0.215406713,-0.101428196,-0.116395705
veggie_6_left.png,0.192040087,-0.021481102,-0.042893594
inanimate_009_right.png,0.253935415,-0.107442335,-0.007182188
veggie_6_right.png,0.206357775,-0.051280672,-0.064897048
animate_015_right.png,-0.036922631,-0.142946212,0.053079492
animate_039_right.png,-0.084515002,-0.087498534,0.073863898
animate_009_left_pair.png,-0.093072069,-0.084984054,-0.051546547
animate_005_left_adults.png,-0.148326213,0.052056711,0.05144336
inanimate_010_right.png,0.276712479,-0.092683373,-0.143433793
inanimate_004_right.png,0.227824584,0.046857276,-0.214257533
inanimate_009_left_pair.png,0.205039847,0.046782836,0.140867446
animate_008_right_adults.png,-0.185062728,0.055374922,0.028592255
animate_018_right.png,-0.095409733,-0.038645664,-0.03730529
animate_015_left.png,-0.0366769,-0.107660563,0.044377713
animate_014_left.png,-0.073514136,0.00987295,-0.019498244
animate_007_right.png,-0.086445604,-0.080606565,0.034167244
animate_013_right.png,-0.071854078,-0.049413406,0.050254732
animate_002_left_adults.png,-0.078511511,0.047145764,-0.038832983
animate_001_left_pair_adults.png,-0.153944695,0.146719837,-0.002877859
animate_036_left.png,-0.17745213,-0.037995076,-0.03503615
animate_037_left.png,-0.049302071,-0.168920939,-0.025186782
animate_032_right.png,-0.042747704,0.003757254,0.034456632
animate_040_left.png,-0.159433414,-0.131963355,-0.140727782
inanimate_003_left.png,0.130458596,0.034287371,-0.175566829
inanimate_002_left.png,0.211258936,0.122785706,-0.211267306
animate_004_left_pair_adults.png,-0.134913835,-0.018315718,-0.034102742
animate_008_left.png,-0.122204225,0.028835218,0.041555221
animate_009_left.png,-0.101193648,-0.172523027,-0.003379178
animate_026_right.png,-0.144985443,-0.138927823,-0.014140425
animate_007_right_adults.png,-0.209007614,-0.081262744,-0.140564244
inanimate_002_right.png,0.195583513,0.131413364,-0.220505184
animate_002_left.png,-0.102662529,0.083750381,0.007329164
animate_003_left.png,-0.20874937,-0.099837907,-0.122305549
animate_002_right_pair_adults.png,-0.101018364,0.196458681,0.005550368
inanimate_009_left.png,0.216896227,-0.07898473,0.018010746
inanimate_008_left.png,0.248203739,-0.11035961,-0.056121734
veggie_4_topleft.png,0.139349596,-0.139931456,0.061650147
animate_016_right.png,-0.081083259,0.066921697,-0.004382514
animate_002_right.png,-0.106901709,0.035322726,0.023755207
animate_011_left_adults.png,-0.132843844,-0.097613075,-0.008065347
animate_023_right.png,-0.155701598,-0.207011896,-0.04010873
animate_008_left_pair_adults.png,-0.09160093,0.171108505,0.067614013
animate_008_right_pair.png,-0.134368296,0.134734472,0.080061045
animate_008_left_adults.png,-0.120570046,0.08702958,0.045189786
veggie_13_right.png,0.160189669,0.002957975,-0.075665338
animate_011_left.png,-0.179972729,-0.140192464,-0.075959664
animate_010_left.png,-0.082088747,0.038579717,0.03888663
inanimate_008_right_pair.png,0.2487818,-0.065462135,-0.003119877
veggie_9_left.png,0.268366906,-0.004589658,-0.0416577
animate_037_right.png,-0.017780896,-0.160220806,-0.029777103
animate_007_left_adults.png,-0.218231383,-0.084080115,-0.152007698
inanimate_007_right.png,0.310292478,-0.171166035,0.043982456
animate_025_left.png,-0.146129045,-0.097054654,-0.104934284
inanimate_012_right_pair.png,0.21201155,0.114678371,-0.131648286
inanimate_007_right_pair.png,0.320407555,-0.111429814,0.035290193
animate_024_left.png,-0.17513256,-0.125004902,-0.099901068
animate_005_right_pair_adults.png,-0.156945099,0.162207939,0.05383582
animate_007_left_pair_adults.png,-0.219980013,0.039357566,-0.138318588
animate_012_right_pair.png,-0.09865975,0.105112773,0.140501058
animate_007_right_pair.png,-0.054191775,0.104671436,0.034392898
inanimate_010_left.png,0.291413805,-0.110131004,-0.096489915
inanimate_011_left.png,0.247334085,-0.123005499,0.182865789
animate_040_right.png,-0.164864412,-0.137060001,-0.176863342
animate_002_left_pair_adults.png,-0.078547013,0.201385969,-0.036778561
animate_004_right_adults.png,-0.157620486,-0.152094037,-0.00403101
animate_038_left.png,-0.131631558,-0.179759732,-0.012189561
animate_025_right.png,-0.09819506,-0.110486773,-0.096220342
animate_039_left.png,-0.088608862,-0.009397349,0.082979222
animate_031_right.png,-0.063714236,-0.019943457,0.160612094
animate_010_left_pair_adults.png,-0.199062967,0.001504483,-0.022658466
animate_010_right.png,-0.101862123,-0.013156802,0.036491382
inanimate_006_right_pair.png,0.269879589,-0.1649102,0.035768326
animate_006_left.png,-0.110184229,-0.131696042,-0.02609501
animate_007_left.png,-0.070137076,-0.061623551,0.035835779
animate_006_right_pair.png,-0.142648441,-0.057834875,0.011733127
animate_004_right.png,-0.144488098,-0.069506427,0.079777137
animate_009_right_pair.png,-0.140690764,-0.092917609,-0.074622575
animate_028_right.png,-0.160683222,-0.17536679,-0.083502663
inanimate_008_left_pair.png,0.227904599,-0.029300339,0.008364337
animate_032_left.png,-0.049476111,-0.044539391,0.041882604
animate_033_left.png,-0.066864947,-0.083598767,0.111646848
veggie_38_left.png,0.247334085,-0.123005499,0.182865789
inanimate_009_right_pair.png,0.211420237,-0.000889576,0.100086894
animate_008_left_pair.png,-0.088687738,0.207488036,0.082349866
veggie_6_topleft.png,0.092128334,-0.123125309,-0.001107794
inanimate_001_right_pair.png,0.256453363,0.134261017,-0.164277125
animate_011_right_pair_adults.png,-0.07375371,-0.025352624,0.001553285
animate_010_right_adults.png,-0.150586132,-0.13449226,-0.024730568
inanimate_001_right.png,0.230270336,0.04542873,-0.238448221
animate_007_right_pair_adults.png,-0.214059704,0.014540032,-0.148889588
animate_009_right.png,-0.084000296,-0.158382549,0.01476982
inanimate_007_left.png,0.302347169,-0.18216733,0.041139713
animate_001_right_pair.png,-0.216352992,-0.101798894,-0.153149082
inanimate_006_left.png,0.255190334,-0.200926156,-0.02653371
animate_003_right.png,-0.235380627,-0.132363098,-0.141122584
inanimate_011_left_pair.png,0.35578582,-0.082750615,0.206765336
inanimate_006_left_pair.png,0.29069765,-0.125345273,0.003193568
animate_006_left_pair_adults.png,-0.207378331,0.077616981,0.051913034
animate_011_left_pair.png,-0.207748909,-0.041314231,-0.078273189
animate_017_right.png,-0.072499196,-0.061551719,0.053011346
animate_001_right_pair_adults.png,-0.128743506,0.21772578,-0.005249266
animate_006_left_pair.png,-0.100884637,-0.042273443,-0.01734959
veggie_4_right.png,0.240076362,-0.069342501,0.006719619
animate_001_left.png,-0.158190623,-0.155786854,-0.186137456
animate_003_right_pair.png,-0.231372051,0.003934127,-0.162767772
animate_003_left_pair_adults.png,-0.200631067,0.061280707,-0.117978039
inanimate_002_left_pair.png,0.246429805,0.216899812,-0.124858784
animate_036_right.png,-0.171246986,-0.066029832,-0.052991159
animate_001_left_adults.png,-0.073650634,0.00988908,-0.019563585
animate_002_left_pair.png,-0.068165424,0.255261332,0.069753986
veggie_42_left.png,0.186384711,0.041943147,-0.214551757
inanimate_003_right_pair.png,0.150008135,0.151075589,-0.098821816
animate_022_right.png,-0.079851358,0.031227539,0.060599164
animate_009_right_pair_adults.png,-0.214346139,0.121515156,-0.14413056
inanimate_012_right.png,0.176720978,0.070610566,-0.220699082
animate_001_right_adults.png,-0.132752945,0.026115731,-0.020380437
inanimate_006_right.png,0.240657213,-0.228638264,-0.013274917
veggie_9_right.png,0.243414731,-0.024812237,-0.035354846
animate_035_left.png,-0.103135241,-0.086047995,0.024587416
animate_034_left.png,-0.152513214,0.019888603,0.02319875
animate_004_right_pair.png,-0.221131364,0.028230839,0.136254289
animate_011_right_pair.png,-0.215227322,-0.042981557,-0.06365124
inanimate_001_left.png,0.231726269,0.047896502,-0.221951703
inanimate_004_right_pair.png,0.261289867,0.11714287,-0.217205611
inanimate_011_right_pair.png,0.324748762,-0.024030802,0.23189715
animate_009_left_pair_adults.png,-0.168218106,0.118342982,-0.108260104
animate_010_right_pair.png,-0.020861387,0.07843677,0.044164651
animate_005_right_pair.png,-0.203702361,-0.094446924,-0.130473983
animate_030_right.png,-0.140456021,0.074442353,0.075747651
veggie_9_topleft.png,0.203418135,-0.089525424,-0.067019334
animate_010_left_adults.png,-0.1602032,-0.136411844,-0.020131306
inanimate_010_right_pair.png,0.294870573,-0.042517434,-0.111825606
inanimate_005_right_pair.png,0.189349985,0.063552953,0.158265633
animate_028_left.png,-0.159888529,-0.133365193,-0.095552985
animate_024_right.png,-0.183197724,-0.1259585,-0.073459682
animate_029_left.png,-0.061615258,-0.040927304,-0.07388908
animate_005_right.png,-0.1930025,-0.163712652,-0.114557606
animate_011_right.png,-0.231693065,-0.130547123,-0.074256995
animate_016_left.png,-0.073731289,0.10912011,0.014716845
animate_003_right_pair_adults.png,-0.211973869,0.008674076,-0.145008414
animate_017_left.png,-0.039141438,-0.079322666,0.064966556
animate_009_left_adults.png,-0.20699854,-0.026001706,-0.114205953
animate_005_right_adults.png,-0.160009511,0.052989674,0.030447894
animate_022_left.png,-0.126168917,-0.014907379,0.072863128
animate_023_left.png,-0.120246006,-0.19467098,-0.01217762
inanimate_005_left_pair.png,0.167544125,0.078671366,0.152685162
inanimate_012_left_pair.png,0.210318487,0.139016645,-0.16864306
animate_011_left_pair_adults.png,-0.150330036,0.034588551,-0.015620937
animate_002_right_pair.png,-0.116693123,0.231836159,0.059634851
animate_005_left_pair.png,-0.144436932,-0.093506855,-0.048543247
animate_011_right_adults.png,-0.104681225,-0.121845143,-0.045046782
animate_006_left_adults.png,-0.111146731,-0.020782031,-0.014474765
animate_029_right.png,-0.099664713,-0.050784897,-0.051004709
inanimate_002_right_pair.png,0.224204993,0.221899524,-0.147311117
animate_012_left_pair.png,-0.038122596,0.1136423,0.161155448
inanimate_001_left_pair.png,0.246091136,0.119852065,-0.135282734
animate_008_right.png,-0.169567119,0.041274735,0.056830878
veggie_4_left.png,0.212729438,-0.051169905,0.009042222
veggie_42_right.png,0.176720978,0.070610566,-0.220699082
veggie_38_right.png,0.252566512,-0.082570936,0.184981757
animate_001_left_pair.png,-0.137672272,-0.08326506,-0.138469761