,sample_n,run_id,v_type
0,46,0,background
1,14,0,background
2,8,0,background
3,1,0,background
4,2,0,background
5,8,0,background
0,26,0,identity
1,9,0,identity
2,4,0,identity
3,1,0,identity
4,2,0,identity
5,4,0,identity
0,10,0,number
1,22,0,number
2,19,0,number
3,34,0,number
4,1,0,number
5,35,0,number
0,51,0,pose
1,10,0,pose
2,4,0,pose
3,7,0,pose
4,11,0,pose
5,3,0,pose
0,70,0,animacy
1,2,0,animacy
2,43,0,animacy
3,30,0,animacy
4,12,0,animacy
5,3,0,animacy
0,1,1,background
1,7,1,background
2,41,1,background
3,16,1,background
4,8,1,background
5,29,1,background
0,1,1,identity
1,4,1,identity
2,1,1,identity
3,1,1,identity
4,1,1,identity
5,1,1,identity
0,1,1,number
1,1,1,number
2,1,1,number
3,1,1,number
4,1,1,number
5,1,1,number
0,2,1,pose
1,21,1,pose
2,15,1,pose
3,32,1,pose
4,6,1,pose
5,4,1,pose
0,1,1,animacy
1,2,1,animacy
2,4,1,animacy
3,1,1,animacy
4,1,1,animacy
5,1,1,animacy
0,102,2,background
1,1,2,background
2,78,2,background
3,32,2,background
4,1,2,background
5,10,2,background
0,33,2,identity
1,46,2,identity
2,6,2,identity
3,9,2,identity
4,28,2,identity
5,190,2,identity
0,38,2,number
1,8,2,number
2,2,2,number
3,1,2,number
4,3,2,number
5,1,2,number
0,47,2,pose
1,60,2,pose
2,14,2,pose
3,29,2,pose
4,9,2,pose
5,41,2,pose
0,70,2,animacy
1,33,2,animacy
2,14,2,animacy
3,10,2,animacy
4,7,2,animacy
5,1,2,animacy
0,4,3,background
1,51,3,background
2,9,3,background
3,7,3,background
4,5,3,background
5,5,3,background
0,14,3,identity
1,2,3,identity
2,2,3,identity
3,17,3,identity
4,32,3,identity
5,24,3,identity
0,7,3,number
1,3,3,number
2,1,3,number
3,2,3,number
4,1,3,number
5,30,3,number
0,9,3,pose
1,4,3,pose
2,2,3,pose
3,1,3,pose
4,2,3,pose
5,2,3,pose
0,38,3,animacy
1,2,3,animacy
2,4,3,animacy
3,2,3,animacy
4,2,3,animacy
5,2,3,animacy
0,34,4,background
1,13,4,background
2,3,4,background
3,12,4,background
4,5,4,background
5,9,4,background
0,12,4,identity
1,4,4,identity
2,21,4,identity
3,4,4,identity
4,24,4,identity
5,49,4,identity
0,29,4,number
1,5,4,number
2,2,4,number
3,2,4,number
4,5,4,number
5,9,4,number
0,31,4,pose
1,10,4,pose
2,23,4,pose
3,1,4,pose
4,12,4,pose
5,25,4,pose
0,19,4,animacy
1,3,4,animacy
2,1,4,animacy
3,2,4,animacy
4,2,4,animacy
5,1,4,animacy
0,1,5,background
1,1,5,background
2,20,5,background
3,14,5,background
4,42,5,background
5,5,5,background
0,1,5,identity
1,12,5,identity
2,25,5,identity
3,21,5,identity
4,7,5,identity
5,9,5,identity
0,1,5,number
1,12,5,number
2,19,5,number
3,9,5,number
4,21,5,number
5,4,5,number
0,1,5,pose
1,4,5,pose
2,3,5,pose
3,2,5,pose
4,24,5,pose
5,10,5,pose
0,1,5,animacy
1,1,5,animacy
2,5,5,animacy
3,30,5,animacy
4,1,5,animacy
5,12,5,animacy
0,83,6,background
1,33,6,background
2,30,6,background
3,12,6,background
4,29,6,background
5,20,6,background
0,31,6,identity
1,16,6,identity
2,10,6,identity
3,26,6,identity
4,4,6,identity
5,130,6,identity
0,90,6,number
1,6,6,number
2,3,6,number
3,5,6,number
4,11,6,number
5,9,6,number
0,13,6,pose
1,21,6,pose
2,3,6,pose
3,3,6,pose
4,2,6,pose
5,3,6,pose
0,57,6,animacy
1,32,6,animacy
2,3,6,animacy
3,11,6,animacy
4,8,6,animacy
5,14,6,animacy
0,76,7,background
1,4,7,background
2,38,7,background
3,10,7,background
4,1,7,background
5,12,7,background
0,14,7,identity
1,1,7,identity
2,2,7,identity
3,1,7,identity
4,1,7,identity
5,7,7,identity
0,22,7,number
1,2,7,number
2,1,7,number
3,1,7,number
4,1,7,number
5,7,7,number
0,90,7,pose
1,4,7,pose
2,48,7,pose
3,46,7,pose
4,3,7,pose
5,34,7,pose
0,7,7,animacy
1,7,7,animacy
2,18,7,animacy
3,4,7,animacy
4,3,7,animacy
5,3,7,animacy
0,2,8,background
1,1,8,background
2,1,8,background
3,1,8,background
4,1,8,background
5,1,8,background
0,12,8,identity
1,1,8,identity
2,4,8,identity
3,6,8,identity
4,6,8,identity
5,16,8,identity
0,1,8,number
1,1,8,number
2,21,8,number
3,1,8,number
4,4,8,number
5,50,8,number
0,2,8,pose
1,5,8,pose
2,3,8,pose
3,2,8,pose
4,1,8,pose
5,2,8,pose
0,1,8,animacy
1,1,8,animacy
2,1,8,animacy
3,1,8,animacy
4,1,8,animacy
5,6,8,animacy
0,12,9,background
1,4,9,background
2,5,9,background
3,2,9,background
4,4,9,background
5,36,9,background
0,20,9,identity
1,4,9,identity
2,7,9,identity
3,32,9,identity
4,15,9,identity
5,11,9,identity
0,6,9,number
1,3,9,number
2,7,9,number
3,1,9,number
4,14,9,number
5,7,9,number
0,5,9,pose
1,19,9,pose
2,3,9,pose
3,11,9,pose
4,2,9,pose
5,5,9,pose
0,5,9,animacy
1,1,9,animacy
2,12,9,animacy
3,11,9,animacy
4,68,9,animacy
5,8,9,animacy
0,1,10,background
1,16,10,background
2,9,10,background
3,9,10,background
4,18,10,background
5,5,10,background
0,22,10,identity
1,15,10,identity
2,13,10,identity
3,12,10,identity
4,16,10,identity
5,13,10,identity
0,19,10,number
1,9,10,number
2,10,10,number
3,7,10,number
4,12,10,number
5,12,10,number
0,24,10,pose
1,7,10,pose
2,5,10,pose
3,8,10,pose
4,8,10,pose
5,16,10,pose
0,7,10,animacy
1,12,10,animacy
2,8,10,animacy
3,3,10,animacy
4,5,10,animacy
5,3,10,animacy
0,13,11,background
1,105,11,background
2,15,11,background
3,18,11,background
4,11,11,background
5,16,11,background
0,175,11,identity
1,52,11,identity
2,14,11,identity
3,3,11,identity
4,42,11,identity
5,8,11,identity
0,7,11,number
1,9,11,number
2,6,11,number
3,54,11,number
4,18,11,number
5,7,11,number
0,42,11,pose
1,56,11,pose
2,5,11,pose
3,4,11,pose
4,3,11,pose
5,3,11,pose
0,65,11,animacy
1,12,11,animacy
2,97,11,animacy
3,2,11,animacy
4,3,11,animacy
5,7,11,animacy
0,117,12,background
1,67,12,background
2,30,12,background
3,10,12,background
4,12,12,background
5,8,12,background
0,110,12,identity
1,7,12,identity
2,5,12,identity
3,2,12,identity
4,3,12,identity
5,3,12,identity
0,11,12,number
1,11,12,number
2,109,12,number
3,5,12,number
4,1,12,number
5,8,12,number
0,265,12,pose
1,26,12,pose
2,5,12,pose
3,6,12,pose
4,7,12,pose
5,4,12,pose
0,4,12,animacy
1,19,12,animacy
2,7,12,animacy
3,9,12,animacy
4,8,12,animacy
5,88,12,animacy
0,46,13,background
1,5,13,background
2,19,13,background
3,3,13,background
4,11,13,background
5,7,13,background
0,52,13,identity
1,48,13,identity
2,23,13,identity
3,1,13,identity
4,1,13,identity
5,9,13,identity
0,37,13,number
1,9,13,number
2,7,13,number
3,1,13,number
4,2,13,number
5,30,13,number
0,16,13,pose
1,12,13,pose
2,5,13,pose
3,2,13,pose
4,1,13,pose
5,2,13,pose
0,37,13,animacy
1,3,13,animacy
2,3,13,animacy
3,22,13,animacy
4,31,13,animacy
5,1,13,animacy
0,46,14,background
1,3,14,background
2,1,14,background
3,2,14,background
4,4,14,background
5,2,14,background
0,89,14,identity
1,22,14,identity
2,8,14,identity
3,1,14,identity
4,3,14,identity
5,166,14,identity
0,78,14,number
1,5,14,number
2,36,14,number
3,48,14,number
4,8,14,number
5,1,14,number
0,49,14,pose
1,51,14,pose
2,6,14,pose
3,2,14,pose
4,18,14,pose
5,10,14,pose
0,12,14,animacy
1,45,14,animacy
2,1,14,animacy
3,7,14,animacy
4,5,14,animacy
5,11,14,animacy
0,30,15,background
1,14,15,background
2,118,15,background
3,4,15,background
4,7,15,background
5,4,15,background
0,10,15,identity
1,86,15,identity
2,6,15,identity
3,78,15,identity
4,17,15,identity
5,7,15,identity
0,38,15,number
1,38,15,number
2,8,15,number
3,9,15,number
4,7,15,number
5,3,15,number
0,122,15,pose
1,58,15,pose
2,61,15,pose
3,40,15,pose
4,10,15,pose
5,6,15,pose
0,7,15,animacy
1,45,15,animacy
2,42,15,animacy
3,15,15,animacy
4,33,15,animacy
5,45,15,animacy
0,10,16,background
1,2,16,background
2,1,16,background
3,1,16,background
4,1,16,background
5,2,16,background
0,81,16,identity
1,10,16,identity
2,4,16,identity
3,2,16,identity
4,8,16,identity
5,3,16,identity
0,95,16,number
1,6,16,number
2,5,16,number
3,4,16,number
4,4,16,number
5,2,16,number
0,56,16,pose
1,59,16,pose
2,14,16,pose
3,13,16,pose
4,22,16,pose
5,21,16,pose
0,14,16,animacy
1,3,16,animacy
2,4,16,animacy
3,50,16,animacy
4,2,16,animacy
5,10,16,animacy
0,56,17,background
1,30,17,background
2,22,17,background
3,5,17,background
4,17,17,background
5,14,17,background
0,12,17,identity
1,14,17,identity
2,10,17,identity
3,4,17,identity
4,46,17,identity
5,8,17,identity
0,18,17,number
1,7,17,number
2,5,17,number
3,5,17,number
4,3,17,number
5,49,17,number
0,56,17,pose
1,3,17,pose
2,7,17,pose
3,2,17,pose
4,3,17,pose
5,4,17,pose
0,24,17,animacy
1,8,17,animacy
2,93,17,animacy
3,8,17,animacy
4,4,17,animacy
5,23,17,animacy
0,2,18,background
1,10,18,background
2,11,18,background
3,28,18,background
4,3,18,background
5,1,18,background
0,29,18,identity
1,2,18,identity
2,1,18,identity
3,2,18,identity
4,2,18,identity
5,10,18,identity
0,35,18,number
1,2,18,number
2,50,18,number
3,1,18,number
4,2,18,number
5,11,18,number
0,61,18,pose
1,3,18,pose
2,1,18,pose
3,1,18,pose
4,1,18,pose
5,16,18,pose
0,57,18,animacy
1,9,18,animacy
2,7,18,animacy
3,1,18,animacy
4,1,18,animacy
5,49,18,animacy
0,14,19,background
1,6,19,background
2,12,19,background
3,64,19,background
4,38,19,background
5,9,19,background
0,45,19,identity
1,4,19,identity
2,4,19,identity
3,11,19,identity
4,3,19,identity
5,52,19,identity
0,18,19,number
1,1,19,number
2,51,19,number
3,8,19,number
4,6,19,number
5,32,19,number
0,2,19,pose
1,1,19,pose
2,25,19,pose
3,7,19,pose
4,10,19,pose
5,8,19,pose
0,5,19,animacy
1,5,19,animacy
2,3,19,animacy
3,1,19,animacy
4,2,19,animacy
5,4,19,animacy
0,19,20,background
1,221,20,background
2,7,20,background
3,36,20,background
4,7,20,background
5,5,20,background
0,26,20,identity
1,5,20,identity
2,4,20,identity
3,4,20,identity
4,5,20,identity
5,10,20,identity
0,26,20,number
1,17,20,number
2,7,20,number
3,16,20,number
4,10,20,number
5,28,20,number
0,41,20,pose
1,3,20,pose
2,3,20,pose
3,6,20,pose
4,5,20,pose
5,5,20,pose
0,4,20,animacy
1,117,20,animacy
2,7,20,animacy
3,9,20,animacy
4,9,20,animacy
5,18,20,animacy
0,89,21,background
1,9,21,background
2,7,21,background
3,22,21,background
4,1,21,background
5,1,21,background
0,51,21,identity
1,18,21,identity
2,95,21,identity
3,3,21,identity
4,1,21,identity
5,13,21,identity
0,68,21,number
1,45,21,number
2,22,21,number
3,57,21,number
4,16,21,number
5,36,21,number
0,123,21,pose
1,20,21,pose
2,5,21,pose
3,3,21,pose
4,3,21,pose
5,4,21,pose
0,28,21,animacy
1,68,21,animacy
2,3,21,animacy
3,92,21,animacy
4,4,21,animacy
5,8,21,animacy
0,39,22,background
1,25,22,background
2,21,22,background
3,3,22,background
4,5,22,background
5,1,22,background
0,25,22,identity
1,21,22,identity
2,7,22,identity
3,7,22,identity
4,4,22,identity
5,13,22,identity
0,18,22,number
1,14,22,number
2,4,22,number
3,4,22,number
4,3,22,number
5,5,22,number
0,39,22,pose
1,9,22,pose
2,6,22,pose
3,4,22,pose
4,3,22,pose
5,132,22,pose
0,55,22,animacy
1,17,22,animacy
2,11,22,animacy
3,5,22,animacy
4,3,22,animacy
5,4,22,animacy
0,13,23,background
1,3,23,background
2,58,23,background
3,8,23,background
4,1,23,background
5,3,23,background
0,22,23,identity
1,3,23,identity
2,1,23,identity
3,1,23,identity
4,1,23,identity
5,1,23,identity
0,13,23,number
1,1,23,number
2,1,23,number
3,1,23,number
4,1,23,number
5,1,23,number
0,72,23,pose
1,3,23,pose
2,3,23,pose
3,5,23,pose
4,4,23,pose
5,4,23,pose
0,15,23,animacy
1,9,23,animacy
2,4,23,animacy
3,5,23,animacy
4,4,23,animacy
5,36,23,animacy
0,19,24,background
1,1,24,background
2,3,24,background
3,6,24,background
4,5,24,background
5,2,24,background
0,5,24,identity
1,12,24,identity
2,21,24,identity
3,37,24,identity
4,4,24,identity
5,1,24,identity
0,26,24,number
1,1,24,number
2,4,24,number
3,6,24,number
4,7,24,number
5,6,24,number
0,14,24,pose
1,3,24,pose
2,15,24,pose
3,6,24,pose
4,2,24,pose
5,2,24,pose
0,2,24,animacy
1,9,24,animacy
2,3,24,animacy
3,4,24,animacy
4,1,24,animacy
5,2,24,animacy
0,1,25,background
1,60,25,background
2,9,25,background
3,19,25,background
4,7,25,background
5,5,25,background
0,1,25,identity
1,21,25,identity
2,11,25,identity
3,65,25,identity
4,20,25,identity
5,5,25,identity
0,1,25,number
1,3,25,number
2,32,25,number
3,18,25,number
4,19,25,number
5,29,25,number
0,9,25,pose
1,77,25,pose
2,6,25,pose
3,3,25,pose
4,2,25,pose
5,7,25,pose
0,1,25,animacy
1,22,25,animacy
2,6,25,animacy
3,4,25,animacy
4,6,25,animacy
5,4,25,animacy
0,6,26,background
1,15,26,background
2,20,26,background
3,8,26,background
4,11,26,background
5,10,26,background
0,24,26,identity
1,30,26,identity
2,4,26,identity
3,3,26,identity
4,3,26,identity
5,2,26,identity
0,44,26,number
1,39,26,number
2,24,26,number
3,17,26,number
4,30,26,number
5,8,26,number
0,74,26,pose
1,8,26,pose
2,8,26,pose
3,52,26,pose
4,4,26,pose
5,4,26,pose
0,17,26,animacy
1,16,26,animacy
2,2,26,animacy
3,2,26,animacy
4,3,26,animacy
5,2,26,animacy
0,94,27,background
1,5,27,background
2,2,27,background
3,12,27,background
4,10,27,background
5,6,27,background
0,15,27,identity
1,93,27,identity
2,81,27,identity
3,5,27,identity
4,11,27,identity
5,1,27,identity
0,70,27,number
1,48,27,number
2,7,27,number
3,5,27,number
4,1,27,number
5,87,27,number
0,70,27,pose
1,58,27,pose
2,11,27,pose
3,4,27,pose
4,3,27,pose
5,8,27,pose
0,61,27,animacy
1,37,27,animacy
2,35,27,animacy
3,8,27,animacy
4,13,27,animacy
5,2,27,animacy
0,30,28,background
1,2,28,background
2,1,28,background
3,1,28,background
4,1,28,background
5,1,28,background
0,22,28,identity
1,20,28,identity
2,217,28,identity
3,30,28,identity
4,35,28,identity
5,4,28,identity
0,25,28,number
1,7,28,number
2,7,28,number
3,5,28,number
4,3,28,number
5,5,28,number
0,201,28,pose
1,8,28,pose
2,9,28,pose
3,7,28,pose
4,6,28,pose
5,7,28,pose
0,149,28,animacy
1,12,28,animacy
2,6,28,animacy
3,12,28,animacy
4,20,28,animacy
5,3,28,animacy
0,31,29,background
1,31,29,background
2,14,29,background
3,1,29,background
4,1,29,background
5,3,29,background
0,11,29,identity
1,2,29,identity
2,67,29,identity
3,24,29,identity
4,1,29,identity
5,70,29,identity
0,26,29,number
1,5,29,number
2,84,29,number
3,4,29,number
4,5,29,number
5,69,29,number
0,30,29,pose
1,80,29,pose
2,6,29,pose
3,4,29,pose
4,3,29,pose
5,42,29,pose
0,37,29,animacy
1,2,29,animacy
2,18,29,animacy
3,5,29,animacy
4,17,29,animacy
5,8,29,animacy
0,7,30,background
1,3,30,background
2,4,30,background
3,35,30,background
4,5,30,background
5,5,30,background
0,60,30,identity
1,5,30,identity
2,3,30,identity
3,4,30,identity
4,4,30,identity
5,2,30,identity
0,33,30,number
1,7,30,number
2,7,30,number
3,5,30,number
4,6,30,number
5,4,30,number
0,50,30,pose
1,16,30,pose
2,13,30,pose
3,10,30,pose
4,6,30,pose
5,7,30,pose
0,9,30,animacy
1,2,30,animacy
2,2,30,animacy
3,2,30,animacy
4,2,30,animacy
5,2,30,animacy
0,84,31,background
1,13,31,background
2,5,31,background
3,1,31,background
4,3,31,background
5,4,31,background
0,22,31,identity
1,6,31,identity
2,6,31,identity
3,2,31,identity
4,1,31,identity
5,84,31,identity
0,76,31,number
1,40,31,number
2,5,31,number
3,6,31,number
4,9,31,number
5,8,31,number
0,50,31,pose
1,7,31,pose
2,7,31,pose
3,7,31,pose
4,9,31,pose
5,55,31,pose
0,38,31,animacy
1,12,31,animacy
2,3,31,animacy
3,7,31,animacy
4,27,31,animacy
5,12,31,animacy
0,90,32,background
1,24,32,background
2,3,32,background
3,12,32,background
4,3,32,background
5,8,32,background
0,49,32,identity
1,6,32,identity
2,6,32,identity
3,2,32,identity
4,4,32,identity
5,27,32,identity
0,23,32,number
1,2,32,number
2,2,32,number
3,20,32,number
4,45,32,number
5,26,32,number
0,50,32,pose
1,14,32,pose
2,2,32,pose
3,2,32,pose
4,1,32,pose
5,11,32,pose
0,15,32,animacy
1,43,32,animacy
2,2,32,animacy
3,4,32,animacy
4,2,32,animacy
5,76,32,animacy
0,1,33,background
1,54,33,background
2,15,33,background
3,8,33,background
4,3,33,background
5,3,33,background
0,1,33,identity
1,4,33,identity
2,1,33,identity
3,1,33,identity
4,2,33,identity
5,1,33,identity
0,1,33,number
1,9,33,number
2,1,33,number
3,1,33,number
4,1,33,number
5,1,33,number
0,1,33,pose
1,8,33,pose
2,1,33,pose
3,1,33,pose
4,1,33,pose
5,3,33,pose
0,1,33,animacy
1,3,33,animacy
2,1,33,animacy
3,1,33,animacy
4,1,33,animacy
5,2,33,animacy
0,34,34,background
1,14,34,background
2,9,34,background
3,7,34,background
4,5,34,background
5,4,34,background
0,11,34,identity
1,18,34,identity
2,11,34,identity
3,9,34,identity
4,9,34,identity
5,7,34,identity
0,4,34,number
1,1,34,number
2,43,34,number
3,1,34,number
4,12,34,number
5,8,34,number
0,45,34,pose
1,18,34,pose
2,11,34,pose
3,9,34,pose
4,2,34,pose
5,16,34,pose
0,33,34,animacy
1,2,34,animacy
2,1,34,animacy
3,1,34,animacy
4,1,34,animacy
5,3,34,animacy
0,2,35,background
1,1,35,background
2,2,35,background
3,1,35,background
4,1,35,background
5,1,35,background
0,2,35,identity
1,1,35,identity
2,1,35,identity
3,1,35,identity
4,1,35,identity
5,1,35,identity
0,2,35,number
1,2,35,number
2,1,35,number
3,1,35,number
4,1,35,number
5,1,35,number
0,8,35,pose
1,4,35,pose
2,1,35,pose
3,7,35,pose
4,27,35,pose
5,26,35,pose
0,1,35,animacy
1,2,35,animacy
2,1,35,animacy
3,1,35,animacy
4,1,35,animacy
5,1,35,animacy
0,19,36,background
1,2,36,background
2,29,36,background
3,53,36,background
4,2,36,background
5,2,36,background
0,20,36,identity
1,47,36,identity
2,5,36,identity
3,23,36,identity
4,15,36,identity
5,1,36,identity
0,61,36,number
1,3,36,number
2,1,36,number
3,1,36,number
4,1,36,number
5,60,36,number
0,56,36,pose
1,3,36,pose
2,1,36,pose
3,4,36,pose
4,1,36,pose
5,1,36,pose
0,58,36,animacy
1,4,36,animacy
2,2,36,animacy
3,5,36,animacy
4,10,36,animacy
5,48,36,animacy
0,1,37,background
1,1,37,background
2,2,37,background
3,25,37,background
4,11,37,background
5,42,37,background
0,2,37,identity
1,2,37,identity
2,1,37,identity
3,3,37,identity
4,22,37,identity
5,7,37,identity
0,4,37,number
1,2,37,number
2,1,37,number
3,13,37,number
4,22,37,number
5,19,37,number
0,3,37,pose
1,1,37,pose
2,1,37,pose
3,6,37,pose
4,31,37,pose
5,2,37,pose
0,2,37,animacy
1,1,37,animacy
2,2,37,animacy
3,1,37,animacy
4,14,37,animacy
5,3,37,animacy
0,23,38,background
1,3,38,background
2,1,38,background
3,2,38,background
4,4,38,background
5,1,38,background
0,48,38,identity
1,10,38,identity
2,3,38,identity
3,5,38,identity
4,6,38,identity
5,4,38,identity
0,29,38,number
1,13,38,number
2,6,38,number
3,28,38,number
4,8,38,number
5,14,38,number
0,10,38,pose
1,14,38,pose
2,8,38,pose
3,48,38,pose
4,9,38,pose
5,12,38,pose
0,28,38,animacy
1,6,38,animacy
2,62,38,animacy
3,2,38,animacy
4,1,38,animacy
5,1,38,animacy
0,22,39,background
1,4,39,background
2,7,39,background
3,4,39,background
4,5,39,background
5,3,39,background
0,13,39,identity
1,7,39,identity
2,12,39,identity
3,11,39,identity
4,7,39,identity
5,4,39,identity
0,16,39,number
1,3,39,number
2,6,39,number
3,6,39,number
4,3,39,number
5,4,39,number
0,28,39,pose
1,8,39,pose
2,10,39,pose
3,5,39,pose
4,5,39,pose
5,18,39,pose
0,31,39,animacy
1,11,39,animacy
2,8,39,animacy
3,12,39,animacy
4,16,39,animacy
5,8,39,animacy
0,25,40,background
1,4,40,background
2,8,40,background
3,1,40,background
4,1,40,background
5,3,40,background
0,17,40,identity
1,8,40,identity
2,2,40,identity
3,9,40,identity
4,8,40,identity
5,82,40,identity
0,3,40,number
1,10,40,number
2,8,40,number
3,1,40,number
4,22,40,number
5,15,40,number
0,121,40,pose
1,15,40,pose
2,9,40,pose
3,12,40,pose
4,24,40,pose
5,16,40,pose
0,27,40,animacy
1,1,40,animacy
2,11,40,animacy
3,1,40,animacy
4,1,40,animacy
5,54,40,animacy
0,1,41,background
1,28,41,background
2,8,41,background
3,7,41,background
4,9,41,background
5,11,41,background
0,2,41,identity
1,11,41,identity
2,11,41,identity
3,57,41,identity
4,1,41,identity
5,38,41,identity
0,35,41,number
1,1,41,number
2,4,41,number
3,4,41,number
4,5,41,number
5,26,41,number
0,34,41,pose
1,4,41,pose
2,6,41,pose
3,6,41,pose
4,5,41,pose
5,4,41,pose
0,36,41,animacy
1,9,41,animacy
2,5,41,animacy
3,7,41,animacy
4,12,41,animacy
5,5,41,animacy
0,26,42,background
1,9,42,background
2,3,42,background
3,5,42,background
4,8,42,background
5,7,42,background
0,4,42,identity
1,1,42,identity
2,2,42,identity
3,6,42,identity
4,28,42,identity
5,4,42,identity
0,6,42,number
1,13,42,number
2,3,42,number
3,2,42,number
4,4,42,number
5,7,42,number
0,7,42,pose
1,1,42,pose
2,7,42,pose
3,20,42,pose
4,5,42,pose
5,11,42,pose
0,48,42,animacy
1,3,42,animacy
2,41,42,animacy
3,14,42,animacy
4,4,42,animacy
5,6,42,animacy
0,8,43,background
1,1,43,background
2,1,43,background
3,2,43,background
4,2,43,background
5,2,43,background
0,20,43,identity
1,74,43,identity
2,11,43,identity
3,25,43,identity
4,7,43,identity
5,8,43,identity
0,29,43,number
1,2,43,number
2,2,43,number
3,2,43,number
4,1,43,number
5,1,43,number
0,8,43,pose
1,2,43,pose
2,1,43,pose
3,2,43,pose
4,1,43,pose
5,9,43,pose
0,5,43,animacy
1,6,43,animacy
2,5,43,animacy
3,49,43,animacy
4,6,43,animacy
5,11,43,animacy
0,4,44,background
1,40,44,background
2,6,44,background
3,3,44,background
4,2,44,background
5,1,44,background
0,24,44,identity
1,51,44,identity
2,13,44,identity
3,46,44,identity
4,15,44,identity
5,46,44,identity
0,2,44,number
1,2,44,number
2,1,44,number
3,1,44,number
4,1,44,number
5,1,44,number
0,3,44,pose
1,16,44,pose
2,5,44,pose
3,6,44,pose
4,18,44,pose
5,1,44,pose
0,41,44,animacy
1,5,44,animacy
2,6,44,animacy
3,4,44,animacy
4,2,44,animacy
5,1,44,animacy
0,38,45,background
1,13,45,background
2,3,45,background
3,3,45,background
4,13,45,background
5,10,45,background
0,24,45,identity
1,4,45,identity
2,14,45,identity
3,1,45,identity
4,8,45,identity
5,30,45,identity
0,44,45,number
1,8,45,number
2,5,45,number
3,2,45,number
4,13,45,number
5,54,45,number
0,11,45,pose
1,32,45,pose
2,11,45,pose
3,13,45,pose
4,6,45,pose
5,18,45,pose
0,22,45,animacy
1,11,45,animacy
2,41,45,animacy
3,5,45,animacy
4,19,45,animacy
5,8,45,animacy
0,48,46,background
1,6,46,background
2,7,46,background
3,6,46,background
4,7,46,background
5,5,46,background
0,48,46,identity
1,26,46,identity
2,13,46,identity
3,20,46,identity
4,5,46,identity
5,20,46,identity
0,50,46,number
1,29,46,number
2,61,46,number
3,13,46,number
4,6,46,number
5,56,46,number
0,6,46,pose
1,8,46,pose
2,80,46,pose
3,13,46,pose
4,2,46,pose
5,16,46,pose
0,14,46,animacy
1,1,46,animacy
2,3,46,animacy
3,2,46,animacy
4,2,46,animacy
5,5,46,animacy
0,2,47,background
1,2,47,background
2,1,47,background
3,1,47,background
4,1,47,background
5,1,47,background
0,1,47,identity
1,2,47,identity
2,1,47,identity
3,7,47,identity
4,2,47,identity
5,1,47,identity
0,2,47,number
1,6,47,number
2,3,47,number
3,2,47,number
4,1,47,number
5,1,47,number
0,3,47,pose
1,3,47,pose
2,18,47,pose
3,16,47,pose
4,33,47,pose
5,1,47,pose
0,9,47,animacy
1,3,47,animacy
2,1,47,animacy
3,1,47,animacy
4,1,47,animacy
5,1,47,animacy
0,43,48,background
1,5,48,background
2,1,48,background
3,1,48,background
4,1,48,background
5,2,48,background
0,74,48,identity
1,23,48,identity
2,21,48,identity
3,21,48,identity
4,49,48,identity
5,15,48,identity
0,11,48,number
1,3,48,number
2,1,48,number
3,1,48,number
4,1,48,number
5,12,48,number
0,8,48,pose
1,2,48,pose
2,1,48,pose
3,2,48,pose
4,56,48,pose
5,86,48,pose
0,25,48,animacy
1,14,48,animacy
2,8,48,animacy
3,11,48,animacy
4,10,48,animacy
5,17,48,animacy
0,30,49,background
1,8,49,background
2,97,49,background
3,4,49,background
4,3,49,background
5,2,49,background
0,3,49,identity
1,16,49,identity
2,3,49,identity
3,2,49,identity
4,2,49,identity
5,1,49,identity
0,14,49,number
1,3,49,number
2,14,49,number
3,4,49,number
4,2,49,number
5,8,49,number
0,25,49,pose
1,5,49,pose
2,48,49,pose
3,6,49,pose
4,3,49,pose
5,2,49,pose
0,6,49,animacy
1,3,49,animacy
2,9,49,animacy
3,44,49,animacy
4,8,49,animacy
5,68,49,animacy
0,24,50,background
1,1,50,background
2,4,50,background
3,3,50,background
4,1,50,background
5,3,50,background
0,29,50,identity
1,21,50,identity
2,13,50,identity
3,1,50,identity
4,1,50,identity
5,25,50,identity
0,32,50,number
1,14,50,number
2,25,50,number
3,1,50,number
4,4,50,number
5,31,50,number
0,67,50,pose
1,21,50,pose
2,2,50,pose
3,4,50,pose
4,9,50,pose
5,3,50,pose
0,51,50,animacy
1,20,50,animacy
2,3,50,animacy
3,2,50,animacy
4,1,50,animacy
5,12,50,animacy
0,1,51,background
1,2,51,background
2,1,51,background
3,52,51,background
4,15,51,background
5,9,51,background
0,2,51,identity
1,1,51,identity
2,1,51,identity
3,1,51,identity
4,1,51,identity
5,1,51,identity
0,1,51,number
1,1,51,number
2,10,51,number
3,1,51,number
4,57,51,number
5,20,51,number
0,1,51,pose
1,1,51,pose
2,5,51,pose
3,54,51,pose
4,41,51,pose
5,1,51,pose
0,1,51,animacy
1,6,51,animacy
2,8,51,animacy
3,127,51,animacy
4,26,51,animacy
5,7,51,animacy
0,34,52,background
1,5,52,background
2,3,52,background
3,3,52,background
4,1,52,background
5,2,52,background
0,19,52,identity
1,34,52,identity
2,48,52,identity
3,72,52,identity
4,13,52,identity
5,21,52,identity
0,104,52,number
1,14,52,number
2,18,52,number
3,1,52,number
4,13,52,number
5,85,52,number
0,71,52,pose
1,5,52,pose
2,3,52,pose
3,6,52,pose
4,1,52,pose
5,4,52,pose
0,6,52,animacy
1,14,52,animacy
2,41,52,animacy
3,12,52,animacy
4,12,52,animacy
5,51,52,animacy
0,23,53,background
1,8,53,background
2,1,53,background
3,3,53,background
4,3,53,background
5,10,53,background
0,7,53,identity
1,1,53,identity
2,1,53,identity
3,1,53,identity
4,4,53,identity
5,11,53,identity
0,3,53,number
1,1,53,number
2,1,53,number
3,19,53,number
4,3,53,number
5,4,53,number
0,19,53,pose
1,5,53,pose
2,2,53,pose
3,4,53,pose
4,5,53,pose
5,9,53,pose
0,2,53,animacy
1,15,53,animacy
2,2,53,animacy
3,49,53,animacy
4,7,53,animacy
5,6,53,animacy
0,5,54,background
1,21,54,background
2,4,54,background
3,1,54,background
4,2,54,background
5,2,54,background
0,11,54,identity
1,6,54,identity
2,5,54,identity
3,6,54,identity
4,4,54,identity
5,13,54,identity
0,3,54,number
1,15,54,number
2,2,54,number
3,3,54,number
4,4,54,number
5,6,54,number
0,3,54,pose
1,3,54,pose
2,60,54,pose
3,3,54,pose
4,10,54,pose
5,12,54,pose
0,7,54,animacy
1,5,54,animacy
2,5,54,animacy
3,4,54,animacy
4,4,54,animacy
5,2,54,animacy
0,20,55,background
1,5,55,background
2,40,55,background
3,6,55,background
4,4,55,background
5,5,55,background
0,14,55,identity
1,7,55,identity
2,3,55,identity
3,3,55,identity
4,4,55,identity
5,44,55,identity
0,38,55,number
1,2,55,number
2,3,55,number
3,16,55,number
4,9,55,number
5,1,55,number
0,9,55,pose
1,2,55,pose
2,1,55,pose
3,2,55,pose
4,1,55,pose
5,1,55,pose
0,19,55,animacy
1,1,55,animacy
2,3,55,animacy
3,3,55,animacy
4,3,55,animacy
5,9,55,animacy
0,37,56,background
1,2,56,background
2,1,56,background
3,1,56,background
4,1,56,background
5,1,56,background
0,93,56,identity
1,4,56,identity
2,3,56,identity
3,13,56,identity
4,4,56,identity
5,48,56,identity
0,104,56,number
1,23,56,number
2,9,56,number
3,11,56,number
4,2,56,number
5,5,56,number
0,37,56,pose
1,24,56,pose
2,7,56,pose
3,6,56,pose
4,1,56,pose
5,34,56,pose
0,19,56,animacy
1,7,56,animacy
2,8,56,animacy
3,6,56,animacy
4,5,56,animacy
5,8,56,animacy
0,124,57,background
1,51,57,background
2,15,57,background
3,18,57,background
4,9,57,background
5,8,57,background
0,116,57,identity
1,12,57,identity
2,4,57,identity
3,4,57,identity
4,5,57,identity
5,3,57,identity
0,88,57,number
1,76,57,number
2,2,57,number
3,10,57,number
4,19,57,number
5,229,57,number
0,79,57,pose
1,8,57,pose
2,13,57,pose
3,2,57,pose
4,1,57,pose
5,79,57,pose
0,39,57,animacy
1,22,57,animacy
2,4,57,animacy
3,5,57,animacy
4,2,57,animacy
5,19,57,animacy
0,19,58,background
1,45,58,background
2,5,58,background
3,57,58,background
4,52,58,background
5,3,58,background
0,5,58,identity
1,46,58,identity
2,13,58,identity
3,1,58,identity
4,4,58,identity
5,4,58,identity
0,27,58,number
1,16,58,number
2,31,58,number
3,10,58,number
4,16,58,number
5,8,58,number
0,23,58,pose
1,52,58,pose
2,41,58,pose
3,29,58,pose
4,13,58,pose
5,2,58,pose
0,23,58,animacy
1,12,58,animacy
2,13,58,animacy
3,3,58,animacy
4,2,58,animacy
5,9,58,animacy
0,38,59,background
1,12,59,background
2,2,59,background
3,3,59,background
4,2,59,background
5,1,59,background
0,25,59,identity
1,3,59,identity
2,5,59,identity
3,1,59,identity
4,1,59,identity
5,9,59,identity
0,43,59,number
1,9,59,number
2,1,59,number
3,16,59,number
4,1,59,number
5,21,59,number
0,22,59,pose
1,2,59,pose
2,2,59,pose
3,1,59,pose
4,1,59,pose
5,1,59,pose
0,59,59,animacy
1,12,59,animacy
2,13,59,animacy
3,15,59,animacy
4,6,59,animacy
5,1,59,animacy
0,36,60,background
1,15,60,background
2,3,60,background
3,5,60,background
4,4,60,background
5,5,60,background
0,48,60,identity
1,24,60,identity
2,16,60,identity
3,14,60,identity
4,3,60,identity
5,110,60,identity
0,87,60,number
1,37,60,number
2,5,60,number
3,6,60,number
4,5,60,number
5,109,60,number
0,44,60,pose
1,32,60,pose
2,25,60,pose
3,3,60,pose
4,2,60,pose
5,45,60,pose
0,88,60,animacy
1,18,60,animacy
2,7,60,animacy
3,3,60,animacy
4,9,60,animacy
5,1,60,animacy
0,1,61,background
1,20,61,background
2,17,61,background
3,17,61,background
4,12,61,background
5,6,61,background
0,1,61,identity
1,47,61,identity
2,4,61,identity
3,1,61,identity
4,1,61,identity
5,35,61,identity
0,1,61,number
1,23,61,number
2,1,61,number
3,1,61,number
4,1,61,number
5,1,61,number
0,1,61,pose
1,28,61,pose
2,1,61,pose
3,2,61,pose
4,3,61,pose
5,18,61,pose
0,1,61,animacy
1,61,61,animacy
2,3,61,animacy
3,8,61,animacy
4,2,61,animacy
5,17,61,animacy
0,1,62,background
1,25,62,background
2,6,62,background
3,4,62,background
4,1,62,background
5,2,62,background
0,113,62,identity
1,16,62,identity
2,89,62,identity
3,7,62,identity
4,3,62,identity
5,47,62,identity
0,11,62,number
1,117,62,number
2,12,62,number
3,8,62,number
4,16,62,number
5,9,62,number
0,79,62,pose
1,20,62,pose
2,1,62,pose
3,9,62,pose
4,28,62,pose
5,10,62,pose
0,7,62,animacy
1,145,62,animacy
2,15,62,animacy
3,2,62,animacy
4,6,62,animacy
5,1,62,animacy
0,8,63,background
1,12,63,background
2,8,63,background
3,5,63,background
4,3,63,background
5,10,63,background
0,72,63,identity
1,12,63,identity
2,12,63,identity
3,9,63,identity
4,8,63,identity
5,144,63,identity
0,19,63,number
1,2,63,number
2,8,63,number
3,2,63,number
4,3,63,number
5,54,63,number
0,22,63,pose
1,10,63,pose
2,1,63,pose
3,13,63,pose
4,3,63,pose
5,2,63,pose
0,28,63,animacy
1,78,63,animacy
2,8,63,animacy
3,16,63,animacy
4,11,63,animacy
5,1,63,animacy
0,70,64,background
1,1,64,background
2,1,64,background
3,1,64,background
4,2,64,background
5,1,64,background
0,20,64,identity
1,1,64,identity
2,2,64,identity
3,1,64,identity
4,1,64,identity
5,1,64,identity
0,59,64,number
1,1,64,number
2,1,64,number
3,2,64,number
4,2,64,number
5,24,64,number
0,39,64,pose
1,2,64,pose
2,2,64,pose
3,1,64,pose
4,1,64,pose
5,1,64,pose
0,26,64,animacy
1,1,64,animacy
2,2,64,animacy
3,4,64,animacy
4,7,64,animacy
5,2,64,animacy
0,54,65,background
1,72,65,background
2,12,65,background
3,9,65,background
4,15,65,background
5,10,65,background
0,20,65,identity
1,14,65,identity
2,6,65,identity
3,6,65,identity
4,5,65,identity
5,17,65,identity
0,83,65,number
1,5,65,number
2,29,65,number
3,17,65,number
4,32,65,number
5,4,65,number
0,15,65,pose
1,9,65,pose
2,8,65,pose
3,7,65,pose
4,13,65,pose
5,52,65,pose
0,21,65,animacy
1,4,65,animacy
2,2,65,animacy
3,2,65,animacy
4,2,65,animacy
5,6,65,animacy
0,2,66,background
1,1,66,background
2,1,66,background
3,1,66,background
4,1,66,background
5,1,66,background
0,3,66,identity
1,83,66,identity
2,1,66,identity
3,13,66,identity
4,8,66,identity
5,15,66,identity
0,2,66,number
1,2,66,number
2,1,66,number
3,90,66,number
4,5,66,number
5,1,66,number
0,1,66,pose
1,9,66,pose
2,1,66,pose
3,4,66,pose
4,4,66,pose
5,1,66,pose
0,2,66,animacy
1,1,66,animacy
2,1,66,animacy
3,1,66,animacy
4,1,66,animacy
5,1,66,animacy
0,43,67,background
1,5,67,background
2,13,67,background
3,59,67,background
4,8,67,background
5,7,67,background
0,71,67,identity
1,56,67,identity
2,6,67,identity
3,4,67,identity
4,11,67,identity
5,30,67,identity
0,95,67,number
1,18,67,number
2,8,67,number
3,9,67,number
4,5,67,number
5,53,67,number
0,24,67,pose
1,9,67,pose
2,31,67,pose
3,12,67,pose
4,8,67,pose
5,8,67,pose
0,147,67,animacy
1,15,67,animacy
2,4,67,animacy
3,8,67,animacy
4,5,67,animacy
5,8,67,animacy
0,25,68,background
1,2,68,background
2,1,68,background
3,1,68,background
4,1,68,background
5,1,68,background
0,76,68,identity
1,1,68,identity
2,31,68,identity
3,13,68,identity
4,23,68,identity
5,35,68,identity
0,66,68,number
1,6,68,number
2,5,68,number
3,1,68,number
4,1,68,number
5,30,68,number
0,74,68,pose
1,28,68,pose
2,6,68,pose
3,3,68,pose
4,3,68,pose
5,2,68,pose
0,25,68,animacy
1,91,68,animacy
2,16,68,animacy
3,2,68,animacy
4,4,68,animacy
5,11,68,animacy
0,35,69,background
1,11,69,background
2,6,69,background
3,8,69,background
4,4,69,background
5,1,69,background
0,84,69,identity
1,6,69,identity
2,17,69,identity
3,1,69,identity
4,2,69,identity
5,13,69,identity
0,92,69,number
1,1,69,number
2,3,69,number
3,2,69,number
4,2,69,number
5,1,69,number
0,62,69,pose
1,1,69,pose
2,1,69,pose
3,1,69,pose
4,5,69,pose
5,51,69,pose
0,13,69,animacy
1,2,69,animacy
2,2,69,animacy
3,1,69,animacy
4,1,69,animacy
5,3,69,animacy
0,96,70,background
1,41,70,background
2,34,70,background
3,19,70,background
4,20,70,background
5,3,70,background
0,49,70,identity
1,19,70,identity
2,9,70,identity
3,2,70,identity
4,2,70,identity
5,8,70,identity
0,43,70,number
1,5,70,number
2,22,70,number
3,12,70,number
4,22,70,number
5,4,70,number
0,80,70,pose
1,14,70,pose
2,3,70,pose
3,24,70,pose
4,16,70,pose
5,4,70,pose
0,18,70,animacy
1,9,70,animacy
2,1,70,animacy
3,1,70,animacy
4,7,70,animacy
5,48,70,animacy
0,44,71,background
1,5,71,background
2,4,71,background
3,8,71,background
4,3,71,background
5,8,71,background
0,99,71,identity
1,2,71,identity
2,1,71,identity
3,78,71,identity
4,34,71,identity
5,100,71,identity
0,36,71,number
1,21,71,number
2,5,71,number
3,9,71,number
4,76,71,number
5,46,71,number
0,88,71,pose
1,5,71,pose
2,10,71,pose
3,33,71,pose
4,19,71,pose
5,3,71,pose
0,6,71,animacy
1,19,71,animacy
2,3,71,animacy
3,184,71,animacy
4,12,71,animacy
5,13,71,animacy
0,38,72,background
1,41,72,background
2,77,72,background
3,1,72,background
4,17,72,background
5,32,72,background
0,4,72,identity
1,2,72,identity
2,1,72,identity
3,1,72,identity
4,3,72,identity
5,17,72,identity
0,23,72,number
1,1,72,number
2,3,72,number
3,3,72,number
4,5,72,number
5,22,72,number
0,4,72,pose
1,21,72,pose
2,9,72,pose
3,28,72,pose
4,11,72,pose
5,6,72,pose
0,79,72,animacy
1,1,72,animacy
2,1,72,animacy
3,1,72,animacy
4,1,72,animacy
5,2,72,animacy
0,91,73,background
1,10,73,background
2,6,73,background
3,6,73,background
4,5,73,background
5,6,73,background
0,38,73,identity
1,9,73,identity
2,8,73,identity
3,9,73,identity
4,10,73,identity
5,8,73,identity
0,39,73,number
1,20,73,number
2,20,73,number
3,19,73,number
4,15,73,number
5,5,73,number
0,30,73,pose
1,30,73,pose
2,31,73,pose
3,10,73,pose
4,8,73,pose
5,80,73,pose
0,47,73,animacy
1,9,73,animacy
2,23,73,animacy
3,10,73,animacy
4,13,73,animacy
5,62,73,animacy
0,58,74,background
1,8,74,background
2,3,74,background
3,3,74,background
4,1,74,background
5,1,74,background
0,100,74,identity
1,18,74,identity
2,2,74,identity
3,2,74,identity
4,2,74,identity
5,1,74,identity
0,34,74,number
1,3,74,number
2,2,74,number
3,2,74,number
4,1,74,number
5,3,74,number
0,89,74,pose
1,2,74,pose
2,4,74,pose
3,2,74,pose
4,2,74,pose
5,4,74,pose
0,19,74,animacy
1,2,74,animacy
2,2,74,animacy
3,1,74,animacy
4,1,74,animacy
5,54,74,animacy
0,11,75,background
1,6,75,background
2,86,75,background
3,3,75,background
4,4,75,background
5,2,75,background
0,1,75,identity
1,1,75,identity
2,11,75,identity
3,1,75,identity
4,2,75,identity
5,1,75,identity
0,2,75,number
1,13,75,number
2,6,75,number
3,2,75,number
4,2,75,number
5,7,75,number
0,12,75,pose
1,3,75,pose
2,20,75,pose
3,20,75,pose
4,6,75,pose
5,1,75,pose
0,15,75,animacy
1,38,75,animacy
2,46,75,animacy
3,50,75,animacy
4,9,75,animacy
5,1,75,animacy
0,37,76,background
1,6,76,background
2,3,76,background
3,3,76,background
4,2,76,background
5,4,76,background
0,12,76,identity
1,3,76,identity
2,2,76,identity
3,2,76,identity
4,1,76,identity
5,64,76,identity
0,43,76,number
1,24,76,number
2,3,76,number
3,1,76,number
4,3,76,number
5,5,76,number
0,29,76,pose
1,9,76,pose
2,12,76,pose
3,13,76,pose
4,12,76,pose
5,6,76,pose
0,23,76,animacy
1,23,76,animacy
2,16,76,animacy
3,40,76,animacy
4,40,76,animacy
5,18,76,animacy
0,4,77,background
1,1,77,background
2,1,77,background
3,1,77,background
4,1,77,background
5,1,77,background
0,33,77,identity
1,4,77,identity
2,3,77,identity
3,3,77,identity
4,3,77,identity
5,2,77,identity
0,15,77,number
1,6,77,number
2,6,77,number
3,8,77,number
4,9,77,number
5,3,77,number
0,31,77,pose
1,7,77,pose
2,4,77,pose
3,13,77,pose
4,9,77,pose
5,12,77,pose
0,11,77,animacy
1,25,77,animacy
2,6,77,animacy
3,17,77,animacy
4,5,77,animacy
5,9,77,animacy
0,75,78,background
1,18,78,background
2,6,78,background
3,1,78,background
4,3,78,background
5,2,78,background
0,75,78,identity
1,108,78,identity
2,2,78,identity
3,1,78,identity
4,42,78,identity
5,17,78,identity
0,63,78,number
1,31,78,number
2,15,78,number
3,3,78,number
4,11,78,number
5,121,78,number
0,45,78,pose
1,52,78,pose
2,7,78,pose
3,2,78,pose
4,7,78,pose
5,44,78,pose
0,23,78,animacy
1,11,78,animacy
2,5,78,animacy
3,3,78,animacy
4,1,78,animacy
5,4,78,animacy
0,1,79,background
1,1,79,background
2,1,79,background
3,1,79,background
4,18,79,background
5,2,79,background
0,8,79,identity
1,1,79,identity
2,1,79,identity
3,53,79,identity
4,99,79,identity
5,24,79,identity
0,13,79,number
1,6,79,number
2,5,79,number
3,1,79,number
4,1,79,number
5,1,79,number
0,35,79,pose
1,8,79,pose
2,5,79,pose
3,3,79,pose
4,1,79,pose
5,2,79,pose
0,6,79,animacy
1,1,79,animacy
2,3,79,animacy
3,3,79,animacy
4,2,79,animacy
5,14,79,animacy
0,4,80,background
1,4,80,background
2,2,80,background
3,18,80,background
4,6,80,background
5,6,80,background
0,12,80,identity
1,5,80,identity
2,3,80,identity
3,5,80,identity
4,4,80,identity
5,35,80,identity
0,13,80,number
1,6,80,number
2,5,80,number
3,4,80,number
4,4,80,number
5,23,80,number
0,24,80,pose
1,3,80,pose
2,2,80,pose
3,53,80,pose
4,5,80,pose
5,2,80,pose
0,20,80,animacy
1,61,80,animacy
2,85,80,animacy
3,53,80,animacy
4,8,80,animacy
5,3,80,animacy
0,109,81,background
1,8,81,background
2,27,81,background
3,30,81,background
4,4,81,background
5,25,81,background
0,73,81,identity
1,42,81,identity
2,14,81,identity
3,108,81,identity
4,7,81,identity
5,55,81,identity
0,120,81,number
1,14,81,number
2,38,81,number
3,12,81,number
4,12,81,number
5,85,81,number
0,81,81,pose
1,26,81,pose
2,34,81,pose
3,6,81,pose
4,5,81,pose
5,5,81,pose
0,57,81,animacy
1,117,81,animacy
2,2,81,animacy
3,3,81,animacy
4,12,81,animacy
5,20,81,animacy
0,62,82,background
1,18,82,background
2,3,82,background
3,4,82,background
4,11,82,background
5,14,82,background
0,25,82,identity
1,27,82,identity
2,1,82,identity
3,1,82,identity
4,1,82,identity
5,2,82,identity
0,39,82,number
1,9,82,number
2,4,82,number
3,3,82,number
4,1,82,number
5,2,82,number
0,24,82,pose
1,14,82,pose
2,20,82,pose
3,6,82,pose
4,47,82,pose
5,39,82,pose
0,12,82,animacy
1,1,82,animacy
2,2,82,animacy
3,21,82,animacy
4,1,82,animacy
5,97,82,animacy
0,4,83,background
1,1,83,background
2,1,83,background
3,1,83,background
4,1,83,background
5,1,83,background
0,6,83,identity
1,1,83,identity
2,1,83,identity
3,1,83,identity
4,2,83,identity
5,4,83,identity
0,6,83,number
1,1,83,number
2,1,83,number
3,1,83,number
4,1,83,number
5,3,83,number
0,76,83,pose
1,4,83,pose
2,4,83,pose
3,3,83,pose
4,4,83,pose
5,3,83,pose
0,2,83,animacy
1,1,83,animacy
2,1,83,animacy
3,1,83,animacy
4,1,83,animacy
5,3,83,animacy
0,78,84,background
1,7,84,background
2,49,84,background
3,2,84,background
4,3,84,background
5,2,84,background
0,16,84,identity
1,1,84,identity
2,1,84,identity
3,1,84,identity
4,1,84,identity
5,3,84,identity
0,11,84,number
1,45,84,number
2,2,84,number
3,4,84,number
4,1,84,number
5,2,84,number
0,60,84,pose
1,26,84,pose
2,9,84,pose
3,2,84,pose
4,1,84,pose
5,4,84,pose
0,31,84,animacy
1,1,84,animacy
2,1,84,animacy
3,1,84,animacy
4,1,84,animacy
5,1,84,animacy
0,12,85,background
1,25,85,background
2,11,85,background
3,37,85,background
4,13,85,background
5,7,85,background
0,4,85,identity
1,16,85,identity
2,13,85,identity
3,6,85,identity
4,5,85,identity
5,1,85,identity
0,11,85,number
1,7,85,number
2,10,85,number
3,7,85,number
4,6,85,number
5,11,85,number
0,2,85,pose
1,25,85,pose
2,5,85,pose
3,19,85,pose
4,6,85,pose
5,27,85,pose
0,3,85,animacy
1,11,85,animacy
2,6,85,animacy
3,13,85,animacy
4,7,85,animacy
5,6,85,animacy
0,87,86,background
1,11,86,background
2,13,86,background
3,1,86,background
4,2,86,background
5,2,86,background
0,44,86,identity
1,88,86,identity
2,1,86,identity
3,5,86,identity
4,1,86,identity
5,25,86,identity
0,71,86,number
1,1,86,number
2,1,86,number
3,6,86,number
4,3,86,number
5,66,86,number
0,27,86,pose
1,3,86,pose
2,7,86,pose
3,11,86,pose
4,6,86,pose
5,5,86,pose
0,68,86,animacy
1,12,86,animacy
2,1,86,animacy
3,7,86,animacy
4,7,86,animacy
5,4,86,animacy
0,1,87,background
1,3,87,background
2,36,87,background
3,4,87,background
4,6,87,background
5,6,87,background
0,1,87,identity
1,2,87,identity
2,28,87,identity
3,83,87,identity
4,3,87,identity
5,74,87,identity
0,1,87,number
1,2,87,number
2,88,87,number
3,12,87,number
4,6,87,number
5,15,87,number
0,1,87,pose
1,1,87,pose
2,12,87,pose
3,4,87,pose
4,4,87,pose
5,3,87,pose
0,1,87,animacy
1,5,87,animacy
2,14,87,animacy
3,4,87,animacy
4,4,87,animacy
5,1,87,animacy
0,13,88,background
1,1,88,background
2,20,88,background
3,6,88,background
4,3,88,background
5,3,88,background
0,66,88,identity
1,12,88,identity
2,16,88,identity
3,12,88,identity
4,6,88,identity
5,7,88,identity
0,26,88,number
1,2,88,number
2,2,88,number
3,3,88,number
4,3,88,number
5,19,88,number
0,27,88,pose
1,6,88,pose
2,3,88,pose
3,2,88,pose
4,2,88,pose
5,2,88,pose
0,62,88,animacy
1,4,88,animacy
2,3,88,animacy
3,3,88,animacy
4,3,88,animacy
5,5,88,animacy
0,4,89,background
1,14,89,background
2,8,89,background
3,5,89,background
4,4,89,background
5,2,89,background
0,9,89,identity
1,31,89,identity
2,8,89,identity
3,2,89,identity
4,1,89,identity
5,46,89,identity
0,12,89,number
1,5,89,number
2,5,89,number
3,5,89,number
4,4,89,number
5,1,89,number
0,38,89,pose
1,4,89,pose
2,4,89,pose
3,4,89,pose
4,1,89,pose
5,3,89,pose
0,6,89,animacy
1,3,89,animacy
2,3,89,animacy
3,23,89,animacy
4,2,89,animacy
5,10,89,animacy
0,46,90,background
1,5,90,background
2,2,90,background
3,1,90,background
4,1,90,background
5,2,90,background
0,29,90,identity
1,37,90,identity
2,9,90,identity
3,1,90,identity
4,24,90,identity
5,65,90,identity
0,42,90,number
1,41,90,number
2,9,90,number
3,1,90,number
4,1,90,number
5,1,90,number
0,37,90,pose
1,24,90,pose
2,22,90,pose
3,6,90,pose
4,55,90,pose
5,56,90,pose
0,23,90,animacy
1,2,90,animacy
2,1,90,animacy
3,2,90,animacy
4,1,90,animacy
5,1,90,animacy
0,30,91,background
1,2,91,background
2,8,91,background
3,55,91,background
4,16,91,background
5,8,91,background
0,41,91,identity
1,5,91,identity
2,6,91,identity
3,3,91,identity
4,2,91,identity
5,5,91,identity
0,20,91,number
1,8,91,number
2,12,91,number
3,34,91,number
4,12,91,number
5,12,91,number
0,18,91,pose
1,42,91,pose
2,9,91,pose
3,4,91,pose
4,2,91,pose
5,7,91,pose
0,10,91,animacy
1,8,91,animacy
2,20,91,animacy
3,4,91,animacy
4,4,91,animacy
5,17,91,animacy
0,6,92,background
1,3,92,background
2,1,92,background
3,33,92,background
4,6,92,background
5,4,92,background
0,17,92,identity
1,19,92,identity
2,28,92,identity
3,52,92,identity
4,30,92,identity
5,1,92,identity
0,69,92,number
1,3,92,number
2,8,92,number
3,6,92,number
4,1,92,number
5,4,92,number
0,4,92,pose
1,122,92,pose
2,14,92,pose
3,8,92,pose
4,14,92,pose
5,5,92,pose
0,2,92,animacy
1,26,92,animacy
2,3,92,animacy
3,1,92,animacy
4,3,92,animacy
5,24,92,animacy
0,53,93,background
1,6,93,background
2,17,93,background
3,16,93,background
4,17,93,background
5,16,93,background
0,21,93,identity
1,6,93,identity
2,5,93,identity
3,4,93,identity
4,5,93,identity
5,25,93,identity
0,65,93,number
1,9,93,number
2,11,93,number
3,8,93,number
4,3,93,number
5,14,93,number
0,96,93,pose
1,7,93,pose
2,10,93,pose
3,5,93,pose
4,9,93,pose
5,4,93,pose
0,41,93,animacy
1,9,93,animacy
2,6,93,animacy
3,8,93,animacy
4,6,93,animacy
5,9,93,animacy
0,6,94,background
1,1,94,background
2,1,94,background
3,1,94,background
4,16,94,background
5,3,94,background
0,4,94,identity
1,6,94,identity
2,6,94,identity
3,29,94,identity
4,1,94,identity
5,4,94,identity
0,23,94,number
1,1,94,number
2,7,94,number
3,7,94,number
4,3,94,number
5,2,94,number
0,17,94,pose
1,3,94,pose
2,1,94,pose
3,14,94,pose
4,3,94,pose
5,1,94,pose
0,2,94,animacy
1,1,94,animacy
2,1,94,animacy
3,7,94,animacy
4,2,94,animacy
5,5,94,animacy
0,57,95,background
1,2,95,background
2,1,95,background
3,6,95,background
4,1,95,background
5,1,95,background
0,28,95,identity
1,1,95,identity
2,9,95,identity
3,1,95,identity
4,2,95,identity
5,2,95,identity
0,5,95,number
1,16,95,number
2,37,95,number
3,2,95,number
4,3,95,number
5,21,95,number
0,20,95,pose
1,14,95,pose
2,4,95,pose
3,4,95,pose
4,4,95,pose
5,30,95,pose
0,18,95,animacy
1,2,95,animacy
2,6,95,animacy
3,1,95,animacy
4,5,95,animacy
5,1,95,animacy
0,120,96,background
1,25,96,background
2,23,96,background
3,24,96,background
4,15,96,background
5,10,96,background
0,86,96,identity
1,1,96,identity
2,4,96,identity
3,1,96,identity
4,1,96,identity
5,7,96,identity
0,181,96,number
1,24,96,number
2,8,96,number
3,1,96,number
4,1,96,number
5,180,96,number
0,105,96,pose
1,49,96,pose
2,6,96,pose
3,4,96,pose
4,1,96,pose
5,17,96,pose
0,17,96,animacy
1,7,96,animacy
2,2,96,animacy
3,7,96,animacy
4,5,96,animacy
5,1,96,animacy
0,3,97,background
1,1,97,background
2,75,97,background
3,2,97,background
4,33,97,background
5,21,97,background
0,9,97,identity
1,3,97,identity
2,15,97,identity
3,19,97,identity
4,2,97,identity
5,4,97,identity
0,4,97,number
1,2,97,number
2,1,97,number
3,2,97,number
4,46,97,number
5,28,97,number
0,6,97,pose
1,9,97,pose
2,2,97,pose
3,26,97,pose
4,20,97,pose
5,17,97,pose
0,3,97,animacy
1,14,97,animacy
2,2,97,animacy
3,2,97,animacy
4,3,97,animacy
5,96,97,animacy
0,11,98,background
1,10,98,background
2,65,98,background
3,4,98,background
4,1,98,background
5,3,98,background
0,15,98,identity
1,23,98,identity
2,19,98,identity
3,48,98,identity
4,22,98,identity
5,22,98,identity
0,90,98,number
1,16,98,number
2,10,98,number
3,8,98,number
4,7,98,number
5,1,98,number
0,19,98,pose
1,6,98,pose
2,44,98,pose
3,169,98,pose
4,2,98,pose
5,68,98,pose
0,15,98,animacy
1,22,98,animacy
2,1,98,animacy
3,3,98,animacy
4,20,98,animacy
5,6,98,animacy
0,3,99,background
1,3,99,background
2,42,99,background
3,88,99,background
4,8,99,background
5,2,99,background
0,24,99,identity
1,4,99,identity
2,80,99,identity
3,2,99,identity
4,27,99,identity
5,15,99,identity
0,4,99,number
1,3,99,number
2,3,99,number
3,4,99,number
4,3,99,number
5,1,99,number
0,19,99,pose
1,6,99,pose
2,4,99,pose
3,1,99,pose
4,3,99,pose
5,30,99,pose
0,62,99,animacy
1,31,99,animacy
2,19,99,animacy
3,4,99,animacy
4,3,99,animacy
5,27,99,animacy
