V_prior,alpha_prior,beta_prior,eps_fixed,world_EIGs,rmse,r2
1.0,0.1,0.1,0.1,0.0001,3.9552592409468286,0.5900240834406737
1.0,0.1,0.1,0.1,0.00021544346900318845,3.963671153393232,0.5843821928086622
1.0,0.1,0.1,0.1,0.00046415888336127773,3.973769430221543,0.5775019494565508
1.0,0.1,0.1,0.1,0.001,3.985168255091829,0.5695420225297239
1.0,0.1,0.1,0.1,0.002154434690031882,3.996920434250891,0.5611189949934028
1.0,0.1,0.1,0.1,0.004641588833612777,4.009671565900398,0.5527494956948034
1.0,0.1,0.1,0.1,0.01,4.022886667754252,0.5457090291219556
1.0,0.1,0.1,0.1,0.021544346900318822,4.034118528941458,0.5408060367045716
1.0,0.1,0.1,0.1,0.046415888336127774,4.042028069453256,0.5376916220182494
1.0,0.1,0.1,0.1,0.1,4.046803253978915,0.5358577986669584
1.0,0.1,0.1,0.2,0.0001,4.2500979967456995,0.37865717148299977
1.0,0.1,0.1,0.2,0.00021544346900318845,4.341392323839859,0.30785185297076456
1.0,0.1,0.1,0.2,0.00046415888336127773,4.457433882497577,0.21407315180046585
1.0,0.1,0.1,0.2,0.001,4.580619056858121,0.10920111424897429
1.0,0.1,0.1,0.2,0.002154434690031882,4.668914376673307,0.02832031614049325
1.0,0.1,0.1,0.2,0.004641588833612777,4.693186778258692,0.00029172092574363353
1.0,0.1,0.1,0.2,0.01,4.679242304490879,0.006858371450652609
1.0,0.1,0.1,0.2,0.021544346900318822,4.663481354854298,0.01744736583970332
1.0,0.1,0.1,0.2,0.046415888336127774,4.655039962823861,0.023359941302309714
1.0,0.1,0.1,0.2,0.1,4.651294229950717,0.02600965442705525
1.0,0.1,0.1,0.3,0.0001,4.6924890450401495,0.00635598881334068
1.0,0.1,0.1,0.3,0.00021544346900318845,4.670759323632151,0.012648452562847128
1.0,0.1,0.1,0.3,0.00046415888336127773,4.578261676045963,0.07973898753013302
1.0,0.1,0.1,0.3,0.001,4.464673431417275,0.1656898631804717
1.0,0.1,0.1,0.3,0.002154434690031882,4.3696607577719035,0.23675865344247365
1.0,0.1,0.1,0.3,0.004641588833612777,4.308116750710901,0.28093417616106386
1.0,0.1,0.1,0.3,0.01,4.280353288199054,0.29902580539054013
1.0,0.1,0.1,0.3,0.021544346900318822,4.276038934484334,0.3001460002178372
1.0,0.1,0.1,0.3,0.046415888336127774,4.280685040582222,0.2954996720008607
1.0,0.1,0.1,0.3,0.1,4.285691197311451,0.2912011130391645
1.0,0.1,0.1,0.5,0.0001,4.3012916407472055,0.28651295593890536
1.0,0.1,0.1,0.5,0.00021544346900318845,4.233620080676319,0.33643368944323726
1.0,0.1,0.1,0.5,0.00046415888336127773,4.187063383206713,0.3695028723626693
1.0,0.1,0.1,0.5,0.001,4.1604233367614425,0.3866191318475118
1.0,0.1,0.1,0.5,0.002154434690031882,4.154500734824627,0.38757707921475165
1.0,0.1,0.1,0.5,0.004641588833612777,4.170705687086042,0.3723774770773906
1.0,0.1,0.1,0.5,0.01,4.204076417237769,0.34581724394684293
1.0,0.1,0.1,0.5,0.021544346900318822,4.2404625636934465,0.31838509023767647
1.0,0.1,0.1,0.5,0.046415888336127774,4.267931455163009,0.29815265424545906
1.0,0.1,0.1,0.5,0.1,4.284408595549364,0.2861405307921112
1.0,0.1,0.1,0.8,0.0001,4.120864533674178,0.4166510043418754
1.0,0.1,0.1,0.8,0.00021544346900318845,4.1124680977941,0.42044838550667313
1.0,0.1,0.1,0.8,0.00046415888336127773,4.1182924795997735,0.41306278046501127
1.0,0.1,0.1,0.8,0.001,4.141898980141584,0.3924908497605417
1.0,0.1,0.1,0.8,0.002154434690031882,4.184972067513248,0.35854263510150114
1.0,0.1,0.1,0.8,0.004641588833612777,4.241376892140174,0.3164175273578908
1.0,0.1,0.1,0.8,0.01,4.296429458098387,0.27648459293913336
1.0,0.1,0.1,0.8,0.021544346900318822,4.337461414336815,0.24713479905999408
1.0,0.1,0.1,0.8,0.046415888336127774,4.362334821298691,0.22945198406834935
1.0,0.1,0.1,0.8,0.1,4.375580594625687,0.22006042599718564
1.0,0.1,1.0,0.1,0.0001,3.792163524031988,0.6662483834152174
1.0,0.1,1.0,0.1,0.00021544346900318845,3.8058347670517194,0.6623475251413808
1.0,0.1,1.0,0.1,0.00046415888336127773,3.81821013050004,0.658415604705041
1.0,0.1,1.0,0.1,0.001,3.8263762463378734,0.655640951150676
1.0,0.1,1.0,0.1,0.002154434690031882,3.8308995495531413,0.6540472810824275
1.0,0.1,1.0,0.1,0.004641588833612777,3.833186824908345,0.6532266627409299
1.0,0.1,1.0,0.1,0.01,3.834292492250694,0.6528264974442886
1.0,0.1,1.0,0.1,0.021544346900318822,3.8348155668337975,0.6526364031501432
1.0,0.1,1.0,0.1,0.046415888336127774,3.83506052323746,0.6525472098910886
1.0,0.1,1.0,0.1,0.1,3.8351746928473016,0.6525056011984097
1.0,0.1,1.0,0.2,0.0001,3.7332173719875703,0.6974024098079475
1.0,0.1,1.0,0.2,0.00021544346900318845,3.7253597206670137,0.7015691318423857
1.0,0.1,1.0,0.2,0.00046415888336127773,3.7241427906133318,0.7031142976852661
1.0,0.1,1.0,0.2,0.001,3.7304535086427446,0.7018126729948241
1.0,0.1,1.0,0.2,0.002154434690031882,3.7385192226872057,0.6995691490709401
1.0,0.1,1.0,0.2,0.004641588833612777,3.744485997390629,0.6977694143903739
1.0,0.1,1.0,0.2,0.01,3.747953925809224,0.696684741628922
1.0,0.1,1.0,0.2,0.021544346900318822,3.749746012594464,0.6961144685487046
1.0,0.1,1.0,0.2,0.046415888336127774,3.750621004203243,0.6958337469383714
1.0,0.1,1.0,0.2,0.1,3.7510368683506257,0.6956998136912332
1.0,0.1,1.0,0.3,0.0001,3.6469158404772997,0.7482016137137072
1.0,0.1,1.0,0.3,0.00021544346900318845,3.618822032006169,0.763430994973331
1.0,0.1,1.0,0.3,0.00046415888336127773,3.588073688617012,0.7795269733069282
1.0,0.1,1.0,0.3,0.001,3.5644868295327123,0.7917350163301164
1.0,0.1,1.0,0.3,0.002154434690031882,3.5533431835600777,0.7980774880166633
1.0,0.1,1.0,0.3,0.004641588833612777,3.5499381545898125,0.8007037339679948
1.0,0.1,1.0,0.3,0.01,3.549292275028126,0.8017146192254533
1.0,0.1,1.0,0.3,0.021544346900318822,3.5492980909829446,0.8021120274865678
1.0,0.1,1.0,0.3,0.046415888336127774,3.5493813664543907,0.8022770836192497
1.0,0.1,1.0,0.3,0.1,3.5494391387740674,0.8023490355624086
1.0,0.1,1.0,0.5,0.0001,3.52253451861748,0.8083748766069062
1.0,0.1,1.0,0.5,0.00021544346900318845,4.07664137073167,0.4414883668843202
1.0,0.1,1.0,0.5,0.00046415888336127773,4.608808598878065,0.056761235744727224
1.0,0.1,1.0,0.5,0.001,4.689682866125178,0.0033771910090614784
1.0,0.1,1.0,0.5,0.002154434690031882,4.656295372038265,0.033307967546403326
1.0,0.1,1.0,0.5,0.004641588833612777,4.635793497193607,0.04964715382182382
1.0,0.1,1.0,0.5,0.01,4.629153551767585,0.054353860178759955
1.0,0.1,1.0,0.5,0.021544346900318822,4.627471403908828,0.05525532596973711
1.0,0.1,1.0,0.5,0.046415888336127774,4.627103392427054,0.05530301334134754
1.0,0.1,1.0,0.5,0.1,4.627034704002194,0.05523409763687072
1.0,0.1,1.0,0.8,0.0001,4.399012487102256,0.22764131109314972
1.0,0.1,1.0,0.8,0.00021544346900318845,4.332313774422625,0.27839024701745524
1.0,0.1,1.0,0.8,0.00046415888336127773,4.292412735472845,0.3073625527565079
1.0,0.1,1.0,0.8,0.001,4.276882351850237,0.31676813503974
1.0,0.1,1.0,0.8,0.002154434690031882,4.285729379300436,0.30716442939611793
1.0,0.1,1.0,0.8,0.004641588833612777,4.3119358418241225,0.28487109326721155
1.0,0.1,1.0,0.8,0.01,4.339938485514323,0.26218020722778596
1.0,0.1,1.0,0.8,0.021544346900318822,4.359852310532685,0.24635387184908125
1.0,0.1,1.0,0.8,0.046415888336127774,4.371263379658113,0.23736333686420819
1.0,0.1,1.0,0.8,0.1,4.377122082037792,0.23276573076255794
1.0,0.1,10.0,0.1,0.0001,4.683737042540095,0.013288338607766782
1.0,0.1,10.0,0.1,0.00021544346900318845,4.684668512336725,0.012639497623074196
1.0,0.1,10.0,0.1,0.00046415888336127773,4.685102269692172,0.012337476095256976
1.0,0.1,10.0,0.1,0.001,4.685303860907915,0.012197137836576341
1.0,0.1,10.0,0.1,0.002154434690031882,4.6853974823867,0.012131969153810339
1.0,0.1,10.0,0.1,0.004641588833612777,4.685440948166802,0.012101714534564238
1.0,0.1,10.0,0.1,0.01,4.6854611254178895,0.012087670327356944
1.0,0.1,10.0,0.1,0.021544346900318822,4.6854704913413885,0.012081151316251901
1.0,0.1,10.0,0.1,0.046415888336127774,4.68547483872133,0.012078125402475874
1.0,0.1,10.0,0.1,0.1,4.6854768566115235,0.012076720885614827
1.0,0.1,10.0,0.2,0.0001,4.66780216505111,0.023508834281748187
1.0,0.1,10.0,0.2,0.00021544346900318845,4.675098328721161,0.018463800752287485
1.0,0.1,10.0,0.2,0.00046415888336127773,4.678695953971649,0.015981924367850037
1.0,0.1,10.0,0.2,0.001,4.680400471590508,0.014807730441839261
1.0,0.1,10.0,0.2,0.002154434690031882,4.68119749272833,0.014259114251329717
1.0,0.1,10.0,0.2,0.004641588833612777,4.681568506036873,0.014003833527316734
1.0,0.1,10.0,0.2,0.01,4.681740924570612,0.013885221018722608
1.0,0.1,10.0,0.2,0.021544346900318822,4.6818209971140465,0.013830141334350463
1.0,0.1,10.0,0.2,0.046415888336127774,4.68185817252906,0.013804570463221045
1.0,0.1,10.0,0.2,0.1,4.681875429751919,0.013792700423702954
1.0,0.1,10.0,0.3,0.0001,4.635002656114926,0.04484044920767247
1.0,0.1,10.0,0.3,0.00021544346900318845,4.653596797249811,0.03207206973967189
1.0,0.1,10.0,0.3,0.00046415888336127773,4.665068515633612,0.024219180685267468
1.0,0.1,10.0,0.3,0.001,4.670994197470373,0.02017447512888078
1.0,0.1,10.0,0.3,0.002154434690031882,4.673851314383201,0.018228334740487396
1.0,0.1,10.0,0.3,0.004641588833612777,4.675196079862743,0.017313457523643674
1.0,0.1,10.0,0.3,0.01,4.67582369861109,0.016886744700651563
1.0,0.1,10.0,0.3,0.021544346900318822,4.67611568808832,0.016688285497157965
1.0,0.1,10.0,0.3,0.046415888336127774,4.676251356050475,0.016596088527287528
1.0,0.1,10.0,0.3,0.1,4.676314356660712,0.016553277692351338
1.0,0.1,10.0,0.5,0.0001,4.565715981382322,0.08935131401320902
1.0,0.1,10.0,0.5,0.00021544346900318845,4.585943635733738,0.07560623904612866
1.0,0.1,10.0,0.5,0.00046415888336127773,4.614175020195578,0.05646083837219006
1.0,0.1,10.0,0.5,0.001,4.636424601688419,0.04138933331814504
1.0,0.1,10.0,0.5,0.002154434690031882,4.6493719453889515,0.03264115967078202
1.0,0.1,10.0,0.5,0.004641588833612777,4.655934287490039,0.028219054709806523
1.0,0.1,10.0,0.5,0.01,4.659084655647927,0.026100186487988772
1.0,0.1,10.0,0.5,0.021544346900318822,4.6605667739364804,0.025104433962270835
1.0,0.1,10.0,0.5,0.046415888336127774,4.661258649580343,0.024639861939139397
1.0,0.1,10.0,0.5,0.1,4.661580600228294,0.024423741562197746
1.0,0.1,10.0,0.8,0.0001,4.4902811329270484,0.13862182045724503
1.0,0.1,10.0,0.8,0.00021544346900318845,4.498069778898797,0.13331151172984465
1.0,0.1,10.0,0.8,0.00046415888336127773,4.5246829074142205,0.11522566342938327
1.0,0.1,10.0,0.8,0.001,4.56375701458183,0.08866182369808621
1.0,0.1,10.0,0.8,0.002154434690031882,4.597405580118558,0.06579499069479686
1.0,0.1,10.0,0.8,0.004641588833612777,4.618273177688529,0.05164233082591362
1.0,0.1,10.0,0.8,0.01,4.6292160989254825,0.044239735699372014
1.0,0.1,10.0,0.8,0.021544346900318822,4.634553816316142,0.040636074661190916
1.0,0.1,10.0,0.8,0.046415888336127774,4.637083114098129,0.03893049387537398
1.0,0.1,10.0,0.8,0.1,4.638267677998872,0.03813220511687134
1.0,1.0,0.1,0.1,0.0001,4.233781081412628,0.4155012377359605
1.0,1.0,0.1,0.1,0.00021544346900318845,4.257196021192902,0.39828462199595377
1.0,1.0,0.1,0.1,0.00046415888336127773,4.284656245250197,0.37781570765141437
1.0,1.0,0.1,0.1,0.001,4.315685399241256,0.3543422069950165
1.0,1.0,0.1,0.1,0.002154434690031882,4.347177836794599,0.3301605720066212
1.0,1.0,0.1,0.1,0.004641588833612777,4.369345678470733,0.31286867902032095
1.0,1.0,0.1,0.1,0.01,4.372499135538086,0.3105141029794796
1.0,1.0,0.1,0.1,0.021544346900318822,4.361432452354733,0.319735477481226
1.0,1.0,0.1,0.1,0.046415888336127774,4.348042304771337,0.3309368809193601
1.0,1.0,0.1,0.1,0.1,4.338482733964538,0.3389776854869541
1.0,1.0,0.1,0.2,0.0001,4.625316271094453,0.09467355737451269
1.0,1.0,0.1,0.2,0.00021544346900318845,4.670665015169453,0.04981430476860963
1.0,1.0,0.1,0.2,0.00046415888336127773,4.700606185918984,0.015301298508765018
1.0,1.0,0.1,0.2,0.001,4.705767627667894,0.0002749308881091882
1.0,1.0,0.1,0.2,0.002154434690031882,4.685593560447269,0.007150367639497697
1.0,1.0,0.1,0.2,0.004641588833612777,4.652962476323365,0.026791998388330872
1.0,1.0,0.1,0.2,0.01,4.626902178615536,0.04410400476513494
1.0,1.0,0.1,0.2,0.021544346900318822,4.61601804506311,0.05156222022095005
1.0,1.0,0.1,0.2,0.046415888336127774,4.614909237212163,0.052375603928243405
1.0,1.0,0.1,0.2,0.1,4.616530312839528,0.05130806112897153
1.0,1.0,0.1,0.3,0.0001,4.666388104693871,0.01838792628070615
1.0,1.0,0.1,0.3,0.00021544346900318845,4.613693421543348,0.05289278795010389
1.0,1.0,0.1,0.3,0.00046415888336127773,4.550396626747666,0.09745733220193932
1.0,1.0,0.1,0.3,0.001,4.489064148766456,0.1417742005488785
1.0,1.0,0.1,0.3,0.002154434690031882,4.441161044911027,0.17640061382067806
1.0,1.0,0.1,0.3,0.004641588833612777,4.415164249769906,0.19468356983992705
1.0,1.0,0.1,0.3,0.01,4.414189077360613,0.1946589904521445
1.0,1.0,0.1,0.3,0.021544346900318822,4.430752761669949,0.1822647901356511
1.0,1.0,0.1,0.3,0.046415888336127774,4.450563806888551,0.16787616277276685
1.0,1.0,0.1,0.3,0.1,4.465012451789362,0.15749417425536616
1.0,1.0,0.1,0.5,0.0001,4.363588357079263,0.23365013986088531
1.0,1.0,0.1,0.5,0.00021544346900318845,4.322455425265587,0.26356023744450086
1.0,1.0,0.1,0.5,0.00046415888336127773,4.295108408882021,0.28281905336519625
1.0,1.0,0.1,0.5,0.001,4.285048005220105,0.2888914424170189
1.0,1.0,0.1,0.5,0.002154434690031882,4.295582068014171,0.27979341205582253
1.0,1.0,0.1,0.5,0.004641588833612777,4.326297121137798,0.2565248895490482
1.0,1.0,0.1,0.5,0.01,4.368127520685947,0.22601245928529146
1.0,1.0,0.1,0.5,0.021544346900318822,4.406635794922101,0.19840937736162895
1.0,1.0,0.1,0.5,0.046415888336127774,4.433283003840066,0.1794625183942196
1.0,1.0,0.1,0.5,0.1,4.448565346572056,0.16863681840064382
1.0,1.0,0.1,0.8,0.0001,4.2095245844807625,0.3454925638543038
1.0,1.0,0.1,0.8,0.00021544346900318845,4.213584569504089,0.3408442935525113
1.0,1.0,0.1,0.8,0.00046415888336127773,4.234753811955435,0.32366454955868507
1.0,1.0,0.1,0.8,0.001,4.274204836771142,0.29373837449506773
1.0,1.0,0.1,0.8,0.002154434690031882,4.326898271800268,0.25517126266706297
1.0,1.0,0.1,0.8,0.004641588833612777,4.380697245270609,0.21658894702598872
1.0,1.0,0.1,0.8,0.01,4.42336653702705,0.1863074228932454
1.0,1.0,0.1,0.8,0.021544346900318822,4.4507114966733194,0.1669972993939128
1.0,1.0,0.1,0.8,0.046415888336127774,4.465818116970354,0.1563541673930352
1.0,1.0,0.1,0.8,0.1,4.473469879684064,0.15096912775997942
1.0,1.0,1.0,0.1,0.0001,3.671014600067321,0.7779093122042032
1.0,1.0,1.0,0.1,0.00021544346900318845,3.681919691736223,0.7738478367566448
1.0,1.0,1.0,0.1,0.00046415888336127773,3.6941666448600454,0.7688626190925916
1.0,1.0,1.0,0.1,0.001,3.7029879783323665,0.765129795181792
1.0,1.0,1.0,0.1,0.002154434690031882,3.708073967826518,0.7629343821723114
1.0,1.0,1.0,0.1,0.004641588833612777,3.710694601429746,0.7617918507586445
1.0,1.0,1.0,0.1,0.01,3.711972640126776,0.7612319693704216
1.0,1.0,1.0,0.1,0.021544346900318822,3.7125797577385713,0.7609653969320381
1.0,1.0,1.0,0.1,0.046415888336127774,3.7128646176917774,0.7608401872031679
1.0,1.0,1.0,0.1,0.1,3.712997504093015,0.7607817480753443
1.0,1.0,1.0,0.2,0.0001,3.6087648457400956,0.8284930992375239
1.0,1.0,1.0,0.2,0.00021544346900318845,3.605280004325796,0.8327326566917285
1.0,1.0,1.0,0.2,0.00046415888336127773,3.6055906676651994,0.8344297086463788
1.0,1.0,1.0,0.2,0.001,3.6090706839556246,0.834271069296855
1.0,1.0,1.0,0.2,0.002154434690031882,3.6129012255088755,0.8337243217380693
1.0,1.0,1.0,0.2,0.004641588833612777,3.6156207215566303,0.8333064195686973
1.0,1.0,1.0,0.2,0.01,3.6171877805651356,0.8330598975401944
1.0,1.0,1.0,0.2,0.021544346900318822,3.6179972047746034,0.8329307503038861
1.0,1.0,1.0,0.2,0.046415888336127774,3.6183927006274423,0.832867145762488
1.0,1.0,1.0,0.2,0.1,3.618580778309469,0.832836776401396
1.0,1.0,1.0,0.3,0.0001,3.811901765251932,0.7248315329821876
1.0,1.0,1.0,0.3,0.00021544346900318845,4.010359696211076,0.5912772935647331
1.0,1.0,1.0,0.3,0.00046415888336127773,4.260035962942267,0.4043755852109125
1.0,1.0,1.0,0.3,0.001,4.452613315500699,0.24470217243550368
1.0,1.0,1.0,0.3,0.002154434690031882,4.545231371318728,0.16140008762599092
1.0,1.0,1.0,0.3,0.004641588833612777,4.58156887695655,0.12678589493828482
1.0,1.0,1.0,0.3,0.01,4.595909192950773,0.11259221549028031
1.0,1.0,1.0,0.3,0.021544346900318822,4.601915593790229,0.10650606110014911
1.0,1.0,1.0,0.3,0.046415888336127774,4.6045540447907936,0.10379776151714823
1.0,1.0,1.0,0.3,0.1,4.605745627002962,0.10256655166213333
1.0,1.0,1.0,0.5,0.0001,4.594798233839894,0.06611637648757447
1.0,1.0,1.0,0.5,0.00021544346900318845,4.51096379659311,0.12823328064211129
1.0,1.0,1.0,0.5,0.00046415888336127773,4.4445659259414105,0.17876571935146918
1.0,1.0,1.0,0.5,0.001,4.4038424132974106,0.20973224074582675
1.0,1.0,1.0,0.5,0.002154434690031882,4.393475181521949,0.21721035338179243
1.0,1.0,1.0,0.5,0.004641588833612777,4.406661871918998,0.20679329567434385
1.0,1.0,1.0,0.5,0.01,4.42609472916149,0.19188774949610032
1.0,1.0,1.0,0.5,0.021544346900318822,4.440810970196828,0.18071069139338777
1.0,1.0,1.0,0.5,0.046415888336127774,4.449392000502677,0.17422307149861146
1.0,1.0,1.0,0.5,0.1,4.453823376392062,0.17088005215396435
1.0,1.0,1.0,0.8,0.0001,4.265289786686816,0.31229902075196536
1.0,1.0,1.0,0.8,0.00021544346900318845,4.240719240556924,0.33095141115751137
1.0,1.0,1.0,0.8,0.00046415888336127773,4.228894774140966,0.33931089266481895
1.0,1.0,1.0,0.8,0.001,4.23297443294386,0.3349748236065913
1.0,1.0,1.0,0.8,0.002154434690031882,4.256581679538165,0.3156931799864587
1.0,1.0,1.0,0.8,0.004641588833612777,4.295640121483675,0.2853961485053491
1.0,1.0,1.0,0.8,0.01,4.335018716288002,0.25563850440991653
1.0,1.0,1.0,0.8,0.021544346900318822,4.363194121758318,0.23462224418160474
1.0,1.0,1.0,0.8,0.046415888336127774,4.379513890225118,0.22252417250208953
1.0,1.0,1.0,0.8,0.1,4.3879493481929766,0.21628887280483092
1.0,1.0,10.0,0.1,0.0001,4.700299187824996,0.005843950356772783
1.0,1.0,10.0,0.1,0.00021544346900318845,4.700783754332157,0.0054570196625580115
1.0,1.0,10.0,0.1,0.00046415888336127773,4.701007962586513,0.005277710151069948
1.0,1.0,10.0,0.1,0.001,4.701111828915483,0.005194578779703219
1.0,1.0,10.0,0.1,0.002154434690031882,4.701159990703177,0.005156017098646231
1.0,1.0,10.0,0.1,0.004641588833612777,4.701182334404423,0.005138123999146641
1.0,1.0,10.0,0.1,0.01,4.701192703003821,0.005129820012356096
1.0,1.0,10.0,0.1,0.021544346900318822,4.701197515152019,0.005125965917188851
1.0,1.0,10.0,0.1,0.046415888336127774,4.701199748638745,0.005124177064160027
1.0,1.0,10.0,0.1,0.1,4.701200785311803,0.005123346763819246
1.0,1.0,10.0,0.2,0.0001,4.688680898677344,0.01303390178712016
1.0,1.0,10.0,0.2,0.00021544346900318845,4.693087813156787,0.00972977838219334
1.0,1.0,10.0,0.2,0.00046415888336127773,4.695243924025144,0.008112598336834434
1.0,1.0,10.0,0.2,0.001,4.696256295922393,0.00735262646017705
1.0,1.0,10.0,0.2,0.002154434690031882,4.696726896190398,0.006999141397325324
1.0,1.0,10.0,0.2,0.004641588833612777,4.696945265593666,0.006835061502393739
1.0,1.0,10.0,0.2,0.01,4.6970465866673665,0.006758917439221329
1.0,1.0,10.0,0.2,0.021544346900318822,4.697093605352096,0.006723579459189543
1.0,1.0,10.0,0.2,0.046415888336127774,4.69711542700758,0.006707178265661354
1.0,1.0,10.0,0.2,0.1,4.697125555162846,0.006699565791509035
1.0,1.0,10.0,0.3,0.0001,4.663082498911506,0.02920436915644781
1.0,1.0,10.0,0.3,0.00021544346900318845,4.675270299524207,0.02043461968656388
1.0,1.0,10.0,0.3,0.00046415888336127773,4.683060743258066,0.01486542345544948
1.0,1.0,10.0,0.3,0.001,4.687106388875482,0.01198148680671625
1.0,1.0,10.0,0.3,0.002154434690031882,4.689050898998653,0.010597303712327956
1.0,1.0,10.0,0.3,0.004641588833612777,4.689962969943455,0.009948515840770672
1.0,1.0,10.0,0.3,0.01,4.690387725350783,0.009646477674288393
1.0,1.0,10.0,0.3,0.021544346900318822,4.690585110591115,0.009506142859047877
1.0,1.0,10.0,0.3,0.046415888336127774,4.69067677084906,0.00944098033899445
1.0,1.0,10.0,0.3,0.1,4.690719324063468,0.009410729786931813
1.0,1.0,10.0,0.5,0.0001,4.601511369680327,0.06709058077217972
1.0,1.0,10.0,0.5,0.00021544346900318845,4.614071585938401,0.05832638426549509
1.0,1.0,10.0,0.5,0.00046415888336127773,4.635055246938175,0.043933874801614564
1.0,1.0,10.0,0.5,0.001,4.652756443426326,0.03184752991082355
1.0,1.0,10.0,0.5,0.002154434690031882,4.663326113258835,0.024656598350126676
1.0,1.0,10.0,0.5,0.004641588833612777,4.66872580946488,0.020994551940495803
1.0,1.0,10.0,0.5,0.01,4.671322652718256,0.019237176713272398
1.0,1.0,10.0,0.5,0.021544346900318822,4.672544616077172,0.01841124422923349
1.0,1.0,10.0,0.5,0.046415888336127774,4.673115008661249,0.018025954889328323
1.0,1.0,10.0,0.5,0.1,4.673380410723469,0.017846735767379836
1.0,1.0,10.0,0.8,0.0001,4.520610923716649,0.1183642557108006
1.0,1.0,10.0,0.8,0.00021544346900318845,4.524130245051275,0.11589175182706273
1.0,1.0,10.0,0.8,0.00046415888336127773,4.544253841515038,0.10222579477660386
1.0,1.0,10.0,0.8,0.001,4.577514532629802,0.07965921843625855
1.0,1.0,10.0,0.8,0.002154434690031882,4.607753387514828,0.05915230366971454
1.0,1.0,10.0,0.8,0.004641588833612777,4.626986650184934,0.046136556419281056
1.0,1.0,10.0,0.8,0.01,4.6371802709218635,0.03925712377780021
1.0,1.0,10.0,0.8,0.021544346900318822,4.642173114819196,0.035894816397706475
1.0,1.0,10.0,0.8,0.046415888336127774,4.644542814348703,0.03430107229808816
1.0,1.0,10.0,0.8,0.1,4.645653366150196,0.0335546807622297
1.0,10.0,0.1,0.1,0.0001,4.710088879856569,0.004001971665700272
1.0,10.0,0.1,0.1,0.00021544346900318845,4.710394496407606,0.0023554271533713644
1.0,10.0,0.1,0.1,0.00046415888336127773,4.710099869030316,0.000980646824038788
1.0,10.0,0.1,0.1,0.001,4.708920476421306,0.00013589087019434616
1.0,10.0,0.1,0.1,0.002154434690031882,4.706635585586237,9.640959233644013e-05
1.0,10.0,0.1,0.1,0.004641588833612777,4.703354979762449,0.000986395551005826
1.0,10.0,0.1,0.1,0.01,4.699827303731064,0.002498188921485492
1.0,10.0,0.1,0.1,0.021544346900318822,4.697181533451771,0.0038731778743617564
1.0,10.0,0.1,0.1,0.046415888336127774,4.69614987997204,0.004483332350808912
1.0,10.0,0.1,0.1,0.1,4.6965419736281095,0.004338558663909451
1.0,10.0,0.1,0.2,0.0001,4.657388860596834,0.024816945465726447
1.0,10.0,0.1,0.2,0.00021544346900318845,4.64391160750109,0.03347771283615435
1.0,10.0,0.1,0.2,0.00046415888336127773,4.62856002098459,0.04362299911495945
1.0,10.0,0.1,0.2,0.001,4.6125131029933755,0.054448215180464575
1.0,10.0,0.1,0.2,0.002154434690031882,4.5978708567973685,0.0644679087926486
1.0,10.0,0.1,0.2,0.004641588833612777,4.587475332190804,0.07166370019577085
1.0,10.0,0.1,0.2,0.01,4.583994970867794,0.07415627823117632
1.0,10.0,0.1,0.2,0.021544346900318822,4.588222605975733,0.07139373695105206
1.0,10.0,0.1,0.2,0.046415888336127774,4.597768187652417,0.0650235008956233
1.0,10.0,0.1,0.2,0.1,4.608192697029242,0.05806854099952232
1.0,10.0,0.1,0.3,0.0001,4.5510149843786625,0.09666787373253857
1.0,10.0,0.1,0.3,0.00021544346900318845,4.534190788226336,0.10845394732987995
1.0,10.0,0.1,0.3,0.00046415888336127773,4.520051328718958,0.11829496448047469
1.0,10.0,0.1,0.3,0.001,4.510937479116684,0.1245507921723543
1.0,10.0,0.1,0.3,0.002154434690031882,4.509024231330276,0.12576388403495561
1.0,10.0,0.1,0.3,0.004641588833612777,4.515087291170978,0.12148080593338441
1.0,10.0,0.1,0.3,0.01,4.527257302627372,0.11304887603387308
1.0,10.0,0.1,0.3,0.021544346900318822,4.541339184489846,0.10336477817273991
1.0,10.0,0.1,0.3,0.046415888336127774,4.553236034653503,0.09521900718011893
1.0,10.0,0.1,0.3,0.1,4.561213721271633,0.08977157263083815
1.0,10.0,0.1,0.5,0.0001,4.391836325636322,0.2110692695912597
1.0,10.0,0.1,0.5,0.00021544346900318845,4.3889448562011,0.21222630226577632
1.0,10.0,0.1,0.5,0.00046415888336127773,4.392618044428424,0.2087969191349057
1.0,10.0,0.1,0.5,0.001,4.401880633390904,0.20163351091489695
1.0,10.0,0.1,0.5,0.002154434690031882,4.413765769867339,0.19287421679699104
1.0,10.0,0.1,0.5,0.004641588833612777,4.424731852240619,0.18495736435765509
1.0,10.0,0.1,0.5,0.01,4.432668753505863,0.1792842562816386
1.0,10.0,0.1,0.5,0.021544346900318822,4.437463379813579,0.17587402049588646
1.0,10.0,0.1,0.5,0.046415888336127774,4.440031080445708,0.17405210571872526
1.0,10.0,0.1,0.5,0.1,4.441312564345108,0.17314387703163261
1.0,10.0,0.1,0.8,0.0001,4.2800960446272445,0.2930284163834126
1.0,10.0,0.1,0.8,0.00021544346900318845,4.285548106211933,0.2881960538683527
1.0,10.0,0.1,0.8,0.00046415888336127773,4.290753439813676,0.28387890278233235
1.0,10.0,0.1,0.8,0.001,4.294553499059736,0.2808258840510966
1.0,10.0,0.1,0.8,0.002154434690031882,4.2968506355170515,0.27900945054857884
1.0,10.0,0.1,0.8,0.004641588833612777,4.2980796414002675,0.2780452461304226
1.0,10.0,0.1,0.8,0.01,4.2986924983262815,0.27756626196202694
1.0,10.0,0.1,0.8,0.021544346900318822,4.298987022916843,0.2773364891540967
1.0,10.0,0.1,0.8,0.046415888336127774,4.29912600112335,0.27722815754897334
1.0,10.0,0.1,0.8,0.1,4.2991910096306025,0.27717750437980027
1.0,10.0,1.0,0.1,0.0001,4.611327203181007,0.057263451687660165
1.0,10.0,1.0,0.1,0.00021544346900318845,4.607717010715931,0.059545717984640284
1.0,10.0,1.0,0.1,0.00046415888336127773,4.607803120576002,0.059475377352257434
1.0,10.0,1.0,0.1,0.001,4.617199493829193,0.0533129007845016
1.0,10.0,1.0,0.1,0.002154434690031882,4.63284112304599,0.04304316568042662
1.0,10.0,1.0,0.1,0.004641588833612777,4.6465818920391335,0.03404589635751009
1.0,10.0,1.0,0.1,0.01,4.655204949955639,0.028422877083615957
1.0,10.0,1.0,0.1,0.021544346900318822,4.6597844648725015,0.0254471018694606
1.0,10.0,1.0,0.1,0.046415888336127774,4.662040047796646,0.02398472069589962
1.0,10.0,1.0,0.1,0.1,4.663115096695378,0.02328858294302388
1.0,10.0,1.0,0.2,0.0001,4.54821911327831,0.09871963644744036
1.0,10.0,1.0,0.2,0.00021544346900318845,4.539672826469363,0.10453286058242278
1.0,10.0,1.0,0.2,0.00046415888336127773,4.532151692692003,0.10968276746924058
1.0,10.0,1.0,0.2,0.001,4.528116903327175,0.11245833092761641
1.0,10.0,1.0,0.2,0.002154434690031882,4.533422728522976,0.1088073668045637
1.0,10.0,1.0,0.2,0.004641588833612777,4.552674222103355,0.09560303414878218
1.0,10.0,1.0,0.2,0.01,4.578617871014324,0.07789190398233385
1.0,10.0,1.0,0.2,0.021544346900318822,4.5997856095526135,0.0635111843860041
1.0,10.0,1.0,0.2,0.046415888336127774,4.612702762556191,0.054772816968618375
1.0,10.0,1.0,0.2,0.1,4.619499373821267,0.050188750295247594
1.0,10.0,1.0,0.3,0.0001,4.484059353357462,0.14318175566203525
1.0,10.0,1.0,0.3,0.00021544346900318845,4.4742498250953355,0.1501222040830244
1.0,10.0,1.0,0.3,0.00046415888336127773,4.466854017133455,0.15536738122277272
1.0,10.0,1.0,0.3,0.001,4.4646990435104374,0.1568815566250842
1.0,10.0,1.0,0.3,0.002154434690031882,4.47246234009611,0.1513588680905608
1.0,10.0,1.0,0.3,0.004641588833612777,4.494780881943313,0.13566968117948994
1.0,10.0,1.0,0.3,0.01,4.527842087939463,0.11265003310101512
1.0,10.0,1.0,0.3,0.021544346900318822,4.558803422553727,0.09124055204721311
1.0,10.0,1.0,0.3,0.046415888336127774,4.579695905018237,0.07686553131471792
1.0,10.0,1.0,0.3,0.1,4.591317434334153,0.06889700727339942
1.0,10.0,1.0,0.5,0.0001,4.381214659453818,0.21689254293477275
1.0,10.0,1.0,0.5,0.00021544346900318845,4.377809151830988,0.2192662078358704
1.0,10.0,1.0,0.5,0.00046415888336127773,4.381155504173353,0.2166817352495585
1.0,10.0,1.0,0.5,0.001,4.394923719719786,0.20657388460069487
1.0,10.0,1.0,0.5,0.002154434690031882,4.422132098966329,0.18699516542601313
1.0,10.0,1.0,0.5,0.004641588833612777,4.460854654369823,0.15955061949883867
1.0,10.0,1.0,0.5,0.01,4.501422893795605,0.13109555229818773
1.0,10.0,1.0,0.5,0.021544346900318822,4.53314043475057,0.10899166425225329
1.0,10.0,1.0,0.5,0.046415888336127774,4.552854794205743,0.09530753128427903
1.0,10.0,1.0,0.5,0.1,4.563465537113448,0.08796013960006742
1.0,10.0,1.0,0.8,0.0001,4.291546192190786,0.28192346363858795
1.0,10.0,1.0,0.8,0.00021544346900318845,4.3070812338887645,0.2700346090567554
1.0,10.0,1.0,0.8,0.00046415888336127773,4.334485622867842,0.24973367139963995
1.0,10.0,1.0,0.8,0.001,4.373150000618962,0.22174258377593048
1.0,10.0,1.0,0.8,0.002154434690031882,4.416861114442813,0.1905969691223289
1.0,10.0,1.0,0.8,0.004641588833612777,4.4559530611073885,0.16301395277940495
1.0,10.0,1.0,0.8,0.01,4.483916482298645,0.14339059421478748
1.0,10.0,1.0,0.8,0.021544346900318822,4.500643075990732,0.1316867234296124
1.0,10.0,1.0,0.8,0.046415888336127774,4.5095281029917,0.12547905058168177
1.0,10.0,1.0,0.8,0.1,4.5139390704707925,0.12239956693645665
1.0,10.0,10.0,0.1,0.0001,4.607534550409831,0.058268369932699515
1.0,10.0,10.0,0.1,0.00021544346900318845,4.616928512747917,0.05188236908123777
1.0,10.0,10.0,0.1,0.00046415888336127773,4.621521928247178,0.04876491245936361
1.0,10.0,10.0,0.1,0.001,4.62370327813165,0.04728583984430077
1.0,10.0,10.0,0.1,0.002154434690031882,4.624726215328761,0.04659255847059977
1.0,10.0,10.0,0.1,0.004641588833612777,4.625203249437897,0.04626932872242007
1.0,10.0,10.0,0.1,0.01,4.625425146863865,0.04611899118913236
1.0,10.0,10.0,0.1,0.021544346900318822,4.625528245219458,0.04604914463318233
1.0,10.0,10.0,0.1,0.046415888336127774,4.625576121338161,0.046016710524131886
1.0,10.0,10.0,0.1,0.1,4.625598348218972,0.04600165288551665
1.0,10.0,10.0,0.2,0.0001,4.529735154304189,0.11138051689143252
1.0,10.0,10.0,0.2,0.00021544346900318845,4.56532145782968,0.08695237410166595
1.0,10.0,10.0,0.2,0.00046415888336127773,4.591292748862337,0.06917079467268065
1.0,10.0,10.0,0.2,0.001,4.6060491483655674,0.05909551085891929
1.0,10.0,10.0,0.2,0.002154434690031882,4.613521825561978,0.054004293312269906
1.0,10.0,10.0,0.2,0.004641588833612777,4.617123934961666,0.05155335348228747
1.0,10.0,10.0,0.2,0.01,4.618824190763796,0.0503972770519039
1.0,10.0,10.0,0.2,0.021544346900318822,4.619619404713989,0.049856764524372287
1.0,10.0,10.0,0.2,0.046415888336127774,4.619989799780386,0.04960504616774755
1.0,10.0,10.0,0.2,0.1,4.620161998816016,0.04948802984150694
1.0,10.0,10.0,0.3,0.0001,4.476150900593562,0.14840552527814643
1.0,10.0,10.0,0.3,0.00021544346900318845,4.500755753126379,0.13135850958370407
1.0,10.0,10.0,0.3,0.00046415888336127773,4.539217492541517,0.10480023830618035
1.0,10.0,10.0,0.3,0.001,4.572108377848416,0.08215599211406362
1.0,10.0,10.0,0.3,0.002154434690031882,4.592386835470932,0.0682363704762228
1.0,10.0,10.0,0.3,0.004641588833612777,4.603045213043525,0.06093832701859667
1.0,10.0,10.0,0.3,0.01,4.60826632868709,0.0573690987861424
1.0,10.0,10.0,0.3,0.021544346900318822,4.610748110263156,0.05567404255239558
1.0,10.0,10.0,0.3,0.046415888336127774,4.6119124737675,0.05487914447674771
1.0,10.0,10.0,0.3,0.1,4.612455580196027,0.05450845337141895
1.0,10.0,10.0,0.5,0.0001,4.427965226405181,0.18253547579711235
1.0,10.0,10.0,0.5,0.00021544346900318845,4.431248268583161,0.18025647839901635
1.0,10.0,10.0,0.5,0.00046415888336127773,4.451223595467043,0.16618416723802387
1.0,10.0,10.0,0.5,0.001,4.491586894797592,0.137928904373616
1.0,10.0,10.0,0.5,0.002154434690031882,4.534226348417723,0.10823623430519948
1.0,10.0,10.0,0.5,0.004641588833612777,4.564163917403077,0.08746878668782979
1.0,10.0,10.0,0.5,0.01,4.580966173297367,0.07584813324027224
1.0,10.0,10.0,0.5,0.021544346900318822,4.589445589022344,0.06999567049597755
1.0,10.0,10.0,0.5,0.046415888336127774,4.593529517445319,0.06718030431107497
1.0,10.0,10.0,0.5,0.1,4.595456840719993,0.06585247279376456
1.0,10.0,10.0,0.8,0.0001,4.365525871127201,0.22770774823616396
1.0,10.0,10.0,0.8,0.00021544346900318845,4.369885678535546,0.22466261229326984
1.0,10.0,10.0,0.8,0.00046415888336127773,4.385395347421425,0.21352294760100665
1.0,10.0,10.0,0.8,0.001,4.4199762532492,0.18879422055018136
1.0,10.0,10.0,0.8,0.002154434690031882,4.46960510277189,0.1536658875017008
1.0,10.0,10.0,0.8,0.004641588833612777,4.515573126298198,0.12136685508740534
1.0,10.0,10.0,0.8,0.01,4.546272876378056,0.09989483312111773
1.0,10.0,10.0,0.8,0.021544346900318822,4.5631990809180465,0.08809210735216795
1.0,10.0,10.0,0.8,0.046415888336127774,4.571690834334101,0.08218183272512997
1.0,10.0,10.0,0.8,0.1,4.575772752954562,0.07934374010057377
2.0,0.1,0.1,0.1,0.0001,3.9419946072000744,0.5905445937920847
2.0,0.1,0.1,0.1,0.00021544346900318845,3.947584062332961,0.5863475729021628
2.0,0.1,0.1,0.1,0.00046415888336127773,3.954269572620417,0.5812403051743805
2.0,0.1,0.1,0.1,0.001,3.9617097533999974,0.5753206903984891
2.0,0.1,0.1,0.1,0.002154434690031882,3.968712237730151,0.5698202195729075
2.0,0.1,0.1,0.1,0.004641588833612777,3.975854829012474,0.5660341756644638
2.0,0.1,0.1,0.1,0.01,3.984584848530601,0.5633357986936808
2.0,0.1,0.1,0.1,0.021544346900318822,3.9937191006366155,0.5608118932920985
2.0,0.1,0.1,0.1,0.046415888336127774,4.000990738008228,0.5586278960777807
2.0,0.1,0.1,0.1,0.1,4.005616447901688,0.5571239682257283
2.0,0.1,0.1,0.2,0.0001,4.1613294940688705,0.4283120258557751
2.0,0.1,0.1,0.2,0.00021544346900318845,4.241302788266076,0.36687412960333593
2.0,0.1,0.1,0.2,0.00046415888336127773,4.3570847367226495,0.2757540229348324
2.0,0.1,0.1,0.2,0.001,4.504348777039451,0.15613983850492325
2.0,0.1,0.1,0.2,0.002154434690031882,4.635846125233405,0.04558583594877147
2.0,0.1,0.1,0.2,0.004641588833612777,4.687086223553893,0.0008102415076034312
2.0,0.1,0.1,0.2,0.01,4.67544251041313,0.009566692107745313
2.0,0.1,0.1,0.2,0.021544346900318822,4.654915912422631,0.026179622207457825
2.0,0.1,0.1,0.2,0.046415888336127774,4.642557401835377,0.03616994034492377
2.0,0.1,0.1,0.2,0.1,4.636567485792995,0.040991180644804
2.0,0.1,0.1,0.3,0.0001,4.677595148710763,0.011737898821154053
2.0,0.1,0.1,0.3,0.00021544346900318845,4.6570155736174375,0.023031179619789753
2.0,0.1,0.1,0.3,0.00046415888336127773,4.511407903622578,0.13819587968989008
2.0,0.1,0.1,0.3,0.001,4.349876575322881,0.26313128842723205
2.0,0.1,0.1,0.3,0.002154434690031882,4.231123577350788,0.3507720365519473
2.0,0.1,0.1,0.3,0.004641588833612777,4.157104898699091,0.4018278307935091
2.0,0.1,0.1,0.3,0.01,4.116364003361412,0.42729703384610074
2.0,0.1,0.1,0.3,0.021544346900318822,4.096882082639292,0.4379533170629535
2.0,0.1,0.1,0.3,0.046415888336127774,4.088483384349712,0.44184536336033015
2.0,0.1,0.1,0.3,0.1,4.0849605951554375,0.4432130850781509
2.0,0.1,0.1,0.5,0.0001,4.176832219637135,0.3880060546146291
2.0,0.1,0.1,0.5,0.00021544346900318845,4.1124336489958395,0.43355636216142474
2.0,0.1,0.1,0.5,0.00046415888336127773,4.072068968222734,0.46007131752430475
2.0,0.1,0.1,0.5,0.001,4.049508937635998,0.4722572989824136
2.0,0.1,0.1,0.5,0.002154434690031882,4.043208224687363,0.4716217191304087
2.0,0.1,0.1,0.5,0.004641588833612777,4.053395023107224,0.45911221456892287
2.0,0.1,0.1,0.5,0.01,4.075180307169655,0.4396018103267396
2.0,0.1,0.1,0.5,0.021544346900318822,4.097823543704769,0.42115296221632204
2.0,0.1,0.1,0.5,0.046415888336127774,4.114100160934024,0.40841000042572884
2.0,0.1,0.1,0.5,0.1,4.1235533211216495,0.4011407013659804
2.0,0.1,0.1,0.8,0.0001,4.036820558418798,0.48266786441234655
2.0,0.1,0.1,0.8,0.00021544346900318845,4.031598327475791,0.48286701641477464
2.0,0.1,0.1,0.8,0.00046415888336127773,4.037406649647119,0.47417191144493764
2.0,0.1,0.1,0.8,0.001,4.057605895464431,0.45474912290475417
2.0,0.1,0.1,0.8,0.002154434690031882,4.093684549907548,0.4246684664598637
2.0,0.1,0.1,0.8,0.004641588833612777,4.139452386903639,0.38927820122229434
2.0,0.1,0.1,0.8,0.01,4.181910732426788,0.35774478829278034
2.0,0.1,0.1,0.8,0.021544346900318822,4.211975960014036,0.335854364732341
2.0,0.1,0.1,0.8,0.046415888336127774,4.229552679674801,0.32317384246166114
2.0,0.1,0.1,0.8,0.1,4.238721944355963,0.3165863683431154
2.0,0.1,1.0,0.1,0.0001,3.9436922711185165,0.5499855598765399
2.0,0.1,1.0,0.1,0.00021544346900318845,3.938296595101355,0.5589831025937192
2.0,0.1,1.0,0.1,0.00046415888336127773,3.9373598562084293,0.5640124202717567
2.0,0.1,1.0,0.1,0.001,3.9380682438618244,0.5662571113421635
2.0,0.1,1.0,0.1,0.002154434690031882,3.938818277632212,0.5672046105584444
2.0,0.1,1.0,0.1,0.004641588833612777,3.93928333444301,0.5676117994523562
2.0,0.1,1.0,0.1,0.01,3.939527582718074,0.5677922174210007
2.0,0.1,1.0,0.1,0.021544346900318822,3.9396474209683685,0.5678739361967863
2.0,0.1,1.0,0.1,0.046415888336127774,3.9397044753672494,0.5679114122190914
2.0,0.1,1.0,0.1,0.1,3.93973126961224,0.5679287072418184
2.0,0.1,1.0,0.2,0.0001,3.9600913196874097,0.5289621131498016
2.0,0.1,1.0,0.2,0.00021544346900318845,3.9597947707255057,0.5283381016566863
2.0,0.1,1.0,0.2,0.00046415888336127773,3.953265210783815,0.5338054983141923
2.0,0.1,1.0,0.2,0.001,3.9444699017889304,0.5426396546553477
2.0,0.1,1.0,0.2,0.002154434690031882,3.9385235122927784,0.5496262178579537
2.0,0.1,1.0,0.2,0.004641588833612777,3.935575176967613,0.5536648291083804
2.0,0.1,1.0,0.2,0.01,3.934254653733029,0.5557098567100752
2.0,0.1,1.0,0.2,0.021544346900318822,3.933668440124034,0.5566929092544782
2.0,0.1,1.0,0.2,0.046415888336127774,3.93340429418019,0.5571559731174667
2.0,0.1,1.0,0.2,0.1,3.9332836532655486,0.5573723013010906
2.0,0.1,1.0,0.3,0.0001,3.965317625413199,0.5185123709275501
2.0,0.1,1.0,0.3,0.00021544346900318845,3.970133273702036,0.5127732022393559
2.0,0.1,1.0,0.3,0.00046415888336127773,3.975787211399558,0.5063145599546778
2.0,0.1,1.0,0.3,0.001,3.976331054931545,0.5043879739734453
2.0,0.1,1.0,0.3,0.002154434690031882,3.970798269124634,0.5080884038248303
2.0,0.1,1.0,0.3,0.004641588833612777,3.9644941174530794,0.5129642041755837
2.0,0.1,1.0,0.3,0.01,3.9602196994885723,0.5164221333634672
2.0,0.1,1.0,0.3,0.021544346900318822,3.957869473910206,0.5183638845244852
2.0,0.1,1.0,0.3,0.046415888336127774,3.9566912300287136,0.5193474330882489
2.0,0.1,1.0,0.3,0.1,3.9561246446995275,0.5198227467568102
2.0,0.1,1.0,0.5,0.0001,4.034410778128283,0.4489844509719325
2.0,0.1,1.0,0.5,0.00021544346900318845,4.11601575504365,0.38782365525006685
2.0,0.1,1.0,0.5,0.00046415888336127773,4.2855024414661695,0.2757750239628294
2.0,0.1,1.0,0.5,0.001,4.546985752818533,0.12396469477658979
2.0,0.1,1.0,0.5,0.002154434690031882,4.748534952577236,0.027232851045042698
2.0,0.1,1.0,0.5,0.004641588833612777,4.827775647945538,0.002204228754594662
2.0,0.1,1.0,0.5,0.01,4.852265214975098,0.00010200952337947843
2.0,0.1,1.0,0.5,0.021544346900318822,4.860372520308819,0.001292332408735987
2.0,0.1,1.0,0.5,0.046415888336127774,4.863435035957041,0.0022719637695188624
2.0,0.1,1.0,0.5,0.1,4.864709792334684,0.0028118052874041496
2.0,0.1,1.0,0.8,0.0001,4.36861578009789,0.3746372691374569
2.0,0.1,1.0,0.8,0.00021544346900318845,4.192360011824825,0.4662478988376182
2.0,0.1,1.0,0.8,0.00046415888336127773,4.11602884447246,0.49942635863039464
2.0,0.1,1.0,0.8,0.001,4.079350150003439,0.5118697952200004
2.0,0.1,1.0,0.8,0.002154434690031882,4.062580503139766,0.514361186369318
2.0,0.1,1.0,0.8,0.004641588833612777,4.056876950088293,0.5120932713947323
2.0,0.1,1.0,0.8,0.01,4.0560268164728726,0.5088920912745573
2.0,0.1,1.0,0.8,0.021544346900318822,4.056456443143784,0.5065305927039113
2.0,0.1,1.0,0.8,0.046415888336127774,4.056919978713893,0.5051680042836875
2.0,0.1,1.0,0.8,0.1,4.0572045213717445,0.5044671765273201
2.0,0.1,10.0,0.1,0.0001,4.745490133994235,0.00011811540927986841
2.0,0.1,10.0,0.1,0.00021544346900318845,4.745272505451863,0.00012839923073043873
2.0,0.1,10.0,0.1,0.00046415888336127773,4.745170294395853,0.00013339304388370146
2.0,0.1,10.0,0.1,0.001,4.745122590917724,0.000135759786544686
2.0,0.1,10.0,0.1,0.002154434690031882,4.745100392276065,0.00013686898376546477
2.0,0.1,10.0,0.1,0.004641588833612777,4.745090076339789,0.0001373861361416571
2.0,0.1,10.0,0.1,0.01,4.74508528546434,0.00013762667578700935
2.0,0.1,10.0,0.1,0.021544346900318822,4.745083061169129,0.00013773843194293583
2.0,0.1,10.0,0.1,0.046415888336127774,4.745082028610452,0.00013779032776568758
2.0,0.1,10.0,0.1,0.1,4.745081549346379,0.0001378144210344335
2.0,0.1,10.0,0.2,0.0001,4.740684968269212,0.00031862333994100734
2.0,0.1,10.0,0.2,0.00021544346900318845,4.739639988994815,0.00020892386204082278
2.0,0.1,10.0,0.2,0.00046415888336127773,4.73911166097554,0.00016114483384089987
2.0,0.1,10.0,0.2,0.001,4.7388560250892375,0.00014003661833402836
2.0,0.1,10.0,0.2,0.002154434690031882,4.738735004293822,0.00013051681282753603
2.0,0.1,10.0,0.2,0.004641588833612777,4.738678308800637,0.00012616314376085505
2.0,0.1,10.0,0.2,0.01,4.738651879144838,0.00012415690180831975
2.0,0.1,10.0,0.2,0.021544346900318822,4.738639586901292,0.00012322887715312668
2.0,0.1,10.0,0.2,0.046415888336127774,4.738633876013602,0.00012279881916147474
2.0,0.1,10.0,0.2,0.1,4.738631224106723,0.00012259935375892177
2.0,0.1,10.0,0.3,0.0001,4.728714311730074,0.004158568717139986
2.0,0.1,10.0,0.3,0.00021544346900318845,4.727883100476108,0.003135595172551203
2.0,0.1,10.0,0.3,0.00046415888336127773,4.7274270088510075,0.0025555475187506948
2.0,0.1,10.0,0.3,0.001,4.727188545207676,0.0022654533888852744
2.0,0.1,10.0,0.3,0.002154434690031882,4.727070131819628,0.0021269371870802447
2.0,0.1,10.0,0.3,0.004641588833612777,4.727013250816272,0.002061907324010731
2.0,0.1,10.0,0.3,0.01,4.726986407073621,0.002031576156364501
2.0,0.1,10.0,0.3,0.021544346900318822,4.7269738490726985,0.0020174672793708097
2.0,0.1,10.0,0.3,0.046415888336127774,4.72696799868898,0.0020109121021752658
2.0,0.1,10.0,0.3,0.1,4.726965278522737,0.0020078680894891356
2.0,0.1,10.0,0.5,0.0001,4.671682745186994,0.031122716645766824
2.0,0.1,10.0,0.5,0.00021544346900318845,4.675188024548147,0.027374395724879194
2.0,0.1,10.0,0.5,0.00046415888336127773,4.680518414646494,0.022758942617805245
2.0,0.1,10.0,0.5,0.001,4.684480615356303,0.019476137999902363
2.0,0.1,10.0,0.5,0.002154434690031882,4.686732054341479,0.01763622100784701
2.0,0.1,10.0,0.5,0.004641588833612777,4.687873548253341,0.016707949766849514
2.0,0.1,10.0,0.5,0.01,4.688424630580757,0.01626067215694497
2.0,0.1,10.0,0.5,0.021544346900318822,4.688685020704655,0.01604950318171727
2.0,0.1,10.0,0.5,0.046415888336127774,4.688806875073619,0.01595071845784127
2.0,0.1,10.0,0.5,0.1,4.688863648589872,0.015904700919704102
2.0,0.1,10.0,0.8,0.0001,4.552305865680685,0.09946676685827027
2.0,0.1,10.0,0.8,0.00021544346900318845,4.553513117577134,0.09821639597979784
2.0,0.1,10.0,0.8,0.00046415888336127773,4.568328171829593,0.08800100441513145
2.0,0.1,10.0,0.8,0.001,4.587253215120204,0.0751050725621542
2.0,0.1,10.0,0.8,0.002154434690031882,4.6014425930109715,0.06545407046956257
2.0,0.1,10.0,0.8,0.004641588833612777,4.609683420037016,0.059852228662315946
2.0,0.1,10.0,0.8,0.01,4.613923602861936,0.056970813187420054
2.0,0.1,10.0,0.8,0.021544346900318822,4.615987016593795,0.055568879293600375
2.0,0.1,10.0,0.8,0.046415888336127774,4.616965857515822,0.05490389537496788
2.0,0.1,10.0,0.8,0.1,4.617424792349663,0.05459212906960073
2.0,1.0,0.1,0.1,0.0001,4.1729572491085385,0.45670086668075127
2.0,1.0,0.1,0.1,0.00021544346900318845,4.192065108034283,0.4429457099072282
2.0,1.0,0.1,0.1,0.00046415888336127773,4.214815733611694,0.4263629891870178
2.0,1.0,0.1,0.1,0.001,4.240833272000407,0.4071400900981272
2.0,1.0,0.1,0.1,0.002154434690031882,4.266960014235905,0.3875398345953398
2.0,1.0,0.1,0.1,0.004641588833612777,4.2851454275430605,0.3736947256349093
2.0,1.0,0.1,0.1,0.01,4.289374938692813,0.37063027275184035
2.0,1.0,0.1,0.1,0.021544346900318822,4.2840818256348605,0.3752309097622446
2.0,1.0,0.1,0.1,0.046415888336127774,4.277136704933804,0.38122447977327933
2.0,1.0,0.1,0.1,0.1,4.272189361068319,0.3855370168319222
2.0,1.0,0.1,0.2,0.0001,4.578913403036315,0.13211077548219516
2.0,1.0,0.1,0.2,0.00021544346900318845,4.642589991286545,0.07272321873736716
2.0,1.0,0.1,0.2,0.00046415888336127773,4.689943406857711,0.023237319069050782
2.0,1.0,0.1,0.2,0.001,4.702853721215204,0.00042908489179470946
2.0,1.0,0.1,0.2,0.002154434690031882,4.676553020986688,0.011126253959969704
2.0,1.0,0.1,0.2,0.004641588833612777,4.6301226144415555,0.04135180458752473
2.0,1.0,0.1,0.2,0.01,4.591174519840361,0.0685291980148166
2.0,1.0,0.1,0.2,0.021544346900318822,4.570363456134485,0.08323123311966152
2.0,1.0,0.1,0.2,0.046415888336127774,4.561995317015049,0.08912424064647079
2.0,1.0,0.1,0.2,0.1,4.559007468164793,0.09121325408631346
2.0,1.0,0.1,0.3,0.0001,4.651636573793468,0.026818921752253932
2.0,1.0,0.1,0.3,0.00021544346900318845,4.576470920176959,0.07917428482703803
2.0,1.0,0.1,0.3,0.00046415888336127773,4.488683254844319,0.1434947786790991
2.0,1.0,0.1,0.3,0.001,4.407682734397291,0.20342164414119684
2.0,1.0,0.1,0.3,0.002154434690031882,4.346062298677115,0.24834967479924572
2.0,1.0,0.1,0.3,0.004641588833612777,4.309618842462319,0.27375616363302596
2.0,1.0,0.1,0.3,0.01,4.297834528252187,0.2807298884252076
2.0,1.0,0.1,0.3,0.021544346900318822,4.301738595097389,0.2766646864983598
2.0,1.0,0.1,0.3,0.046415888336127774,4.309750405769178,0.2701716005904147
2.0,1.0,0.1,0.3,0.1,4.315956775713692,0.2653463712062743
2.0,1.0,0.1,0.5,0.0001,4.276366802071211,0.30128655725831527
2.0,1.0,0.1,0.5,0.00021544346900318845,4.230642700231603,0.3343707389684506
2.0,1.0,0.1,0.5,0.00046415888336127773,4.200714815787484,0.35489147954489464
2.0,1.0,0.1,0.5,0.001,4.188014716467383,0.3619291173246829
2.0,1.0,0.1,0.5,0.002154434690031882,4.194308045474074,0.3547850519682326
2.0,1.0,0.1,0.5,0.004641588833612777,4.21784887003466,0.33563931765068156
2.0,1.0,0.1,0.5,0.01,4.249085070992388,0.31190684656612333
2.0,1.0,0.1,0.5,0.021544346900318822,4.276043938220181,0.29199927790428937
2.0,1.0,0.1,0.5,0.046415888336127774,4.293665998620484,0.2791524869733235
2.0,1.0,0.1,0.5,0.1,4.303415707292477,0.2720860899266278
2.0,1.0,0.1,0.8,0.0001,4.136257634255744,0.4020062149055613
2.0,1.0,0.1,0.8,0.00021544346900318845,4.139410092507436,0.39710395601351134
2.0,1.0,0.1,0.8,0.00046415888336127773,4.1582105804032885,0.3806413505337956
2.0,1.0,0.1,0.8,0.001,4.193131950286922,0.3530480457520553
2.0,1.0,0.1,0.8,0.002154434690031882,4.238231618182697,0.3191784452301103
2.0,1.0,0.1,0.8,0.004641588833612777,4.281578078249464,0.2875148265104119
2.0,1.0,0.1,0.8,0.01,4.3136289951668765,0.264427712699162
2.0,1.0,0.1,0.8,0.021544346900318822,4.333025608551994,0.2505472302265384
2.0,1.0,0.1,0.8,0.046415888336127774,4.343361855502884,0.24317256155353156
2.0,1.0,0.1,0.8,0.1,4.348496860098651,0.23951384760464622
2.0,1.0,1.0,0.1,0.0001,3.9003853273574243,0.5879804220650444
2.0,1.0,1.0,0.1,0.00021544346900318845,3.9000321387039465,0.5918665909555091
2.0,1.0,1.0,0.1,0.00046415888336127773,3.9012692931957984,0.5945748936667579
2.0,1.0,1.0,0.1,0.001,3.9028117449558004,0.5959195496792873
2.0,1.0,1.0,0.1,0.002154434690031882,3.9039000303075615,0.5965135908563438
2.0,1.0,1.0,0.1,0.004641588833612777,3.9045118620951076,0.596773360787924
2.0,1.0,1.0,0.1,0.01,3.90482221227816,0.5968891965822702
2.0,1.0,1.0,0.1,0.021544346900318822,3.9049723238477494,0.5969417906601018
2.0,1.0,1.0,0.1,0.046415888336127774,3.905043345205746,0.5969659339049055
2.0,1.0,1.0,0.1,0.1,3.9050766044581406,0.5969770806246678
2.0,1.0,1.0,0.2,0.0001,3.8831194463795953,0.5932900180548977
2.0,1.0,1.0,0.2,0.00021544346900318845,3.8805913501758473,0.5936748930574571
2.0,1.0,1.0,0.2,0.00046415888336127773,3.87796825195491,0.5948536896286982
2.0,1.0,1.0,0.2,0.001,3.8753520043512304,0.5976656664110731
2.0,1.0,1.0,0.2,0.002154434690031882,3.873562765701659,0.6006005720030597
2.0,1.0,1.0,0.2,0.004641588833612777,3.8726789801874837,0.602582561498599
2.0,1.0,1.0,0.2,0.01,3.8722991296087885,0.6036715497180845
2.0,1.0,1.0,0.2,0.021544346900318822,3.8721382154479054,0.6042168228254309
2.0,1.0,1.0,0.2,0.046415888336127774,3.8720681083416997,0.6044787804016645
2.0,1.0,1.0,0.2,0.1,3.8720367047860815,0.604602304608769
2.0,1.0,1.0,0.3,0.0001,3.8420198152346847,0.6130888687266434
2.0,1.0,1.0,0.3,0.00021544346900318845,3.8287173784226214,0.6178769147168541
2.0,1.0,1.0,0.3,0.00046415888336127773,3.8138435556666668,0.6223394873242298
2.0,1.0,1.0,0.3,0.001,3.8019278537164594,0.6246109854964753
2.0,1.0,1.0,0.3,0.002154434690031882,3.795127109508932,0.625356228121896
2.0,1.0,1.0,0.3,0.004641588833612777,3.791534405777436,0.6259779627586142
2.0,1.0,1.0,0.3,0.01,3.789607720027985,0.6265508978051633
2.0,1.0,1.0,0.3,0.021544346900318822,3.7886132624880275,0.6269310569739533
2.0,1.0,1.0,0.3,0.046415888336127774,3.788123130715584,0.6271400840958234
2.0,1.0,1.0,0.3,0.1,3.787888623873042,0.6272450897581663
2.0,1.0,1.0,0.5,0.0001,4.730427464501233,0.001410295278416567
2.0,1.0,1.0,0.5,0.00021544346900318845,4.423024494060625,0.2556331243908592
2.0,1.0,1.0,0.5,0.00046415888336127773,4.243511664613655,0.37774808854487457
2.0,1.0,1.0,0.5,0.001,4.168297417371431,0.4243686785211164
2.0,1.0,1.0,0.5,0.002154434690031882,4.137247504260838,0.44110697147465505
2.0,1.0,1.0,0.5,0.004641588833612777,4.126669292472353,0.4448831018628029
2.0,1.0,1.0,0.5,0.01,4.124123738316007,0.4443830110844773
2.0,1.0,1.0,0.5,0.021544346900318822,4.12388994427099,0.4432832185674206
2.0,1.0,1.0,0.5,0.046415888336127774,4.1240674498283125,0.4425159382782507
2.0,1.0,1.0,0.5,0.1,4.124222963673693,0.4420947685408989
2.0,1.0,1.0,0.8,0.0001,4.080189871282615,0.46937128467461225
2.0,1.0,1.0,0.8,0.00021544346900318845,4.061334265984507,0.48067988275153084
2.0,1.0,1.0,0.8,0.00046415888336127773,4.051415734610318,0.48480638787233615
2.0,1.0,1.0,0.8,0.001,4.0503529249769485,0.4816083023877499
2.0,1.0,1.0,0.8,0.002154434690031882,4.0591784660496355,0.47076259800648484
2.0,1.0,1.0,0.8,0.004641588833612777,4.074873453749598,0.45559956088662157
2.0,1.0,1.0,0.8,0.01,4.090180296076576,0.4420452129271227
2.0,1.0,1.0,0.8,0.021544346900318822,4.100757900901843,0.4330373880011695
2.0,1.0,1.0,0.8,0.046415888336127774,4.10676086116373,0.4280171092556298
2.0,1.0,1.0,0.8,0.1,4.109832630631231,0.4254697635319351
2.0,1.0,10.0,0.1,0.0001,4.757883022728828,0.017867316224741976
2.0,1.0,10.0,0.1,0.00021544346900318845,4.757464613602097,0.017905602397204415
2.0,1.0,10.0,0.1,0.00046415888336127773,4.757267865540069,0.01792373143603707
2.0,1.0,10.0,0.1,0.001,4.757175989313134,0.017932224699602494
2.0,1.0,10.0,0.1,0.002154434690031882,4.757133224142805,0.017936183974178583
2.0,1.0,10.0,0.1,0.004641588833612777,4.757113348386979,0.017938025394005127
2.0,1.0,10.0,0.1,0.01,4.757104117289187,0.017938880901164925
2.0,1.0,10.0,0.1,0.021544346900318822,4.7570998313807245,0.017939278163937703
2.0,1.0,10.0,0.1,0.046415888336127774,4.75709784180019,0.017939462594260148
2.0,1.0,10.0,0.1,0.1,4.757096918168896,0.01793954820846832
2.0,1.0,10.0,0.2,0.0001,4.761940331803865,0.010006086186031634
2.0,1.0,10.0,0.2,0.00021544346900318845,4.7593859819494675,0.010263516928745095
2.0,1.0,10.0,0.2,0.00046415888336127773,4.758082154036291,0.010402866174889157
2.0,1.0,10.0,0.2,0.001,4.757449092745747,0.010472418724021281
2.0,1.0,10.0,0.2,0.002154434690031882,4.757148981073428,0.010505819239742902
2.0,1.0,10.0,0.2,0.004641588833612777,4.757008302960104,0.0105215702113002
2.0,1.0,10.0,0.2,0.01,4.756942706128083,0.010528935293555015
2.0,1.0,10.0,0.2,0.021544346900318822,4.756912193893401,0.010532365598202297
2.0,1.0,10.0,0.2,0.046415888336127774,4.756898017361104,0.010533960340660658
2.0,1.0,10.0,0.2,0.1,4.75689143417649,0.010534701101664922
2.0,1.0,10.0,0.3,0.0001,4.7627912615470045,0.002185169517051567
2.0,1.0,10.0,0.3,0.00021544346900318845,4.758050101895824,0.0025391409950264597
2.0,1.0,10.0,0.3,0.00046415888336127773,4.755186620690352,0.0028082153818260037
2.0,1.0,10.0,0.3,0.001,4.753671503868757,0.002967162224560594
2.0,1.0,10.0,0.3,0.002154434690031882,4.7529224330467095,0.0030499901303398004
2.0,1.0,10.0,0.3,0.004641588833612777,4.75256421056306,0.0030905956536719697
2.0,1.0,10.0,0.3,0.01,4.752395597550942,0.0031099316717135314
2.0,1.0,10.0,0.3,0.021544346900318822,4.752316822630518,0.0031190143540018997
2.0,1.0,10.0,0.3,0.046415888336127774,4.752280147562787,0.0031232536129513727
2.0,1.0,10.0,0.3,0.1,4.7522631005173555,0.0031252263802690854
2.0,1.0,10.0,0.5,0.0001,4.725484002537327,0.007424790467199146
2.0,1.0,10.0,0.5,0.00021544346900318845,4.722423921500492,0.00685760990295693
2.0,1.0,10.0,0.5,0.00046415888336127773,4.721386003728456,0.00551009410840966
2.0,1.0,10.0,0.5,0.001,4.721094113893189,0.004434804950921139
2.0,1.0,10.0,0.5,0.002154434690031882,4.720995667784166,0.00381641160052356
2.0,1.0,10.0,0.5,0.004641588833612777,4.720953451343856,0.0035034278091392664
2.0,1.0,10.0,0.5,0.01,4.720933711579017,0.00335279283757309
2.0,1.0,10.0,0.5,0.021544346900318822,4.720924397343243,0.003281761310931724
2.0,1.0,10.0,0.5,0.046415888336127774,4.7209200274957785,0.003248556912111062
2.0,1.0,10.0,0.5,0.1,4.7209179876850715,0.003233094863549308
2.0,1.0,10.0,0.8,0.0001,4.603856301304113,0.06801339366243513
2.0,1.0,10.0,0.8,0.00021544346900318845,4.598751230280521,0.07040310318433722
2.0,1.0,10.0,0.8,0.00046415888336127773,4.605846445827622,0.06499886340482101
2.0,1.0,10.0,0.8,0.001,4.618563133771096,0.05606840187767631
2.0,1.0,10.0,0.8,0.002154434690031882,4.629000059888222,0.04883427814106443
2.0,1.0,10.0,0.8,0.004641588833612777,4.635278013701128,0.04450034400462994
2.0,1.0,10.0,0.8,0.01,4.638556466133547,0.04224080382724393
2.0,1.0,10.0,0.8,0.021544346900318822,4.6401622780301395,0.041134886908810446
2.0,1.0,10.0,0.8,0.046415888336127774,4.640926273288509,0.0406089082610353
2.0,1.0,10.0,0.8,0.1,4.641284955354243,0.040362010577820205
2.0,10.0,0.1,0.1,0.0001,4.709104685177536,1.2201269245783895e-07
2.0,10.0,0.1,0.1,0.00021544346900318845,4.707025010152144,0.00020231780182586404
2.0,10.0,0.1,0.1,0.00046415888336127773,4.703936918012516,0.0009852071480767014
2.0,10.0,0.1,0.1,0.001,4.699544976698544,0.0026136199339112935
2.0,10.0,0.1,0.1,0.002154434690031882,4.69370861628099,0.005300675819730566
2.0,10.0,0.1,0.1,0.004641588833612777,4.686823053220378,0.008957692923588194
2.0,10.0,0.1,0.1,0.01,4.6802666942619044,0.012831716829883285
2.0,10.0,0.1,0.1,0.021544346900318822,4.675856729499279,0.01568497488250318
2.0,10.0,0.1,0.1,0.046415888336127774,4.674368123872339,0.016814923553749462
2.0,10.0,0.1,0.1,0.1,4.675091958020053,0.016550559632392204
2.0,10.0,0.1,0.2,0.0001,4.607550675740022,0.057508601486284304
2.0,10.0,0.1,0.2,0.00021544346900318845,4.5901514308803915,0.06941673672646355
2.0,10.0,0.1,0.2,0.00046415888336127773,4.571141515698287,0.08256944447773314
2.0,10.0,0.1,0.2,0.001,4.5519453725835035,0.09593457560659949
2.0,10.0,0.1,0.2,0.002154434690031882,4.534756542847088,0.1079137359387612
2.0,10.0,0.1,0.2,0.004641588833612777,4.522215814928447,0.11661517359353785
2.0,10.0,0.1,0.2,0.01,4.516482038214362,0.1205478414094187
2.0,10.0,0.1,0.2,0.021544346900318822,4.517792040694976,0.11960100315364368
2.0,10.0,0.1,0.2,0.046415888336127774,4.5236734076652825,0.11552328967528734
2.0,10.0,0.1,0.2,0.1,4.530363846258694,0.11091360484832989
2.0,10.0,0.1,0.3,0.0001,4.473873020495994,0.15223329250638062
2.0,10.0,0.1,0.3,0.00021544346900318845,4.457883257023505,0.16349527272184747
2.0,10.0,0.1,0.3,0.00046415888336127773,4.4446681891195725,0.17259986449205308
2.0,10.0,0.1,0.3,0.001,4.435758760684069,0.1784813746085666
2.0,10.0,0.1,0.3,0.002154434690031882,4.432354616209793,0.18039486805698957
2.0,10.0,0.1,0.3,0.004641588833612777,4.434560879903204,0.17840721681510416
2.0,10.0,0.1,0.3,0.01,4.440707345518109,0.17378551215890722
2.0,10.0,0.1,0.3,0.021544346900318822,4.447859353161853,0.16859549751323383
2.0,10.0,0.1,0.3,0.046415888336127774,4.4536193882672155,0.16447359971106826
2.0,10.0,0.1,0.3,0.1,4.457278401650803,0.16187177553187895
2.0,10.0,0.1,0.5,0.0001,4.326185271755354,0.26125113324598626
2.0,10.0,0.1,0.5,0.00021544346900318845,4.324081421111236,0.26163006683199014
2.0,10.0,0.1,0.5,0.00046415888336127773,4.3253050035960925,0.2596957831844869
2.0,10.0,0.1,0.5,0.001,4.328893197928023,0.256290158597269
2.0,10.0,0.1,0.5,0.002154434690031882,4.3331968301961865,0.2526474465990927
2.0,10.0,0.1,0.5,0.004641588833612777,4.336781802712611,0.24975292299380986
2.0,10.0,0.1,0.5,0.01,4.339129198996266,0.2478992949482128
2.0,10.0,0.1,0.5,0.021544346900318822,4.340442930078233,0.2468729534731714
2.0,10.0,0.1,0.5,0.046415888336127774,4.341113578032077,0.24635168854841016
2.0,10.0,0.1,0.5,0.1,4.341439625123392,0.24609887779255823
2.0,10.0,0.1,0.8,0.0001,4.241168215790667,0.32556991000478214
2.0,10.0,0.1,0.8,0.00021544346900318845,4.242862056073637,0.32368616943114054
2.0,10.0,0.1,0.8,0.00046415888336127773,4.244169941027256,0.3223413873267604
2.0,10.0,0.1,0.8,0.001,4.2449836213550585,0.3215364036677969
2.0,10.0,0.1,0.8,0.002154434690031882,4.245425482155788,0.3211075430211741
2.0,10.0,0.1,0.8,0.004641588833612777,4.245647464493949,0.3208940828038725
2.0,10.0,0.1,0.8,0.01,4.245754527881914,0.3207915838509253
2.0,10.0,0.1,0.8,0.021544346900318822,4.245805134258322,0.32074323560421547
2.0,10.0,0.1,0.8,0.046415888336127774,4.245828824812596,0.32072062412808394
2.0,10.0,0.1,0.8,0.1,4.245839864812572,0.3207100917508584
2.0,10.0,1.0,0.1,0.0001,4.62892074576815,0.046620209521466914
2.0,10.0,1.0,0.1,0.00021544346900318845,4.623942331785617,0.049673478781236596
2.0,10.0,1.0,0.1,0.00046415888336127773,4.6233533335641255,0.05001747719147446
2.0,10.0,1.0,0.1,0.001,4.629602465571269,0.04602306941806308
2.0,10.0,1.0,0.1,0.002154434690031882,4.638436504279824,0.040378704185391946
2.0,10.0,1.0,0.1,0.004641588833612777,4.6454312663779405,0.03591578066383185
2.0,10.0,1.0,0.1,0.01,4.649643826314823,0.03323231863061999
2.0,10.0,1.0,0.1,0.021544346900318822,4.651857839201355,0.03182356270276276
2.0,10.0,1.0,0.1,0.046415888336127774,4.652947302937962,0.031130796540640757
2.0,10.0,1.0,0.1,0.1,4.653466961099947,0.030800467154344396
2.0,10.0,1.0,0.2,0.0001,4.547333484628137,0.0993565163988055
2.0,10.0,1.0,0.2,0.00021544346900318845,4.53470631487117,0.10794983363830864
2.0,10.0,1.0,0.2,0.00046415888336127773,4.5229297474838654,0.11603792226084322
2.0,10.0,1.0,0.2,0.001,4.515058316497107,0.12147572817638819
2.0,10.0,1.0,0.2,0.002154434690031882,4.516904065168293,0.12019716822186549
2.0,10.0,1.0,0.2,0.004641588833612777,4.529536622019247,0.1114916326692466
2.0,10.0,1.0,0.2,0.01,4.545242381609249,0.10071659614039605
2.0,10.0,1.0,0.2,0.021544346900318822,4.557219078355817,0.09252823100784384
2.0,10.0,1.0,0.2,0.046415888336127774,4.564327307964756,0.08767911987350077
2.0,10.0,1.0,0.2,0.1,4.568040409711482,0.08514924798525439
2.0,10.0,1.0,0.3,0.0001,4.466742727506964,0.15545152540784424
2.0,10.0,1.0,0.3,0.00021544346900318845,4.451864371395661,0.1660600767115743
2.0,10.0,1.0,0.3,0.00046415888336127773,4.439293271045608,0.17504020454358205
2.0,10.0,1.0,0.3,0.001,4.431945392551509,0.1802396736912847
2.0,10.0,1.0,0.3,0.002154434690031882,4.434359496035022,0.17839276740156554
2.0,10.0,1.0,0.3,0.004641588833612777,4.44931843485665,0.1676687289871975
2.0,10.0,1.0,0.3,0.01,4.4709447449357445,0.15238359355155573
2.0,10.0,1.0,0.3,0.021544346900318822,4.489661837555847,0.13925441164585808
2.0,10.0,1.0,0.3,0.046415888336127774,4.501683099070689,0.13085594306034948
2.0,10.0,1.0,0.3,0.1,4.508234760452277,0.12628818633232197
2.0,10.0,1.0,0.5,0.0001,4.347797815008353,0.24177682572258075
2.0,10.0,1.0,0.5,0.00021544346900318845,4.33901739998823,0.24802905813684703
2.0,10.0,1.0,0.5,0.00046415888336127773,4.336286863207007,0.24970087003487249
2.0,10.0,1.0,0.5,0.001,4.342665980636996,0.2446238099049911
2.0,10.0,1.0,0.5,0.002154434690031882,4.360128764224365,0.2316001582636342
2.0,10.0,1.0,0.5,0.004641588833612777,4.38555861652457,0.21312877762398585
2.0,10.0,1.0,0.5,0.01,4.4104553645849425,0.19530557869175133
2.0,10.0,1.0,0.5,0.021544346900318822,4.428412854124119,0.18254707961480904
2.0,10.0,1.0,0.5,0.046415888336127774,4.438968582950514,0.17507539350926662
2.0,10.0,1.0,0.5,0.1,4.444483600320547,0.17117868542017545
2.0,10.0,1.0,0.8,0.0001,4.253668443149801,0.31106100112234936
2.0,10.0,1.0,0.8,0.00021544346900318845,4.261100297238885,0.30473382467848886
2.0,10.0,1.0,0.8,0.00046415888336127773,4.277242325459339,0.29210711554670016
2.0,10.0,1.0,0.8,0.001,4.300460571615787,0.2746532424784986
2.0,10.0,1.0,0.8,0.002154434690031882,4.325113277428811,0.25655216022663707
2.0,10.0,1.0,0.8,0.004641588833612777,4.345014215329595,0.24213520711589623
2.0,10.0,1.0,0.8,0.01,4.357872864284776,0.23288575377761375
2.0,10.0,1.0,0.8,0.021544346900318822,4.365010982307263,0.22776921283223656
2.0,10.0,1.0,0.8,0.046415888336127774,4.368637262170942,0.2251743079965422
2.0,10.0,1.0,0.8,0.1,4.370395636078659,0.22391704519939823
2.0,10.0,10.0,0.1,0.0001,4.580070817978141,0.07775560939628119
2.0,10.0,10.0,0.1,0.00021544346900318845,4.5841671321471695,0.07497610641694875
2.0,10.0,10.0,0.1,0.00046415888336127773,4.586165136792168,0.07362057669926102
2.0,10.0,10.0,0.1,0.001,4.5871141448826105,0.07297677948297264
2.0,10.0,10.0,0.1,0.002154434690031882,4.587559373021326,0.07267475293819221
2.0,10.0,10.0,0.1,0.004641588833612777,4.58776705840736,0.07253386933751926
2.0,10.0,10.0,0.1,0.01,4.587863679882175,0.0724683266273052
2.0,10.0,10.0,0.1,0.021544346900318822,4.587908575607999,0.07243787195338112
2.0,10.0,10.0,0.1,0.046415888336127774,4.587929424709831,0.07242372915050095
2.0,10.0,10.0,0.1,0.1,4.587939104235451,0.07241716313604475
2.0,10.0,10.0,0.2,0.0001,4.52500273363379,0.11482301650666614
2.0,10.0,10.0,0.2,0.00021544346900318845,4.54389850493002,0.10192925935991379
2.0,10.0,10.0,0.2,0.00046415888336127773,4.556407747003316,0.09339570144612488
2.0,10.0,10.0,0.2,0.001,4.563281024348078,0.08870830398403909
2.0,10.0,10.0,0.2,0.002154434690031882,4.566733538121719,0.08635428955303757
2.0,10.0,10.0,0.2,0.004641588833612777,4.568396070850639,0.0852208718818705
2.0,10.0,10.0,0.2,0.01,4.569181045155083,0.08468575632488602
2.0,10.0,10.0,0.2,0.021544346900318822,4.569548299226318,0.08443540763920726
2.0,10.0,10.0,0.2,0.046415888336127774,4.569719392244284,0.08431877916074533
2.0,10.0,10.0,0.2,0.1,4.569798942426966,0.08426455279277625
2.0,10.0,10.0,0.3,0.0001,4.465088356551487,0.15586168086665816
2.0,10.0,10.0,0.3,0.00021544346900318845,4.4839091811270055,0.14290642457956107
2.0,10.0,10.0,0.3,0.00046415888336127773,4.507144868252473,0.12691651656729785
2.0,10.0,10.0,0.3,0.001,4.524547904761018,0.1149470745834936
2.0,10.0,10.0,0.3,0.002154434690031882,4.534716102910665,0.10795704361812279
2.0,10.0,10.0,0.3,0.004641588833612777,4.539976669183532,0.10434193368303642
2.0,10.0,10.0,0.3,0.01,4.5425452795923995,0.10257709970845635
2.0,10.0,10.0,0.3,0.021544346900318822,4.543765947903667,0.10173848903318218
2.0,10.0,10.0,0.3,0.046415888336127774,4.544338767528042,0.10134497548891422
2.0,10.0,10.0,0.3,0.1,4.544606001530966,0.10116139624555354
2.0,10.0,10.0,0.5,0.0001,4.386023712647474,0.21192817677183232
2.0,10.0,10.0,0.5,0.00021544346900318845,4.38615622778521,0.21194151304488681
2.0,10.0,10.0,0.5,0.00046415888336127773,4.40319235282146,0.19995450897679248
2.0,10.0,10.0,0.5,0.001,4.432131009688611,0.17961795963903393
2.0,10.0,10.0,0.5,0.002154434690031882,4.4580712340036115,0.1614352506562388
2.0,10.0,10.0,0.5,0.004641588833612777,4.474774133567359,0.14974654502312235
2.0,10.0,10.0,0.5,0.01,4.483847496879839,0.1434027527017379
2.0,10.0,10.0,0.5,0.021544346900318822,4.48838289428198,0.14023324516134836
2.0,10.0,10.0,0.5,0.046415888336127774,4.490562161705778,0.13871064405526712
2.0,10.0,10.0,0.5,0.1,4.491590109173544,0.13799252205062185
2.0,10.0,10.0,0.8,0.0001,4.298185352208946,0.2765026772349198
2.0,10.0,10.0,0.8,0.00021544346900318845,4.297687074210638,0.27702906816335937
2.0,10.0,10.0,0.8,0.00046415888336127773,4.309101098321486,0.268732472900455
2.0,10.0,10.0,0.8,0.001,4.337211988446793,0.24835368365794605
2.0,10.0,10.0,0.8,0.002154434690031882,4.372563333221975,0.22296488162920444
2.0,10.0,10.0,0.8,0.004641588833612777,4.401120875784356,0.20258242951961658
2.0,10.0,10.0,0.8,0.01,4.4187354002979395,0.19005116439627365
2.0,10.0,10.0,0.8,0.021544346900318822,4.4281256124281025,0.1833813945332704
2.0,10.0,10.0,0.8,0.046415888336127774,4.43277997191543,0.18007794942726746
2.0,10.0,10.0,0.8,0.1,4.435007838030696,0.178497277930567
3.0,0.1,0.1,0.1,0.0001,3.938820310656168,0.5877502900686481
3.0,0.1,0.1,0.1,0.00021544346900318845,3.943197900345508,0.5840544801261361
3.0,0.1,0.1,0.1,0.00046415888336127773,3.9484651291448127,0.5795342939329708
3.0,0.1,0.1,0.1,0.001,3.9541764544956033,0.5743772935643071
3.0,0.1,0.1,0.1,0.002154434690031882,3.9579782248945357,0.5709902952274637
3.0,0.1,0.1,0.1,0.004641588833612777,3.959992158902958,0.5711946535825191
3.0,0.1,0.1,0.1,0.01,3.9638293729121385,0.5724267703003135
3.0,0.1,0.1,0.1,0.021544346900318822,3.9698701303539865,0.5723960094446903
3.0,0.1,0.1,0.1,0.046415888336127774,3.9755570395231645,0.571482103652649
3.0,0.1,0.1,0.1,0.1,3.9794217835836188,0.5705810384169937
3.0,0.1,0.1,0.2,0.0001,4.123459674698011,0.4453514976473024
3.0,0.1,0.1,0.2,0.00021544346900318845,4.195988356487952,0.38905432317344674
3.0,0.1,0.1,0.2,0.00046415888336127773,4.308243364137,0.3010437849004566
3.0,0.1,0.1,0.2,0.001,4.465415727258773,0.17594351972895142
3.0,0.1,0.1,0.2,0.002154434690031882,4.621894206022407,0.0503607687062477
3.0,0.1,0.1,0.2,0.004641588833612777,4.688244011932307,0.0002708555638956231
3.0,0.1,0.1,0.2,0.01,4.675337197155553,0.015671858692540598
3.0,0.1,0.1,0.2,0.021544346900318822,4.650878669447525,0.038433302088870906
3.0,0.1,0.1,0.2,0.046415888336127774,4.636052504005667,0.0517413942500523
3.0,0.1,0.1,0.2,0.1,4.628786591390322,0.05816929436127153
3.0,0.1,0.1,0.3,0.0001,4.6725370381182145,0.01181950998923267
3.0,0.1,0.1,0.3,0.00021544346900318845,4.638984920856034,0.04264128701902812
3.0,0.1,0.1,0.3,0.00046415888336127773,4.439703260980396,0.20504135312110858
3.0,0.1,0.1,0.3,0.001,4.253826085239044,0.3466676689040964
3.0,0.1,0.1,0.3,0.002154434690031882,4.135711255976958,0.43042851519434544
3.0,0.1,0.1,0.3,0.004641588833612777,4.067079538619154,0.4749776737891572
3.0,0.1,0.1,0.3,0.01,4.028681059857859,0.49724173774114117
3.0,0.1,0.1,0.3,0.021544346900318822,4.008568034835421,0.5075776109549186
3.0,0.1,0.1,0.3,0.046415888336127774,3.9987014712286983,0.5121451749942406
3.0,0.1,0.1,0.3,0.1,3.994033378787761,0.5141521235183036
3.0,0.1,0.1,0.5,0.0001,4.096104395426487,0.45374769568844253
3.0,0.1,0.1,0.5,0.00021544346900318845,4.045645394223813,0.4870327762923144
3.0,0.1,0.1,0.5,0.00046415888336127773,4.016514598750019,0.5039025386476714
3.0,0.1,0.1,0.5,0.001,4.001548598596015,0.509485026220178
3.0,0.1,0.1,0.5,0.002154434690031882,3.999391217964517,0.5050053964530052
3.0,0.1,0.1,0.5,0.004641588833612777,4.010406020371014,0.4912758482064326
3.0,0.1,0.1,0.5,0.01,4.030038540062793,0.47289662126380305
3.0,0.1,0.1,0.5,0.021544346900318822,4.049172923318595,0.45669727450720876
3.0,0.1,0.1,0.5,0.046415888336127774,4.062441313554457,0.44594785259575964
3.0,0.1,0.1,0.5,0.1,4.069997050714396,0.4399484125259036
3.0,0.1,0.1,0.8,0.0001,4.001900081259548,0.5099886861938864
3.0,0.1,0.1,0.8,0.00021544346900318845,4.000642869672298,0.5067892675280347
3.0,0.1,0.1,0.8,0.00046415888336127773,4.00839406278151,0.49620455964027604
3.0,0.1,0.1,0.8,0.001,4.028682788758589,0.4762700623827553
3.0,0.1,0.1,0.8,0.002154434690031882,4.062892002919161,0.4471559447180859
3.0,0.1,0.1,0.8,0.004641588833612777,4.1047950126158765,0.41424431090450137
3.0,0.1,0.1,0.8,0.01,4.142408777574918,0.3859603850526181
3.0,0.1,0.1,0.8,0.021544346900318822,4.168338139203878,0.36688124826578383
3.0,0.1,0.1,0.8,0.046415888336127774,4.183235246854329,0.356031257568063
3.0,0.1,0.1,0.8,0.1,4.1909322112935605,0.35045173738166846
3.0,0.1,1.0,0.1,0.0001,3.9890870380517782,0.514956991073584
3.0,0.1,1.0,0.1,0.00021544346900318845,3.977126917557965,0.5284280820926603
3.0,0.1,1.0,0.1,0.00046415888336127773,3.972255126829457,0.5360796862925544
3.0,0.1,1.0,0.1,0.001,3.9709248267098607,0.5396616805299161
3.0,0.1,1.0,0.1,0.002154434690031882,3.97068185701265,0.5412543593162705
3.0,0.1,1.0,0.1,0.004641588833612777,3.9706758905341655,0.5419660212710801
3.0,0.1,1.0,0.1,0.01,3.9706993275006655,0.5422888096036629
3.0,0.1,1.0,0.1,0.021544346900318822,3.970716203875517,0.542436832805356
3.0,0.1,1.0,0.1,0.046415888336127774,3.970725366237669,0.5425051320726549
3.0,0.1,1.0,0.1,0.1,3.9707299091270043,0.5425367441658175
3.0,0.1,1.0,0.2,0.0001,4.03099682335629,0.47625438022915956
3.0,0.1,1.0,0.2,0.00021544346900318845,4.0296882207393745,0.4765089406487745
3.0,0.1,1.0,0.2,0.00046415888336127773,4.0171266560006815,0.4862975441352586
3.0,0.1,1.0,0.2,0.001,4.001296202332374,0.4999768199359336
3.0,0.1,1.0,0.2,0.002154434690031882,3.9904104839158263,0.5102847594114859
3.0,0.1,1.0,0.2,0.004641588833612777,3.984702580874754,0.5161513336100687
3.0,0.1,1.0,0.2,0.01,3.9819900548602125,0.5191104390203268
3.0,0.1,1.0,0.2,0.021544346900318822,3.9807328708283647,0.5205320652503383
3.0,0.1,1.0,0.2,0.046415888336127774,3.98015185126689,0.5212017758471622
3.0,0.1,1.0,0.2,0.1,3.979882951895121,0.5215146831604478
3.0,0.1,1.0,0.3,0.0001,4.05530250535127,0.45325445087712696
3.0,0.1,1.0,0.3,0.00021544346900318845,4.06586051864274,0.4439392019395812
3.0,0.1,1.0,0.3,0.00046415888336127773,4.0751886283057095,0.43546515121076673
3.0,0.1,1.0,0.3,0.001,4.073437647576874,0.4355827088950304
3.0,0.1,1.0,0.3,0.002154434690031882,4.062513963789378,0.443201804516929
3.0,0.1,1.0,0.3,0.004641588833612777,4.051711416174595,0.45121001665880034
3.0,0.1,1.0,0.3,0.01,4.044736209839975,0.45651341808587237
3.0,0.1,1.0,0.3,0.021544346900318822,4.040977609277181,0.45940871175386055
3.0,0.1,1.0,0.3,0.046415888336127774,4.03910987338589,0.4608570030036503
3.0,0.1,1.0,0.3,0.1,4.038215298080186,0.46155292398428244
3.0,0.1,1.0,0.5,0.0001,4.192159129559535,0.34307744997727657
3.0,0.1,1.0,0.5,0.00021544346900318845,4.275283919100972,0.2834961620939309
3.0,0.1,1.0,0.5,0.00046415888336127773,4.39841568281964,0.20146251229075968
3.0,0.1,1.0,0.5,0.001,4.542386967291808,0.11427021425105825
3.0,0.1,1.0,0.5,0.002154434690031882,4.651073570805313,0.056457907207378574
3.0,0.1,1.0,0.5,0.004641588833612777,4.707478305017288,0.030848108320922395
3.0,0.1,1.0,0.5,0.01,4.732792845585983,0.02091260361145447
3.0,0.1,1.0,0.5,0.021544346900318822,4.744019546085419,0.01692803729502539
3.0,0.1,1.0,0.5,0.046415888336127774,4.749083220816494,0.015230924281639531
3.0,0.1,1.0,0.5,0.1,4.7513986065969345,0.014477376772635232
3.0,0.1,1.0,0.8,0.0001,4.660869621815624,0.21363043700421064
3.0,0.1,1.0,0.8,0.00021544346900318845,4.324326670269553,0.44455097768797003
3.0,0.1,1.0,0.8,0.00046415888336127773,4.1445096649978375,0.537974159556315
3.0,0.1,1.0,0.8,0.001,4.060506927733934,0.5735858287317219
3.0,0.1,1.0,0.8,0.002154434690031882,4.017709042228583,0.589681789163162
3.0,0.1,1.0,0.8,0.004641588833612777,3.9946151978879865,0.5981063568004404
3.0,0.1,1.0,0.8,0.01,3.9823577327740876,0.6026031491550231
3.0,0.1,1.0,0.8,0.021544346900318822,3.9761521531867636,0.6048981302228615
3.0,0.1,1.0,0.8,0.046415888336127774,3.973131798299706,0.606020355320453
3.0,0.1,1.0,0.8,0.1,3.9716960934113708,0.6065550235862598
3.0,0.1,10.0,0.1,0.0001,4.6673723148324235,0.16923369546348999
3.0,0.1,10.0,0.1,0.00021544346900318845,4.667173982040655,0.16923015710754208
3.0,0.1,10.0,0.1,0.00046415888336127773,4.667081180721933,0.16922840779780654
3.0,0.1,10.0,0.1,0.001,4.667037944881399,0.16922757232219698
3.0,0.1,10.0,0.1,0.002154434690031882,4.667017841723394,0.16922717941402296
3.0,0.1,10.0,0.1,0.004641588833612777,4.667008503129091,0.16922699593460386
3.0,0.1,10.0,0.1,0.01,4.667004166918992,0.1692269105337821
3.0,0.1,10.0,0.1,0.021544346900318822,4.667002153874332,0.16922687084447638
3.0,0.1,10.0,0.1,0.046415888336127774,4.6670012194179975,0.16922685240744773
3.0,0.1,10.0,0.1,0.1,4.667000785837575,0.16922684383570533
3.0,0.1,10.0,0.2,0.0001,4.6978720618109655,0.13955269847719576
3.0,0.1,10.0,0.2,0.00021544346900318845,4.696529802182841,0.13945874567072025
3.0,0.1,10.0,0.2,0.00046415888336127773,4.695865364745188,0.1394103668880463
3.0,0.1,10.0,0.2,0.001,4.695547533771709,0.13938672508204072
3.0,0.1,10.0,0.2,0.002154434690031882,4.695397925768608,0.1393754782462093
3.0,0.1,10.0,0.2,0.004641588833612777,4.6953280294764,0.13937019718961807
3.0,0.1,10.0,0.2,0.01,4.695295488041423,0.13936773266382343
3.0,0.1,10.0,0.2,0.021544346900318822,4.695280362382645,0.13936658585285022
3.0,0.1,10.0,0.2,0.046415888336127774,4.695273337083307,0.13936605292788476
3.0,0.1,10.0,0.2,0.1,4.695270075225293,0.1393658054344424
3.0,0.1,10.0,0.3,0.0001,4.738549800466014,0.0974580324249565
3.0,0.1,10.0,0.3,0.00021544346900318845,4.735309442696067,0.09700482674901045
3.0,0.1,10.0,0.3,0.00046415888336127773,4.733454732857908,0.09677967033472908
3.0,0.1,10.0,0.3,0.001,4.732504072445248,0.09667004779204462
3.0,0.1,10.0,0.3,0.002154434690031882,4.732041788069024,0.09661779529689699
3.0,0.1,10.0,0.3,0.004641588833612777,4.731822501791632,0.09659321516123379
3.0,0.1,10.0,0.3,0.01,4.731719683760114,0.09658173229966383
3.0,0.1,10.0,0.3,0.021544346900318822,4.731671735076265,0.09657638618204102
3.0,0.1,10.0,0.3,0.046415888336127774,4.731649430645732,0.09657390119809814
3.0,0.1,10.0,0.3,0.1,4.731639067349089,0.0965727470052954
3.0,0.1,10.0,0.5,0.0001,4.790921232959011,0.01911458856821008
3.0,0.1,10.0,0.5,0.00021544346900318845,4.785388683057617,0.017788535007737704
3.0,0.1,10.0,0.5,0.00046415888336127773,4.780643101199374,0.017410983838705044
3.0,0.1,10.0,0.5,0.001,4.7776356668900055,0.01733500784314913
3.0,0.1,10.0,0.5,0.002154434690031882,4.776008790558986,0.017329794462308274
3.0,0.1,10.0,0.5,0.004641588833612777,4.775196207143992,0.01733505430354156
3.0,0.1,10.0,0.5,0.01,4.77480577011314,0.017339293106664887
3.0,0.1,10.0,0.5,0.021544346900318822,4.774621590886864,0.01734166334995106
3.0,0.1,10.0,0.5,0.046415888336127774,4.774535456063864,0.017342851907999873
3.0,0.1,10.0,0.5,0.1,4.774495335552816,0.01734342279513166
3.0,0.1,10.0,0.8,0.0001,4.703849971945367,0.01911640125627884
3.0,0.1,10.0,0.8,0.00021544346900318845,4.693448637331725,0.022625803925401613
3.0,0.1,10.0,0.8,0.00046415888336127773,4.690256933805595,0.02251102995060613
3.0,0.1,10.0,0.8,0.001,4.690542328348135,0.020978741963008293
3.0,0.1,10.0,0.8,0.002154434690031882,4.69142860749024,0.01965920780327215
3.0,0.1,10.0,0.8,0.004641588833612777,4.692061816611497,0.018869108158414926
3.0,0.1,10.0,0.8,0.01,4.692410712316603,0.018458403208738237
3.0,0.1,10.0,0.8,0.021544346900318822,4.692585271894589,0.018257680333123156
3.0,0.1,10.0,0.8,0.046415888336127774,4.692669092237815,0.01816227557674716
3.0,0.1,10.0,0.8,0.1,4.6927086087279815,0.018117504142839528
3.0,1.0,0.1,0.1,0.0001,4.142175923016945,0.4764129225616637
3.0,1.0,0.1,0.1,0.00021544346900318845,4.158031479376545,0.4650158708373815
3.0,1.0,0.1,0.1,0.00046415888336127773,4.177034204459811,0.4511959420392771
3.0,1.0,0.1,0.1,0.001,4.19877804168013,0.4351716585148753
3.0,1.0,0.1,0.1,0.002154434690031882,4.220281452164461,0.41907248542604364
3.0,1.0,0.1,0.1,0.004641588833612777,4.2354169458834905,0.407606148042291
3.0,1.0,0.1,0.1,0.01,4.240326184343244,0.40411203633225573
3.0,1.0,0.1,0.1,0.021544346900318822,4.238245286113711,0.4063326930566498
3.0,1.0,0.1,0.1,0.046415888336127774,4.234571854754021,0.40987598785718915
3.0,1.0,0.1,0.1,0.1,4.231856132666717,0.4125098978562523
3.0,1.0,0.1,0.2,0.0001,4.543425592447428,0.15830596586133316
3.0,1.0,0.1,0.2,0.00021544346900318845,4.620418299550521,0.08869900825168305
3.0,1.0,0.1,0.2,0.00046415888336127773,4.681655556080549,0.02765842900485774
3.0,1.0,0.1,0.2,0.001,4.699458726346084,0.00018102062221089923
3.0,1.0,0.1,0.2,0.002154434690031882,4.664419339942864,0.01779676275713095
3.0,1.0,0.1,0.2,0.004641588833612777,4.603812903331219,0.059738540386856345
3.0,1.0,0.1,0.2,0.01,4.554124636322689,0.09562949291055724
3.0,1.0,0.1,0.2,0.021544346900318822,4.526666331626821,0.11546970658683338
3.0,1.0,0.1,0.2,0.046415888336127774,4.51424062893896,0.1243599001764525
3.0,1.0,0.1,0.2,0.1,4.508937194886935,0.12811611925840616
3.0,1.0,0.1,0.3,0.0001,4.634049049769146,0.03831365909353198
3.0,1.0,0.1,0.3,0.00021544346900318845,4.536523653675903,0.10928173086637308
3.0,1.0,0.1,0.3,0.00046415888336127773,4.429556149150892,0.1894619126899358
3.0,1.0,0.1,0.3,0.001,4.338137531612769,0.2577074077082182
3.0,1.0,0.1,0.3,0.002154434690031882,4.272802602528397,0.3051821672520971
3.0,1.0,0.1,0.3,0.004641588833612777,4.234950192118558,0.331041515353028
3.0,1.0,0.1,0.3,0.01,4.220573961102368,0.3392852007436707
3.0,1.0,0.1,0.3,0.021544346900318822,4.220009065770875,0.3379841008497704
3.0,1.0,0.1,0.3,0.046415888336127774,4.22353213716693,0.3344288953521051
3.0,1.0,0.1,0.3,0.1,4.226603985082456,0.3316920961393996
3.0,1.0,0.1,0.5,0.0001,4.212320941569928,0.3517387010083168
3.0,1.0,0.1,0.5,0.00021544346900318845,4.170115522988825,0.38172772834356533
3.0,1.0,0.1,0.5,0.00046415888336127773,4.144458474019869,0.3984786641585177
3.0,1.0,0.1,0.5,0.001,4.135245796298086,0.40228266859594525
3.0,1.0,0.1,0.5,0.002154434690031882,4.14326728998473,0.39323608393640186
3.0,1.0,0.1,0.5,0.004641588833612777,4.165886215895449,0.374234616513625
3.0,1.0,0.1,0.5,0.01,4.193518043401852,0.3527192070142657
3.0,1.0,0.1,0.5,0.021544346900318822,4.216019258887533,0.33576035865424464
3.0,1.0,0.1,0.5,0.046415888336127774,4.23017289434191,0.32525052165612384
3.0,1.0,0.1,0.5,0.1,4.237833849536724,0.3196005862625596
3.0,1.0,0.1,0.8,0.0001,4.09835824669708,0.43136513459305464
3.0,1.0,0.1,0.8,0.00021544346900318845,4.1043948684400675,0.42386556503818623
3.0,1.0,0.1,0.8,0.00046415888336127773,4.124769889358959,0.40579738167585605
3.0,1.0,0.1,0.8,0.001,4.159468879996399,0.37798295338108384
3.0,1.0,0.1,0.8,0.002154434690031882,4.201993204210517,0.3456768906432501
3.0,1.0,0.1,0.8,0.004641588833612777,4.240904743477087,0.31697702196098315
3.0,1.0,0.1,0.8,0.01,4.268467958042279,0.2969507524688366
3.0,1.0,0.1,0.8,0.021544346900318822,4.284653656815864,0.28527460315800407
3.0,1.0,0.1,0.8,0.046415888336127774,4.293128477739995,0.27918111935336315
3.0,1.0,0.1,0.8,0.1,4.297300332970748,0.27618606384738453
3.0,1.0,1.0,0.1,0.0001,3.9848061889836384,0.521475321382132
3.0,1.0,1.0,0.1,0.00021544346900318845,3.975877838825167,0.5313196071366473
3.0,1.0,1.0,0.1,0.00046415888336127773,3.970637963391863,0.538453167165034
3.0,1.0,1.0,0.1,0.001,3.968435693713891,0.5423327999676834
3.0,1.0,1.0,0.1,0.002154434690031882,3.967605416302268,0.544219076961433
3.0,1.0,1.0,0.1,0.004641588833612777,3.9672859231907722,0.5451044952125674
3.0,1.0,1.0,0.1,0.01,3.9671550260422643,0.5455163701599703
3.0,1.0,1.0,0.1,0.021544346900318822,3.967098381379852,0.5457075939461083
3.0,1.0,1.0,0.1,0.046415888336127774,3.967073013918617,0.5457963468396285
3.0,1.0,1.0,0.1,0.1,3.9670614425765263,0.5458375395031534
3.0,1.0,1.0,0.2,0.0001,4.006846693567262,0.49868118844495474
3.0,1.0,1.0,0.2,0.00021544346900318845,4.0106727562708215,0.4947614683467736
3.0,1.0,1.0,0.2,0.00046415888336127773,4.009028384673554,0.4954926953105396
3.0,1.0,1.0,0.2,0.001,4.0012306951432395,0.5019901117215695
3.0,1.0,1.0,0.2,0.002154434690031882,3.993345056179683,0.5090948533983527
3.0,1.0,1.0,0.2,0.004641588833612777,3.9882721435756068,0.5139004031422945
3.0,1.0,1.0,0.2,0.01,3.9855714738158845,0.5165431182199007
3.0,1.0,1.0,0.2,0.021544346900318822,3.9842423449858915,0.5178679679568963
3.0,1.0,1.0,0.2,0.046415888336127774,3.9836093377353747,0.5185049905246631
3.0,1.0,1.0,0.2,0.1,3.9833120982127648,0.5188055169530734
3.0,1.0,1.0,0.3,0.0001,4.033027807371449,0.4722144248967633
3.0,1.0,1.0,0.3,0.00021544346900318845,4.048696720818229,0.4581207096141449
3.0,1.0,1.0,0.3,0.00046415888336127773,4.0700205462930885,0.43969122760286433
3.0,1.0,1.0,0.3,0.001,4.089528242732848,0.4230923059610339
3.0,1.0,1.0,0.3,0.002154434690031882,4.098172406351697,0.4153902923899748
3.0,1.0,1.0,0.3,0.004641588833612777,4.0988900113394,0.41418684854648463
3.0,1.0,1.0,0.3,0.01,4.09746996481035,0.4149129589788361
3.0,1.0,1.0,0.3,0.021544346900318822,4.096243085413866,0.4156683713469668
3.0,1.0,1.0,0.3,0.046415888336127774,4.0955256910529805,0.4161283200681273
3.0,1.0,1.0,0.3,0.1,4.0951578770791635,0.416367585471919
3.0,1.0,1.0,0.5,0.0001,4.564256670795307,0.09924850526689442
3.0,1.0,1.0,0.5,0.00021544346900318845,4.786880087466411,0.06190462831125918
3.0,1.0,1.0,0.5,0.00046415888336127773,4.3657795437115725,0.3995516760901559
3.0,1.0,1.0,0.5,0.001,4.136150104770927,0.5273794585397388
3.0,1.0,1.0,0.5,0.002154434690031882,4.054468212526908,0.5643150637511551
3.0,1.0,1.0,0.5,0.004641588833612777,4.021322300098608,0.5780093949393192
3.0,1.0,1.0,0.5,0.01,4.006316615018939,0.5841352496030721
3.0,1.0,1.0,0.5,0.021544346900318822,3.9992735097186873,0.5870375388100432
3.0,1.0,1.0,0.5,0.046415888336127774,3.9959612005225393,0.5884141131153108
3.0,1.0,1.0,0.5,0.1,3.9944110302817926,0.5890615147165961
3.0,1.0,1.0,0.8,0.0001,3.9906687321070065,0.5590725631086357
3.0,1.0,1.0,0.8,0.00021544346900318845,3.9767105096572366,0.5605629942888115
3.0,1.0,1.0,0.8,0.00046415888336127773,3.96905994917988,0.5591829701592964
3.0,1.0,1.0,0.8,0.001,3.9654811861876933,0.5553046154778046
3.0,1.0,1.0,0.8,0.002154434690031882,3.966133121761877,0.5487622482602996
3.0,1.0,1.0,0.8,0.004641588833612777,3.970114831479438,0.5410714069579786
3.0,1.0,1.0,0.8,0.01,3.9746545798745405,0.5347032579864316
3.0,1.0,1.0,0.8,0.021544346900318822,3.9779340107420023,0.5306354880714341
3.0,1.0,1.0,0.8,0.046415888336127774,3.979823469004585,0.5284139729169843
3.0,1.0,1.0,0.8,0.1,3.9807959329397304,0.5272979677313107
3.0,1.0,10.0,0.1,0.0001,4.462909907573188,0.34753292702053784
3.0,1.0,10.0,0.1,0.00021544346900318845,4.462709090822926,0.3475701067290423
3.0,1.0,10.0,0.1,0.00046415888336127773,4.462615060944325,0.34758739765157554
3.0,1.0,10.0,0.1,0.001,4.462571238430358,0.34759543024935124
3.0,1.0,10.0,0.1,0.002154434690031882,4.462550859409639,0.34759916008997604
3.0,1.0,10.0,0.1,0.004641588833612777,4.462541392018039,0.34760089163536473
3.0,1.0,10.0,0.1,0.01,4.462536995850925,0.3476016954135262
3.0,1.0,10.0,0.1,0.021544346900318822,4.462534954924399,0.3476020685084804
3.0,1.0,10.0,0.1,0.046415888336127774,4.462534007563502,0.34760224169260545
3.0,1.0,10.0,0.1,0.1,4.462533567720822,0.34760232205041214
3.0,1.0,10.0,0.2,0.0001,4.509596932239223,0.31173749605176687
3.0,1.0,10.0,0.2,0.00021544346900318845,4.508336209909295,0.3118691688913431
3.0,1.0,10.0,0.2,0.00046415888336127773,4.507707251891995,0.3119316598657692
3.0,1.0,10.0,0.2,0.001,4.507405360375947,0.31196080603465015
3.0,1.0,10.0,0.2,0.002154434690031882,4.507263035404387,0.31197434642195393
3.0,1.0,10.0,0.2,0.004641588833612777,4.507196494600018,0.31198063190797043
3.0,1.0,10.0,0.2,0.01,4.507165505250299,0.3119835492955907
3.0,1.0,10.0,0.2,0.021544346900318822,4.507151098835616,0.311984903389251
3.0,1.0,10.0,0.2,0.046415888336127774,4.5071444071346445,0.31198553189390554
3.0,1.0,10.0,0.2,0.1,4.507141300087276,0.31198582361885274
3.0,1.0,10.0,0.3,0.0001,4.581844551651172,0.25348213957572246
3.0,1.0,10.0,0.3,0.00021544346900318845,4.579476787219087,0.2530445300888431
3.0,1.0,10.0,0.3,0.00046415888336127773,4.5780374271201545,0.25283883759383446
3.0,1.0,10.0,0.3,0.001,4.577282682184059,0.2527388688135213
3.0,1.0,10.0,0.3,0.002154434690031882,4.576912161328989,0.2526908934385235
3.0,1.0,10.0,0.3,0.004641588833612777,4.576735665868103,0.2526682119890587
3.0,1.0,10.0,0.3,0.01,4.576652754429265,0.25265758700546254
3.0,1.0,10.0,0.3,0.021544346900318822,4.576614055463601,0.25265263353392275
3.0,1.0,10.0,0.3,0.046415888336127774,4.576596046525614,0.25265032955466216
3.0,1.0,10.0,0.3,0.1,4.576587677492476,0.2526492591023216
3.0,1.0,10.0,0.5,0.0001,4.736368300668477,0.10630138301444689
3.0,1.0,10.0,0.5,0.00021544346900318845,4.736016153191119,0.10063892719016251
3.0,1.0,10.0,0.5,0.00046415888336127773,4.733561192609482,0.09797905309751359
3.0,1.0,10.0,0.5,0.001,4.731513228961054,0.09673524116769808
3.0,1.0,10.0,0.5,0.002154434690031882,4.73029488804265,0.0961510648412878
3.0,1.0,10.0,0.5,0.004641588833612777,4.729662011419112,0.0958773887421089
3.0,1.0,10.0,0.5,0.01,4.729352616952239,0.09574966768792145
3.0,1.0,10.0,0.5,0.021544346900318822,4.729205518604198,0.09569021845249308
3.0,1.0,10.0,0.5,0.046415888336127774,4.729136477168378,0.09566258685327693
3.0,1.0,10.0,0.5,0.1,4.729104265011214,0.0956497530839692
3.0,1.0,10.0,0.8,0.0001,4.764989707580169,0.00014979848984351273
3.0,1.0,10.0,0.8,0.00021544346900318845,4.753003487291943,0.001360445998235486
3.0,1.0,10.0,0.8,0.00046415888336127773,4.745147192308992,0.0021289599697959785
3.0,1.0,10.0,0.8,0.001,4.740987336591265,0.0022170207489896265
3.0,1.0,10.0,0.8,0.002154434690031882,4.738956148012871,0.0021028623852705217
3.0,1.0,10.0,0.8,0.004641588833612777,4.737989384026582,0.0020014930701165987
3.0,1.0,10.0,0.8,0.01,4.737534506180172,0.0019423906245862673
3.0,1.0,10.0,0.8,0.021544346900318822,4.737321877233061,0.0019122065809876224
3.0,1.0,10.0,0.8,0.046415888336127774,4.737222840265825,0.0018975891959662223
3.0,1.0,10.0,0.8,0.1,4.737176794985018,0.0018906722086317858
3.0,10.0,0.1,0.1,0.0001,4.699330609748916,0.0027884052654002568
3.0,10.0,0.1,0.1,0.00021544346900318845,4.695429965216752,0.00448558086159261
3.0,10.0,0.1,0.1,0.00046415888336127773,4.690201479501122,0.007014141560029125
3.0,10.0,0.1,0.1,0.001,4.683348670326982,0.010634795114936696
3.0,10.0,0.1,0.1,0.002154434690031882,4.674807629129283,0.01549271328671067
3.0,10.0,0.1,0.1,0.004641588833612777,4.665211400698963,0.021302746089642756
3.0,10.0,0.1,0.1,0.01,4.656397316663924,0.026953736906741285
3.0,10.0,0.1,0.1,0.021544346900318822,4.6505667710627865,0.030929617046149858
3.0,10.0,0.1,0.1,0.046415888336127774,4.648436862924055,0.032574455429944596
3.0,10.0,0.1,0.1,0.1,4.649011563285014,0.03242255962310349
3.0,10.0,0.1,0.2,0.0001,4.562712895510712,0.088453021797444
3.0,10.0,0.1,0.2,0.00021544346900318845,4.543432291947921,0.10203281609259714
3.0,10.0,0.1,0.2,0.00046415888336127773,4.522770758922576,0.1166457928455415
3.0,10.0,0.1,0.2,0.001,4.502216821417633,0.1311768755856182
3.0,10.0,0.1,0.2,0.002154434690031882,4.483876894864805,0.14405630663026173
3.0,10.0,0.1,0.2,0.004641588833612777,4.470097784628992,0.1535865057476823
3.0,10.0,0.1,0.2,0.01,4.462629280983689,0.15858660011962997
3.0,10.0,0.1,0.2,0.021544346900318822,4.461465973220096,0.15917026162093534
3.0,10.0,0.1,0.2,0.046415888336127774,4.464345997186484,0.1569961115220368
3.0,10.0,0.1,0.2,0.1,4.468166483351737,0.15423889018470513
3.0,10.0,0.1,0.3,0.0001,4.420923587995166,0.19173008436972563
3.0,10.0,0.1,0.3,0.00021544346900318845,4.406020776826601,0.2022243440160657
3.0,10.0,0.1,0.3,0.00046415888336127773,4.393689381684118,0.21063476681092183
3.0,10.0,0.1,0.3,0.001,4.38500179374674,0.21622086487426406
3.0,10.0,0.1,0.3,0.002154434690031882,4.380690583327253,0.21857720533429184
3.0,10.0,0.1,0.3,0.004641588833612777,4.380644055602195,0.21794869410333967
3.0,10.0,0.1,0.3,0.01,4.383495286309625,0.21542843571671064
3.0,10.0,0.1,0.3,0.021544346900318822,4.387135023751262,0.21253686373787253
3.0,10.0,0.1,0.3,0.046415888336127774,4.390036701113647,0.21031058228633928
3.0,10.0,0.1,0.3,0.1,4.391833515474589,0.2089520359549776
3.0,10.0,0.1,0.5,0.0001,4.290093325139894,0.2898080925564077
3.0,10.0,0.1,0.5,0.00021544346900318845,4.288364516623712,0.28990020030347113
3.0,10.0,0.1,0.5,0.00046415888336127773,4.288805214812623,0.288520982307562
3.0,10.0,0.1,0.5,0.001,4.290586890489297,0.28640546182358817
3.0,10.0,0.1,0.5,0.002154434690031882,4.292646332015354,0.28436524682729664
3.0,10.0,0.1,0.5,0.004641588833612777,4.294256938591017,0.2828801933266542
3.0,10.0,0.1,0.5,0.01,4.295255527527739,0.28198932585468645
3.0,10.0,0.1,0.5,0.021544346900318822,4.295794412689691,0.28151601261104375
3.0,10.0,0.1,0.5,0.046415888336127774,4.296063895234889,0.28128105594170083
3.0,10.0,0.1,0.5,0.1,4.296193528019531,0.2811684206249014
3.0,10.0,0.1,0.8,0.0001,4.223629369763511,0.3410282156838486
3.0,10.0,0.1,0.8,0.00021544346900318845,4.22467453395024,0.33978560896507276
3.0,10.0,0.1,0.8,0.00046415888336127773,4.2253640472086325,0.3390051464977057
3.0,10.0,0.1,0.8,0.001,4.225753079066718,0.33857564832914633
3.0,10.0,0.1,0.8,0.002154434690031882,4.225952878330981,0.3383577956394188
3.0,10.0,0.1,0.8,0.004641588833612777,4.226050360077206,0.338252145826011
3.0,10.0,0.1,0.8,0.01,4.226096700072131,0.3382020669514438
3.0,10.0,0.1,0.8,0.021544346900318822,4.226118452396388,0.33817859124406635
3.0,10.0,0.1,0.8,0.046415888336127774,4.2261286021323645,0.33816764426127627
3.0,10.0,0.1,0.8,0.1,4.226133324764926,0.3381625521628491
3.0,10.0,1.0,0.1,0.0001,4.6457694770213,0.036685390924802816
3.0,10.0,1.0,0.1,0.00021544346900318845,4.639844337188901,0.04018215033969249
3.0,10.0,1.0,0.1,0.00046415888336127773,4.638359246712123,0.04105410837121016
3.0,10.0,1.0,0.1,0.001,4.642184937559719,0.038688534411580176
3.0,10.0,1.0,0.1,0.002154434690031882,4.647509031599189,0.0354068752282953
3.0,10.0,1.0,0.1,0.004641588833612777,4.651547260196214,0.032922491156282645
3.0,10.0,1.0,0.1,0.01,4.653918709281445,0.03146567371028386
3.0,10.0,1.0,0.1,0.021544346900318822,4.655149896812883,0.03071000891636661
3.0,10.0,1.0,0.1,0.046415888336127774,4.6557523136171275,0.030340438077192392
3.0,10.0,1.0,0.1,0.1,4.656038911696859,0.030164656665496975
3.0,10.0,1.0,0.2,0.0001,4.546547531279284,0.09988007304346905
3.0,10.0,1.0,0.2,0.00021544346900318845,4.530277748995748,0.11098037166898093
3.0,10.0,1.0,0.2,0.00046415888336127773,4.514873257739737,0.12160879328225511
3.0,10.0,1.0,0.2,0.001,4.503973021577056,0.1291781961992868
3.0,10.0,1.0,0.2,0.002154434690031882,4.502792250785061,0.12998528673949755
3.0,10.0,1.0,0.2,0.004641588833612777,4.510417904039723,0.12468387740632365
3.0,10.0,1.0,0.2,0.01,4.520067355048668,0.11801298248715825
3.0,10.0,1.0,0.2,0.021544346900318822,4.5272392347563635,0.11307229746429245
3.0,10.0,1.0,0.2,0.046415888336127774,4.531423677836384,0.11019537997643859
3.0,10.0,1.0,0.2,0.1,4.533590582570177,0.10870710732860663
3.0,10.0,1.0,0.3,0.0001,4.450644125143768,0.1670694776163267
3.0,10.0,1.0,0.3,0.00021544346900318845,4.431693225560769,0.18070885300950007
3.0,10.0,1.0,0.3,0.00046415888336127773,4.415202622718164,0.1925963998609742
3.0,10.0,1.0,0.3,0.001,4.40415200836933,0.20047800291576884
3.0,10.0,1.0,0.3,0.002154434690031882,4.402668574822565,0.20132871030392005
3.0,10.0,1.0,0.3,0.004641588833612777,4.411891852593548,0.19449252371516146
3.0,10.0,1.0,0.3,0.01,4.425765018793959,0.18447212765277196
3.0,10.0,1.0,0.3,0.021544346900318822,4.437362783677206,0.17618388783949623
3.0,10.0,1.0,0.3,0.046415888336127774,4.44460842573632,0.17103231036624827
3.0,10.0,1.0,0.3,0.1,4.448497217756034,0.16827421380375193
3.0,10.0,1.0,0.5,0.0001,4.31958078714621,0.2633918929826555
3.0,10.0,1.0,0.5,0.00021544346900318845,4.307499524114542,0.27208396250825534
3.0,10.0,1.0,0.5,0.00046415888336127773,4.301095268408437,0.2763556247502469
3.0,10.0,1.0,0.5,0.001,4.3028194178217305,0.27445131774935083
3.0,10.0,1.0,0.5,0.002154434690031882,4.313721349485365,0.26585226513797217
3.0,10.0,1.0,0.5,0.004641588833612777,4.33028577807538,0.25339710750848554
3.0,10.0,1.0,0.5,0.01,4.345827223793548,0.24195911946561852
3.0,10.0,1.0,0.5,0.021544346900318822,4.356513714768099,0.2341762598157667
3.0,10.0,1.0,0.5,0.046415888336127774,4.362594838030009,0.22976973092355876
3.0,10.0,1.0,0.5,0.1,4.365715224560994,0.2275140129188135
3.0,10.0,1.0,0.8,0.0001,4.225202536360845,0.3337180361436424
3.0,10.0,1.0,0.8,0.00021544346900318845,4.228144395861958,0.3304909801200622
3.0,10.0,1.0,0.8,0.00046415888336127773,4.237837227716156,0.3222925455171938
3.0,10.0,1.0,0.8,0.001,4.2523131974891895,0.31085674006268893
3.0,10.0,1.0,0.8,0.002154434690031882,4.267036807589047,0.2996117197098629
3.0,10.0,1.0,0.8,0.004641588833612777,4.278186470127941,0.2912479951546976
3.0,10.0,1.0,0.8,0.01,4.2850085972028875,0.28617748855361214
3.0,10.0,1.0,0.8,0.021544346900318822,4.288664011552243,0.28347291898030613
3.0,10.0,1.0,0.8,0.046415888336127774,4.290485002566577,0.28212852234144953
3.0,10.0,1.0,0.8,0.1,4.291359279921568,0.28148372198178406
3.0,10.0,10.0,0.1,0.0001,4.629531521697903,0.04910880919268902
3.0,10.0,10.0,0.1,0.00021544346900318845,4.6306600941352185,0.048334016169727
3.0,10.0,10.0,0.1,0.00046415888336127773,4.6312077424467235,0.04795811905239396
3.0,10.0,10.0,0.1,0.001,4.6314672645812,0.047780003834488424
3.0,10.0,10.0,0.1,0.002154434690031882,4.6315888919225445,0.04769653216129458
3.0,10.0,10.0,0.1,0.004641588833612777,4.63164560000124,0.0476576147288265
3.0,10.0,10.0,0.1,0.01,4.631671976418142,0.047639513375684166
3.0,10.0,10.0,0.1,0.021544346900318822,4.631684231110594,0.04763110338215312
3.0,10.0,10.0,0.1,0.046415888336127774,4.631689921783973,0.04762719806576875
3.0,10.0,10.0,0.1,0.1,4.631692563707485,0.0476253850018444
3.0,10.0,10.0,0.2,0.0001,4.573332985575792,0.08390967192995956
3.0,10.0,10.0,0.2,0.00021544346900318845,4.580292554917042,0.07918396263019972
3.0,10.0,10.0,0.2,0.00046415888336127773,4.584756991879361,0.07615736849201836
3.0,10.0,10.0,0.2,0.001,4.587171946605629,0.07452112262758316
3.0,10.0,10.0,0.2,0.002154434690031882,4.588376444821828,0.07370521190042541
3.0,10.0,10.0,0.2,0.004641588833612777,4.588954621513675,0.07331360414479182
3.0,10.0,10.0,0.2,0.01,4.589227217325436,0.07312897977626544
3.0,10.0,10.0,0.2,0.021544346900318822,4.589354668251743,0.07304266140566901
3.0,10.0,10.0,0.2,0.046415888336127774,4.58941402581722,0.07300246086620321
3.0,10.0,10.0,0.2,0.1,4.589441620386433,0.07298377224092584
3.0,10.0,10.0,0.3,0.0001,4.49607616630666,0.13463707844892586
3.0,10.0,10.0,0.3,0.00021544346900318845,4.504654917170372,0.12877880421404772
3.0,10.0,10.0,0.3,0.00046415888336127773,4.515273853601425,0.12153940224903895
3.0,10.0,10.0,0.3,0.001,4.522943636851918,0.11631160149504177
3.0,10.0,10.0,0.3,0.002154434690031882,4.527330751515944,0.11332147695547387
3.0,10.0,10.0,0.3,0.004641588833612777,4.529577646980469,0.11179010859858879
3.0,10.0,10.0,0.3,0.01,4.530669718000273,0.11104582169465668
3.0,10.0,10.0,0.3,0.021544346900318822,4.531187610804517,0.11069286155382815
3.0,10.0,10.0,0.3,0.046415888336127774,4.5314304071784886,0.11052738891838268
3.0,10.0,10.0,0.3,0.1,4.53154362718593,0.11045022641393551
3.0,10.0,10.0,0.5,0.0001,4.3679522915086215,0.22447992378194498
3.0,10.0,10.0,0.5,0.00021544346900318845,4.362803684277916,0.2283499765045238
3.0,10.0,10.0,0.5,0.00046415888336127773,4.372407359768258,0.22167043328262287
3.0,10.0,10.0,0.5,0.001,4.389281570540542,0.20980497631188832
3.0,10.0,10.0,0.5,0.002154434690031882,4.40354144755891,0.1997755897630547
3.0,10.0,10.0,0.5,0.004641588833612777,4.41238074494782,0.19356203092045854
3.0,10.0,10.0,0.5,0.01,4.417092038396778,0.19025152188330416
3.0,10.0,10.0,0.5,0.021544346900318822,4.419426238015758,0.1886116813361653
3.0,10.0,10.0,0.5,0.046415888336127774,4.420543259965461,0.18782702368193616
3.0,10.0,10.0,0.5,0.1,4.421069162995263,0.1874576188201883
3.0,10.0,10.0,0.8,0.0001,4.247769954340415,0.3139982169067043
3.0,10.0,10.0,0.8,0.00021544346900318845,4.242623778902514,0.31804664627575346
3.0,10.0,10.0,0.8,0.00046415888336127773,4.24913762966591,0.3132582731264571
3.0,10.0,10.0,0.8,0.001,4.268295468888638,0.29911142071441293
3.0,10.0,10.0,0.8,0.002154434690031882,4.290543534790851,0.28282350050638705
3.0,10.0,10.0,0.8,0.004641588833612777,4.307247522990321,0.27067005745872325
3.0,10.0,10.0,0.8,0.01,4.31711935825545,0.26351198997448433
3.0,10.0,10.0,0.8,0.021544346900318822,4.322270205744221,0.2597834544887447
3.0,10.0,10.0,0.8,0.046415888336127774,4.324797384342786,0.25795559837512294
3.0,10.0,10.0,0.8,0.1,4.326001306514419,0.25708515989011177
