V,alpha,beta,eps,w,r2,rmse,ani_id
1.0,1.0,0.1,0.2,0.0001,0.43304517189118746,1.6108624224954042,1.4502219331854376
1.0,1.0,0.1,0.2,0.0001687612475788147,0.43287389460553055,1.6111057252199537,1.4651077912004884
1.0,1.0,0.1,0.2,0.0002848035868435802,0.432733824896161,1.6113046696666684,1.4793684469856954
1.0,1.0,0.1,0.2,0.0004806380863064389,0.43261974583879015,1.6114666808047775,1.4918247372346125
1.0,1.0,0.1,0.2,0.0008111308307896872,0.432512501421934,1.611618970770335,1.5007139652303443
1.0,1.0,0.1,0.2,0.0013688745095370807,0.432367761859639,1.6118244820398706,1.5035344433292959
1.0,1.0,0.1,0.2,0.002310129700083158,0.4320988457166015,1.612206238280719,1.4969772872215255
1.0,1.0,0.1,0.2,0.003898603702549072,0.43156392177766845,1.6129653534174027,1.4771443566070934
1.0,1.0,0.1,0.2,0.006579332246575682,0.4306232046804507,1.6142994672174087,1.4404532457741286
1.0,1.0,0.1,0.2,0.011103363181676379,0.42929116087445257,1.616186672174159,1.38568097925189
1.0,1.0,0.1,0.2,0.01873817422860383,0.4277886791684455,1.6183127079273947,1.316524856377543
1.0,1.0,0.1,0.2,0.03162277660168379,0.42638954731812034,1.6202899935681427,1.242021342424155
1.0,1.0,0.1,0.3,0.0001,0.44591595745176077,1.5924728726287878,1.4475388737410242
1.0,1.0,0.1,0.3,0.0001687612475788147,0.445570959068155,1.5929685691575326,1.4547582344681307
1.0,1.0,0.1,0.3,0.0002848035868435802,0.4452731708095623,1.5933963097894857,1.4580942912605488
1.0,1.0,0.1,0.3,0.0004806380863064389,0.4449927158367588,1.5937990480629711,1.4558115490419967
1.0,1.0,0.1,0.3,0.0008111308307896872,0.4446661740676819,1.5942678395967054,1.4458163824809431
1.0,1.0,0.1,0.3,0.0013688745095370807,0.4441916783764868,1.5949487919043168,1.425793750411495
1.0,1.0,0.1,0.3,0.002310129700083158,0.4434458989579484,1.5960184783366842,1.39363446115998
1.0,1.0,0.1,0.3,0.003898603702549072,0.4423484838755578,1.5975912204978897,1.3483865245962625
1.0,1.0,0.1,0.3,0.006579332246575682,0.4409589819202594,1.599580343610671,1.2917286969607455
1.0,1.0,0.1,0.3,0.011103363181676379,0.4394896904037091,1.6016810012783302,1.229013392500012
1.0,1.0,0.1,0.3,0.01873817422860383,0.43817657933973886,1.6035560378853722,1.1681242779273344
1.0,1.0,0.1,0.3,0.03162277660168379,0.43715076126045993,1.6050193148943148,1.1160875350339265
1.0,1.0,0.1,0.4,0.0001,0.4536675846803544,1.5812943024249626,1.4042453987010004
1.0,1.0,0.1,0.4,0.0001687612475788147,0.45293559887860607,1.5823532708296635,1.4036890040954257
1.0,1.0,0.1,0.4,0.0002848035868435802,0.4521584039155129,1.5834768684510423,1.3983742401726316
1.0,1.0,0.1,0.4,0.0004806380863064389,0.45126757260680384,1.584763771277768,1.38677842494884
1.0,1.0,0.1,0.4,0.0008111308307896872,0.4501830564933701,1.5863290637470144,1.3670804466667315
1.0,1.0,0.1,0.4,0.0013688745095370807,0.4488437700990689,1.5882599397826411,1.337463565278451
1.0,1.0,0.1,0.4,0.002310129700083158,0.44725881811275975,1.5905419684119384,1.2970125866869369
1.0,1.0,0.1,0.4,0.003898603702549072,0.4455502266802027,1.5929983527106966,1.2471775589580072
1.0,1.0,0.1,0.4,0.006579332246575682,0.44392298049510726,1.5953342733390652,1.1927257643872886
1.0,1.0,0.1,0.4,0.011103363181676379,0.4425580926650572,1.5972909427926025,1.1405303628066052
1.0,1.0,0.1,0.4,0.01873817422860383,0.441531321715431,1.598761317906717,1.096459510879753
1.0,1.0,0.1,0.4,0.03162277660168379,0.44081994481604597,1.599779244214847,1.0630800905022515
1.0,1.0,0.1,0.5,0.0001,0.45763258269372636,1.5755457454540678,1.3617256972461094
1.0,1.0,0.1,0.5,0.0001687612475788147,0.4562921248581896,1.5774915199077586,1.358683091900705
1.0,1.0,0.1,0.5,0.0002848035868435802,0.45483594566295266,1.5796025564045122,1.350776626327926
1.0,1.0,0.1,0.5,0.0004806380863064389,0.4532311430313248,1.5819257905970388,1.3360280895027095
1.0,1.0,0.1,0.5,0.0008111308307896872,0.4514720017842303,1.5844685434787518,1.3121683205325485
1.0,1.0,0.1,0.5,0.0013688745095370807,0.44960820028450665,1.5871581332098164,1.277618733280175
1.0,1.0,0.1,0.5,0.002310129700083158,0.44776085062977933,1.5898194917731612,1.2331673148458375
1.0,1.0,0.1,0.5,0.003898603702549072,0.44609234750636667,1.592219374319452,1.183137298080694
1.0,1.0,0.1,0.5,0.006579332246575682,0.4447320215912463,1.5941733183409121,1.1342585695832221
1.0,1.0,0.1,0.5,0.011103363181676379,0.4437221176175578,1.5956223759665866,1.0924967648188253
1.0,1.0,0.1,0.5,0.01873817422860383,0.4430262667384105,1.596620050205032,1.0606361326747205
1.0,1.0,0.1,0.5,0.03162277660168379,0.44257195782057,1.5972710780993105,1.0383408094467252
1.0,1.0,0.1,0.7,0.0001,0.4603745801493695,1.5715580275612797,1.3105396443598611
1.0,1.0,0.1,0.7,0.0001687612475788147,0.4581914194453105,1.5747338421598924,1.3056587997660642
1.0,1.0,0.1,0.7,0.0002848035868435802,0.4560300545964191,1.5778716540105944,1.2927466526820468
1.0,1.0,0.1,0.7,0.0004806380863064389,0.4539363779416045,1.5809052594786543,1.2690825584508454
1.0,1.0,0.1,0.7,0.0008111308307896872,0.45198527986222575,1.5837270468616202,1.2338287699688066
1.0,1.0,0.1,0.7,0.0013688745095370807,0.4502719995121586,1.5862007495835961,1.1898031249748924
1.0,1.0,0.1,0.7,0.002310129700083158,0.4488769277814246,1.5882121640270535,1.1432725121131155
1.0,1.0,0.1,0.7,0.003898603702549072,0.4478276329639938,1.5897233603536487,1.1010679471812563
1.0,1.0,0.1,0.7,0.006579332246575682,0.44709248880068336,1.5907812611052508,1.0674251891671558
1.0,1.0,0.1,0.7,0.011103363181676379,0.4466054582187945,1.5914817296016277,1.043151119441262
1.0,1.0,0.1,0.7,0.01873817422860383,0.446295497088619,1.5919273686372524,1.0268374608997737
1.0,1.0,0.1,0.7,0.03162277660168379,0.44610347470243056,1.592203381557799,1.0163829892818237
1.0,1.0,0.1,1.0,0.0001,0.46284430678194594,1.5679575950082347,1.257781588575715
1.0,1.0,0.1,1.0,0.0001687612475788147,0.4605264237839944,1.5713369039230682,1.2406132955499676
1.0,1.0,0.1,1.0,0.0002848035868435802,0.45849149035684267,1.5742977127958242,1.2119291355275035
1.0,1.0,0.1,1.0,0.0004806380863064389,0.4567836826976923,1.5767782658781004,1.1739824745316942
1.0,1.0,0.1,1.0,0.0008111308307896872,0.4554321852366318,1.5787385236394664,1.13251210533713
1.0,1.0,0.1,1.0,0.0013688745095370807,0.4544304485580438,1.5801899073092753,1.0941023031292443
1.0,1.0,0.1,1.0,0.002310129700083158,0.45373279706371816,1.5811999248585258,1.0630713325582195
1.0,1.0,0.1,1.0,0.003898603702549072,0.4532713945724318,1.5818675611257405,1.0404895883788006
1.0,1.0,0.1,1.0,0.006579332246575682,0.45297776424649044,1.5822922891670559,1.0252317703089338
1.0,1.0,0.1,1.0,0.011103363181676379,0.45279579000413067,1.5825554525991827,1.0154216116554804
1.0,1.0,0.1,1.0,0.01873817422860383,0.4526849453730263,1.5827157299596601,1.0093113659843373
1.0,1.0,0.1,1.0,0.03162277660168379,0.452618156922022,1.5828122958283093,1.0055800843220375
1.0,1.0,1.0,0.2,0.0001,0.3965245581878507,1.6619349547804485,1.0726152152140325
1.0,1.0,1.0,0.2,0.0001687612475788147,0.3968489268513685,1.661488248882233,1.0712928540998885
1.0,1.0,1.0,0.2,0.0002848035868435802,0.39716413326311295,1.6610540457338385,1.0696550660515611
1.0,1.0,1.0,0.2,0.0004806380863064389,0.39743753783563807,1.6606773335144458,1.0673210697860518
1.0,1.0,1.0,0.2,0.0008111308307896872,0.3976490989128884,1.660385774089717,1.0630203513542567
1.0,1.0,1.0,0.2,0.0013688745095370807,0.3977998444259506,1.6601779953956217,1.0554353451463085
1.0,1.0,1.0,0.2,0.002310129700083158,0.39790143126812244,1.6600379594361196,1.044864446165358
1.0,1.0,1.0,0.2,0.003898603702549072,0.39796704713251824,1.6599475026578732,1.0333385712963454
1.0,1.0,1.0,0.2,0.006579332246575682,0.3980080943239671,1.6598909132768098,1.023040044899586
1.0,1.0,1.0,0.2,0.011103363181676379,0.39803322068732166,1.6598562720656693,1.0150821369388805
1.0,1.0,1.0,0.2,0.01873817422860383,0.39804839573179723,1.6598353501872705,1.0095122382511665
1.0,1.0,1.0,0.2,0.03162277660168379,0.3980574880768603,1.6598228144181262,1.005856265229999
1.0,1.0,1.0,0.3,0.0001,0.407402711005934,1.6468879494308692,1.0668138794905726
1.0,1.0,1.0,0.3,0.0001687612475788147,0.40808584825082866,1.6459384218683317,1.0653231668446401
1.0,1.0,1.0,0.3,0.0002848035868435802,0.4088015814309648,1.6449429995814682,1.0634367944014764
1.0,1.0,1.0,0.3,0.0004806380863064389,0.4095074152528723,1.6439607547698523,1.0610406417654517
1.0,1.0,1.0,0.3,0.0008111308307896872,0.41011234088531195,1.6431184674568087,1.0578437616572078
1.0,1.0,1.0,0.3,0.0013688745095370807,0.41052086066748217,1.6425494077008982,1.053099382264131
1.0,1.0,1.0,0.3,0.002310129700083158,0.4107185083143299,1.6422740177668302,1.0460365876179105
1.0,1.0,1.0,0.3,0.003898603702549072,0.41077048028961294,1.6422015955816205,1.036948477585309
1.0,1.0,1.0,0.3,0.006579332246575682,0.41075415902537143,1.6422243393679385,1.0273493049429652
1.0,1.0,1.0,0.3,0.011103363181676379,0.41071907585041206,1.642273226930869,1.0188723796901031
1.0,1.0,1.0,0.3,0.01873817422860383,0.4106866904694313,1.6423183538908945,1.012348278965964
1.0,1.0,1.0,0.3,0.03162277660168379,0.4106627217390774,1.6423517519873654,1.0077874228539816
1.0,1.0,1.0,0.4,0.0001,0.4171432686051745,1.633296870095687,1.062758489189772
1.0,1.0,1.0,0.4,0.0001687612475788147,0.4179795000748861,1.6321247943455273,1.0612768929903456
1.0,1.0,1.0,0.4,0.0002848035868435802,0.4188369426272042,1.630922114152841,1.0594249173460486
1.0,1.0,1.0,0.4,0.0004806380863064389,0.4196714150375571,1.6297508005426347,1.0570451406653227
1.0,1.0,1.0,0.4,0.0008111308307896872,0.42040389365084035,1.6287219570915203,1.0538820880096096
1.0,1.0,1.0,0.4,0.0013688745095370807,0.42093099439967835,1.6279811862092868,1.0494624656610796
1.0,1.0,1.0,0.4,0.002310129700083158,0.42120425554922136,1.6275970208498902,1.0432284370167153
1.0,1.0,1.0,0.4,0.003898603702549072,0.4212759397740627,1.6274962282605843,1.0352364222389652
1.0,1.0,1.0,0.4,0.006579332246575682,0.42124244333832045,1.6275433271612194,1.026559559284859
1.0,1.0,1.0,0.4,0.011103363181676379,0.421177890242466,1.6276340905817068,1.0186288541593262
1.0,1.0,1.0,0.4,0.01873817422860383,0.421118123466688,1.6277181197930093,1.0123422395940098
1.0,1.0,1.0,0.4,0.03162277660168379,0.42107354818341886,1.627780787672692,1.0078513645964673
1.0,1.0,1.0,0.5,0.0001,0.4242924039117161,1.6232492147050803,1.0605146992925878
1.0,1.0,1.0,0.5,0.0001687612475788147,0.4250345002306393,1.6222026802186273,1.0591889238308554
1.0,1.0,1.0,0.5,0.0002848035868435802,0.4257614878004187,1.6211767976182316,1.0574839996499201
1.0,1.0,1.0,0.5,0.0004806380863064389,0.4264295646838385,1.6202334736181934,1.0551928897070004
1.0,1.0,1.0,0.5,0.0008111308307896872,0.42697703305473717,1.6194600391002536,1.051997848342894
1.0,1.0,1.0,0.5,0.0013688745095370807,0.42733446806007824,1.6189548743538225,1.0474453383470308
1.0,1.0,1.0,0.5,0.002310129700083158,0.42747716626610127,1.6187531542076254,1.0411353770492393
1.0,1.0,1.0,0.5,0.003898603702549072,0.4274582498518162,1.6187798961562054,1.0332762344297097
1.0,1.0,1.0,0.5,0.006579332246575682,0.4273646773049939,1.6189121722471056,1.0249346721467238
1.0,1.0,1.0,0.5,0.011103363181676379,0.4272613006666905,1.6190582950402195,1.0174185415019628
1.0,1.0,1.0,0.5,0.01873817422860383,0.42717701058914426,1.6191774292358576,1.011510438589151
1.0,1.0,1.0,0.5,0.03162277660168379,0.4271172525498601,1.619261884946291,1.0073104657566825
1.0,1.0,1.0,0.7,0.0001,0.43210896861698195,1.6121918693401498,1.0595723337014287
1.0,1.0,1.0,0.7,0.0001687612475788147,0.43242401826346677,1.6117446084090021,1.0586262031661746
1.0,1.0,1.0,0.7,0.0002848035868435802,0.43268599492406734,1.6113725981245024,1.0571244924449854
1.0,1.0,1.0,0.7,0.0004806380863064389,0.43286823893104676,1.6111137585891961,1.0547040778352645
1.0,1.0,1.0,0.7,0.0008111308307896872,0.43294315635340835,1.6110073419814768,1.0508962846039736
1.0,1.0,1.0,0.7,0.0013688745095370807,0.43289564697190874,1.611074827596191,1.0452757694032335
1.0,1.0,1.0,0.7,0.002310129700083158,0.43274694164883737,1.6112860406632665,1.0378414972141587
1.0,1.0,1.0,0.7,0.003898603702549072,0.43255297785175495,1.6115614948386483,1.0293772729304829
1.0,1.0,1.0,0.7,0.006579332246575682,0.4323689116734191,1.6118228495577709,1.0211927565354082
1.0,1.0,1.0,0.7,0.011103363181676379,0.43222342433528205,1.6120293963773002,1.0143635160435276
1.0,1.0,1.0,0.7,0.01873817422860383,0.4321206750377027,1.6121752525135824,1.0092879759882598
1.0,1.0,1.0,0.7,0.03162277660168379,0.43205297808783555,1.6122713434346563,1.0058140860754792
1.0,1.0,1.0,1.0,0.0001,0.4368039248518283,1.6055137576016079,1.0607171346676436
1.0,1.0,1.0,1.0,0.0001687612475788147,0.43667739390185906,1.6056940995651985,1.0597330310559723
1.0,1.0,1.0,1.0,0.0002848035868435802,0.43651324238310407,1.6059280311734216,1.0575693493121983
1.0,1.0,1.0,1.0,0.0004806380863064389,0.4363037677614543,1.6062265030575809,1.0536731842173503
1.0,1.0,1.0,1.0,0.0008111308307896872,0.4360496762977702,1.606588473244931,1.0476502000267818
1.0,1.0,1.0,1.0,0.0013688745095370807,0.4357697665438999,1.60698712892286,1.0396626250547178
1.0,1.0,1.0,1.0,0.002310129700083158,0.4354994770431475,1.6073719893197398,1.030669338884478
1.0,1.0,1.0,1.0,0.003898603702549072,0.435271732398843,1.6076961993357273,1.0220639836804315
1.0,1.0,1.0,1.0,0.006579332246575682,0.4351006797504771,1.6079396614462658,1.0149301226292304
1.0,1.0,1.0,1.0,0.011103363181676379,0.43498265142351933,1.608107631657224,1.0096461986067036
1.0,1.0,1.0,1.0,0.01873817422860383,0.4349057564184663,1.6082170541713343,1.006035696242284
1.0,1.0,1.0,1.0,0.03162277660168379,0.4348574750453965,1.608285755339305,1.0036982650207888
1.0,3.0,0.1,0.2,0.0001,0.45386037339873425,1.5810152757807772,1.4925663768113029
1.0,3.0,0.1,0.2,0.0001687612475788147,0.45349059596580243,1.5815504180929247,1.5116426621047248
1.0,3.0,0.1,0.2,0.0002848035868435802,0.45309201004466104,1.582127049371331,1.5303775923322163
1.0,3.0,0.1,0.2,0.0004806380863064389,0.45263350828803994,1.5827901006262195,1.5473526573402854
1.0,3.0,0.1,0.2,0.0008111308307896872,0.45205788604186964,1.583622129808131,1.5603772565646674
1.0,3.0,0.1,0.2,0.0013688745095370807,0.451269576763723,1.5847608772277548,1.5662818701250127
1.0,3.0,0.1,0.2,0.002310129700083158,0.45012717592725326,1.586409674862164,1.5608669921071114
1.0,3.0,0.1,0.2,0.003898603702549072,0.4484688937723074,1.5887999861540503,1.539319449561971
1.0,3.0,0.1,0.2,0.006579332246575682,0.44622305656562944,1.592031500244444,1.4975710934008097
1.0,3.0,0.1,0.2,0.011103363181676379,0.4435562883135939,1.5958601898718192,1.434806450211453
1.0,3.0,0.1,0.2,0.01873817422860383,0.4408523973249537,1.5997328212398358,1.3559839229675181
1.0,3.0,0.1,0.2,0.03162277660168379,0.4384901596951443,1.6031084650016107,1.271676088023895
1.0,3.0,0.1,0.3,0.0001,0.46574135384640636,1.5637236379979496,1.5090727685117937
1.0,3.0,0.1,0.3,0.0001687612475788147,0.4649032683585082,1.5649496551576614,1.5221446585270313
1.0,3.0,0.1,0.3,0.0002848035868435802,0.46391816250129614,1.5663895183615382,1.5309437171655471
1.0,3.0,0.1,0.3,0.0004806380863064389,0.4627040149048845,1.568162337651761,1.5329850113332188
1.0,3.0,0.1,0.3,0.0008111308307896872,0.4611547007012372,1.5704216391602444,1.5251279207987412
1.0,3.0,0.1,0.3,0.0013688745095370807,0.4591671202552948,1.573315295563507,1.5038329854254564
1.0,3.0,0.1,0.3,0.002310129700083158,0.4567042226220398,1.5768935848908416,1.4659992701313775
1.0,3.0,0.1,0.3,0.003898603702549072,0.4538787234948858,1.5809887147837212,1.4106313504928039
1.0,3.0,0.1,0.3,0.006579332246575682,0.4509774271458868,1.5851826924367032,1.340871946357461
1.0,3.0,0.1,0.3,0.011103363181676379,0.4483493084474847,1.5889722220101914,1.2646404428850426
1.0,3.0,0.1,0.3,0.01873817422860383,0.44623452029609095,1.59201502184581,1.192141406403208
1.0,3.0,0.1,0.3,0.03162277660168379,0.4446908560242482,1.594232410378306,1.1314423976102534
1.0,3.0,0.1,0.4,0.0001,0.47154178978615063,1.5552118128981225,1.4860584968404589
1.0,3.0,0.1,0.4,0.0001687612475788147,0.4697924474755437,1.557783776026331,1.4930582410911644
1.0,3.0,0.1,0.4,0.0002848035868435802,0.4677263210306196,1.5608160308241752,1.493885034688671
1.0,3.0,0.1,0.4,0.0004806380863064389,0.46529191371075224,1.5643812337384706,1.4854879905252125
1.0,3.0,0.1,0.4,0.0008111308307896872,0.46248893714001194,1.5684761712871815,1.4642114251652991
1.0,3.0,0.1,0.4,0.0013688745095370807,0.45941384495776033,1.572956386144644,1.4267768596018389
1.0,3.0,0.1,0.4,0.002310129700083158,0.45628136679901315,1.5775071263243203,1.3723412564858832
1.0,3.0,0.1,0.4,0.003898603702549072,0.45337687513100855,1.5817149586087245,1.3047573455350219
1.0,3.0,0.1,0.4,0.006579332246575682,0.45094360295455055,1.5852315216648174,1.232678564157372
1.0,3.0,0.1,0.4,0.011103363181676379,0.44908940583341495,1.5879059776452356,1.1661351733874077
1.0,3.0,0.1,0.4,0.01873817422860383,0.44778307132018397,1.5897875063170968,1.1120269611658697
1.0,3.0,0.1,0.4,0.03162277660168379,0.4469154919238717,1.5910358613587103,1.072292716058146
1.0,3.0,0.1,0.5,0.0001,0.4738634653354802,1.5517917963058268,1.4660618445782794
1.0,3.0,0.1,0.5,0.0001687612475788147,0.471188581123215,1.5557314590290479,1.4709753963141816
1.0,3.0,0.1,0.5,0.0002848035868435802,0.46822878842248317,1.5600791501891393,1.4671307382940595
1.0,3.0,0.1,0.5,0.0004806380863064389,0.4650513084667903,1.5647331603364711,1.4500451903839693
1.0,3.0,0.1,0.5,0.0008111308307896872,0.46179952182544814,1.5694817180183283,1.4155815109365262
1.0,3.0,0.1,0.5,0.0013688745095370807,0.45868567046259223,1.574015422950974,1.362587543677543
1.0,3.0,0.1,0.5,0.002310129700083158,0.4559364142627626,1.5780074575336813,1.2955046070390488
1.0,3.0,0.1,0.5,0.003898603702549072,0.453711205400767,1.5812311736670759,1.224005272831114
1.0,3.0,0.1,0.5,0.006579332246575682,0.45205208020072857,1.5836305195941358,1.1586764824363103
1.0,3.0,0.1,0.5,0.011103363181676379,0.4508978821184033,1.5852975227188693,1.106242933064901
1.0,3.0,0.1,0.5,0.01873817422860383,0.45013668751465863,1.5863959541081327,1.0681870496466983
1.0,3.0,0.1,0.5,0.03162277660168379,0.4496534833870859,1.5870928407009661,1.0424940348713192
1.0,3.0,0.1,0.7,0.0001,0.47654872192394726,1.5478267708463522,1.4461673305686369
1.0,3.0,0.1,0.7,0.0001687612475788147,0.47303334557655174,1.5530154951357986,1.438521635082693
1.0,3.0,0.1,0.7,0.0002848035868435802,0.46963999566992676,1.5580077165185475,1.4119263175101224
1.0,3.0,0.1,0.7,0.0004806380863064389,0.4665354822778709,1.5625610370669898,1.364137454738698
1.0,3.0,0.1,0.7,0.0008111308307896872,0.4638766352903104,1.5664501868302243,1.2993797316460918
1.0,3.0,0.1,0.7,0.0013688745095370807,0.4617597695886412,1.5695396790007419,1.2280794067125984
1.0,3.0,0.1,0.7,0.002310129700083158,0.460191534668148,1.5718245478124084,1.16194402763162
1.0,3.0,0.1,0.7,0.003898603702549072,0.4591014710462251,1.57341078140992,1.1085249218067146
1.0,3.0,0.1,0.7,0.006579332246575682,0.4583815477452582,1.5744575197190072,1.069664796388453
1.0,3.0,0.1,0.7,0.011103363181676379,0.45792369443464315,1.5751228573782738,1.0434127561229432
1.0,3.0,0.1,0.7,0.01873817422860383,0.45764000062126725,1.575534971093582,1.0265343819957258
1.0,3.0,0.1,0.7,0.03162277660168379,0.45746719790358364,1.5757859437339612,1.0160214925957411
1.0,3.0,0.1,1.0,0.0001,0.48434343476610686,1.5362592021466743,1.3655330675066988
1.0,3.0,0.1,1.0,0.0001687612475788147,0.48125289282155614,1.540856041468389,1.3176739334450767
1.0,3.0,0.1,1.0,0.0002848035868435802,0.4787501861950079,1.5445685157597917,1.2554481095585392
1.0,3.0,0.1,1.0,0.0004806380863064389,0.4768511367972242,1.547379591249112,1.190104679965087
1.0,3.0,0.1,1.0,0.0008111308307896872,0.4754978889308934,1.549379629744415,1.1321710871300663
1.0,3.0,0.1,1.0,0.0013688745095370807,0.47458468658848163,1.5507278433636937,1.0871121521998808
1.0,3.0,0.1,1.0,0.002310129700083158,0.47399425921436716,1.5515989019995273,1.0552554889975765
1.0,3.0,0.1,1.0,0.003898603702549072,0.4736241667771268,1.552144650841924,1.0341586103127758
1.0,3.0,0.1,1.0,0.006579332246575682,0.4733970106376556,1.552479526736758,1.0207712984846418
1.0,3.0,0.1,1.0,0.011103363181676379,0.4732594700632612,1.5526822553476405,1.0125018067368945
1.0,3.0,0.1,1.0,0.01873817422860383,0.47317689737913843,1.5528039510497533,1.0074776228147444
1.0,3.0,0.1,1.0,0.03162277660168379,0.47312758310993275,1.5528766259189672,1.004455687611625
1.0,3.0,1.0,0.2,0.0001,0.4177312831277044,1.6324727871135454,1.1259563220962134
1.0,3.0,1.0,0.2,0.0001687612475788147,0.41807727770771613,1.631987692643855,1.1247507702257298
1.0,3.0,1.0,0.2,0.0002848035868435802,0.41842424171158116,1.63150109417376,1.1228758207848342
1.0,3.0,1.0,0.2,0.0004806380863064389,0.4186742964672344,1.6311503157383973,1.1200398911787117
1.0,3.0,1.0,0.2,0.0008111308307896872,0.41867192026672856,1.6311536494429126,1.1150231095497007
1.0,3.0,1.0,0.2,0.0013688745095370807,0.4183762343949257,1.6315684305200988,1.1055068719641448
1.0,3.0,1.0,0.2,0.002310129700083158,0.41790840702952636,1.6322244722597563,1.090158295373113
1.0,3.0,1.0,0.2,0.003898603702549072,0.41742620492886245,1.6329003960718986,1.0707627058596816
1.0,3.0,1.0,0.2,0.006579332246575682,0.4170257614347963,1.6334615026811805,1.051201399011789
1.0,3.0,1.0,0.2,0.011103363181676379,0.41673349737348286,1.6338709052258125,1.034676760215355
1.0,3.0,1.0,0.2,0.01873817422860383,0.4165366719449335,1.6341465598485525,1.022383772181603
1.0,3.0,1.0,0.2,0.03162277660168379,0.41641060101193667,1.634323098153516,1.0139887773790948
1.0,3.0,1.0,0.3,0.0001,0.42465513404056754,1.622737762211626,1.1199523799247906
1.0,3.0,1.0,0.3,0.0001687612475788147,0.4251433636041049,1.6220490998591799,1.1186897285092723
1.0,3.0,1.0,0.3,0.0002848035868435802,0.42562820320572586,1.6213649296844213,1.1167183157107994
1.0,3.0,1.0,0.3,0.0004806380863064389,0.42606992016266637,1.6207413596083347,1.113698318985331
1.0,3.0,1.0,0.3,0.0008111308307896872,0.42636919441867294,1.6203187389533062,1.1090781448280287
1.0,3.0,1.0,0.3,0.0013688745095370807,0.42638917292204065,1.6202905223504556,1.1017746751168198
1.0,3.0,1.0,0.3,0.002310129700083158,0.42610208084170076,1.6206959491352466,1.0903951361654498
1.0,3.0,1.0,0.3,0.003898603702549072,0.42563671273950854,1.6213529190748954,1.0747785624018442
1.0,3.0,1.0,0.3,0.006579332246575682,0.42515695630596234,1.6220299227646195,1.057060558602953
1.0,3.0,1.0,0.3,0.011103363181676379,0.42476084168346456,1.6225886832211016,1.040396142016941
1.0,3.0,1.0,0.3,0.01873817422860383,0.42447365884916843,1.6229936638849884,1.0269387315988576
1.0,3.0,1.0,0.3,0.03162277660168379,0.4242813295358373,1.623264827131961,1.0172106585397884
1.0,3.0,1.0,0.4,0.0001,0.430380098126593,1.6146440587970345,1.1160996317482053
1.0,3.0,1.0,0.4,0.0001687612475788147,0.43083195328630386,1.6140035176297676,1.1149473084373898
1.0,3.0,1.0,0.4,0.0002848035868435802,0.4312533825949589,1.6134058783690952,1.1130310684749096
1.0,3.0,1.0,0.4,0.0004806380863064389,0.43160052664309523,1.6129134185275233,1.1099185311056594
1.0,3.0,1.0,0.4,0.0008111308307896872,0.4318007609865016,1.6126292969524514,1.104959915799094
1.0,3.0,1.0,0.4,0.0013688745095370807,0.43175974688021374,1.6126874978011492,1.0972200195823067
1.0,3.0,1.0,0.4,0.002310129700083158,0.43145025748245913,1.613126609373044,1.0857512829585276
1.0,3.0,1.0,0.4,0.003898603702549072,0.4309733612373751,1.6138030082112729,1.07065794071268
1.0,3.0,1.0,0.4,0.006579332246575682,0.43047898006600377,1.6145039073864278,1.0538734535009482
1.0,3.0,1.0,0.4,0.011103363181676379,0.43006639897834203,1.6150886032619487,1.0381768681510855
1.0,3.0,1.0,0.4,0.01873817422860383,0.42976477015717096,1.6155159274559328,1.0254958898833042
1.0,3.0,1.0,0.4,0.03162277660168379,0.42956164262618957,1.6158036390229844,1.0163099671832936
1.0,3.0,1.0,0.5,0.0001,0.43448896652984537,1.6088100216858996,1.1146342491108077
1.0,3.0,1.0,0.5,0.0001687612475788147,0.43478012991129017,1.6083958061814745,1.1137597515344348
1.0,3.0,1.0,0.5,0.0002848035868435802,0.43501040241166056,1.608068139839937,1.1119630963291962
1.0,3.0,1.0,0.5,0.0004806380863064389,0.4351370614295831,1.6078878818772238,1.108660283852727
1.0,3.0,1.0,0.5,0.0008111308307896872,0.43510390313294967,1.607935073892585,1.1030303876409475
1.0,3.0,1.0,0.5,0.0013688745095370807,0.4348593020367433,1.6082831557061201,1.0941200637601252
1.0,3.0,1.0,0.5,0.002310129700083158,0.4344173077988527,1.6089119486385834,1.0813651500842802
1.0,3.0,1.0,0.5,0.003898603702549072,0.4338826352986127,1.6096722598851627,1.0655265709664166
1.0,3.0,1.0,0.5,0.006579332246575682,0.433379476000027,1.610387431096261,1.0489000681373761
1.0,3.0,1.0,0.5,0.011103363181676379,0.4329793723806397,1.610955896330117,1.0340565065646437
1.0,3.0,1.0,0.5,0.01873817422860383,0.4326945908385749,1.61136039035822,1.022459552599305
1.0,3.0,1.0,0.5,0.03162277660168379,0.4325057675738123,1.6116285325362043,1.0142461854703533
1.0,3.0,1.0,0.7,0.0001,0.4392845788559225,1.6019740317671443,1.1164101324497948
1.0,3.0,1.0,0.7,0.0001687612475788147,0.4391917644355055,1.6021066125141938,1.1159213256266944
1.0,3.0,1.0,0.7,0.0002848035868435802,0.4390096129444823,1.6023667748987507,1.1137407367220042
1.0,3.0,1.0,0.7,0.0004806380863064389,0.4387109991805299,1.6027931860523768,1.1088680048685147
1.0,3.0,1.0,0.7,0.0008111308307896872,0.43827841998810774,1.6034106945427375,1.1002510967588055
1.0,3.0,1.0,0.7,0.0013688745095370807,0.43772949505692066,1.604193944836267,1.0873702890675578
1.0,3.0,1.0,0.7,0.002310129700083158,0.4371349506924198,1.6050418574218104,1.0710433906127204
1.0,3.0,1.0,0.7,0.003898603702549072,0.4365878461343387,1.6058217179197967,1.0535858314601114
1.0,3.0,1.0,0.7,0.006579332246575682,0.436150164451854,1.6064453309364348,1.0376952068446321
1.0,3.0,1.0,0.7,0.011103363181676379,0.43583499081099947,1.6068942434474058,1.0250602188008011
1.0,3.0,1.0,0.7,0.01873817422860383,0.43562390078186775,1.6071948360258717,1.0159882425589486
1.0,3.0,1.0,0.7,0.03162277660168379,0.43548903927188815,1.6073868496280284,1.0099203332233107
1.0,3.0,1.0,1.0,0.0001,0.44307153018497614,1.5965551728236327,1.1209713477938261
1.0,3.0,1.0,1.0,0.0001687612475788147,0.44257135222195876,1.5972719457493114,1.1188731401197733
1.0,3.0,1.0,1.0,0.0002848035868435802,0.4420023627631669,1.5980869371405484,1.1129999587040753
1.0,3.0,1.0,1.0,0.0004806380863064389,0.4413749121315117,1.5989851837170022,1.102333576840918
1.0,3.0,1.0,1.0,0.0008111308307896872,0.44072624735739546,1.5999132698918406,1.0869586882341322
1.0,3.0,1.0,1.0,0.0013688745095370807,0.4401174187353835,1.600783870412316,1.0686499201677842
1.0,3.0,1.0,1.0,0.002310129700083158,0.43960617832474297,1.6015145581446217,1.0503322093821388
1.0,3.0,1.0,1.0,0.003898603702549072,0.4392191685621849,1.602067468234434,1.0345885229724543
1.0,3.0,1.0,1.0,0.006579332246575682,0.43894941843613144,1.6024527399127648,1.0226028619399392
1.0,3.0,1.0,1.0,0.011103363181676379,0.4387721770231936,1.6027058352391117,1.0142528715569132
1.0,3.0,1.0,1.0,0.01873817422860383,0.43866020967295416,1.6028657005993494,1.0087771151988083
1.0,3.0,1.0,1.0,0.03162277660168379,0.43859122634403525,1.6029641860594037,1.005324235790389
1.0,10.0,0.1,0.2,0.0001,0.49490649009228255,1.5204429025955157,1.5483135199183615
1.0,10.0,0.1,0.2,0.0001687612475788147,0.49404063126863756,1.521745557609948,1.5718603673405644
1.0,10.0,0.1,0.2,0.0002848035868435802,0.49280979111790746,1.523595397646529,1.5943175377275445
1.0,10.0,0.1,0.2,0.0004806380863064389,0.4910789332764366,1.5261929250971205,1.6134401471040571
1.0,10.0,0.1,0.2,0.0008111308307896872,0.4886906717366233,1.5297697878571868,1.625921326234222
1.0,10.0,0.1,0.2,0.0013688745095370807,0.48549288113862177,1.534546014684188,1.6273217584541861
1.0,10.0,0.1,0.2,0.002310129700083158,0.48139842820360024,1.5406398814164703,1.612438282454666
1.0,10.0,0.1,0.2,0.003898603702549072,0.4764745612108293,1.5479364122557033,1.5764871149985948
1.0,10.0,0.1,0.2,0.006579332246575682,0.4710159414450985,1.5559853860922515,1.5172705573333094
1.0,10.0,0.1,0.2,0.011103363181676379,0.4655181590411849,1.564050238747724,1.4376648361430568
1.0,10.0,0.1,0.2,0.01873817422860383,0.4605214252462588,1.571344183583242,1.3465729229413557
1.0,10.0,0.1,0.2,0.03162277660168379,0.45641413612867165,1.5773145107522184,1.2564819529044788
1.0,10.0,0.1,0.3,0.0001,0.4994851962903753,1.5135357555988969,1.5779935572167516
1.0,10.0,0.1,0.3,0.0001687612475788147,0.4968988481840757,1.5174412208993526,1.5976355842108485
1.0,10.0,0.1,0.3,0.0002848035868435802,0.49355574039441164,1.5224745725026059,1.6118961348176237
1.0,10.0,0.1,0.3,0.0004806380863064389,0.4894172151704166,1.528682540627673,1.6170991829147972
1.0,10.0,0.1,0.3,0.0008111308307896872,0.4845589988821921,1.5359380611041882,1.6086009012001268
1.0,10.0,0.1,0.3,0.0013688745095370807,0.4792130445293114,1.5438825920726404,1.58140825561861
1.0,10.0,0.1,0.3,0.002310129700083158,0.47376144277212223,1.551942242142947,1.5318194250170114
1.0,10.0,0.1,0.3,0.003898603702549072,0.46865498334348354,1.5594538520610686,1.460101837641752
1.0,10.0,0.1,0.3,0.006579332246575682,0.4642783950963218,1.5658631440786734,1.3727690064067222
1.0,10.0,0.1,0.3,0.011103363181676379,0.4608370400270515,1.5708844693052442,1.2817146187883521
1.0,10.0,0.1,0.3,0.01873817422860383,0.4583318178805308,1.5745297991640363,1.1993797266650292
1.0,10.0,0.1,0.3,0.03162277660168379,0.45662017436792385,1.5770155534693129,1.1335328462399643
1.0,10.0,0.1,0.4,0.0001,0.5001373005261416,1.5125494663259211,1.589437926240853
1.0,10.0,0.1,0.4,0.0001687612475788147,0.4959556928786435,1.518862915728931,1.6088685048128804
1.0,10.0,0.1,0.4,0.0002848035868435802,0.4912145247407439,1.5259896003258238,1.6181942856082279
1.0,10.0,0.1,0.4,0.0004806380863064389,0.48613803256197047,1.5335836129466127,1.6108329219726847
1.0,10.0,0.1,0.4,0.0008111308307896872,0.48104655053486506,1.5411624645248128,1.5798632443528475
1.0,10.0,0.1,0.4,0.0013688745095370807,0.47629715846101794,1.5481986582671785,1.521273975196936
1.0,10.0,0.1,0.4,0.002310129700083158,0.47219464690467494,1.5542508619070865,1.4381481623969503
1.0,10.0,0.1,0.4,0.003898603702549072,0.46891357984039994,1.5590743261705382,1.3420483731707955
1.0,10.0,0.1,0.4,0.006579332246575682,0.46647241271616274,1.5626534022795255,1.2485315352112034
1.0,10.0,0.1,0.4,0.011103363181676379,0.4647671704721089,1.5651486591756651,1.169757336092519
1.0,10.0,0.1,0.4,0.01873817422860383,0.4636353000542389,1.5668027149203767,1.1105292450703812
1.0,10.0,0.1,0.4,0.03162277660168379,0.4629123341334928,1.5678583059369582,1.069554506795436
1.0,10.0,0.1,0.5,0.0001,0.5033195632438228,1.5077271271049084,1.6070277906344974
1.0,10.0,0.1,0.5,0.0001687612475788147,0.49838430284312457,1.5151993690980043,1.6187483275605563
1.0,10.0,0.1,0.5,0.0002848035868435802,0.49334081061115614,1.5227975995813885,1.6093251324382565
1.0,10.0,0.1,0.5,0.0004806380863064389,0.488502908058451,1.5300506441034625,1.5710592958173364
1.0,10.0,0.1,0.5,0.0008111308307896872,0.4841762072985063,1.5365082864482158,1.5018176069453077
1.0,10.0,0.1,0.5,0.0013688745095370807,0.48058172508450187,1.541852517935284,1.4091878916395435
1.0,10.0,0.1,0.5,0.002310129700083158,0.4778053879556117,1.5459676960600877,1.3090019328446048
1.0,10.0,0.1,0.5,0.003898603702549072,0.4758000109959582,1.5489333310627909,1.2176768584968962
1.0,10.0,0.1,0.5,0.006579332246575682,0.47443196345358424,1.5509532030020607,1.1449716090587987
1.0,10.0,0.1,0.5,0.011103363181676379,0.4735398883284157,1.552268903419073,1.0926497700245374
1.0,10.0,0.1,0.5,0.01873817422860383,0.4729771808035121,1.553098254109325,1.0575659639503525
1.0,10.0,0.1,0.5,0.03162277660168379,0.47263028687257874,1.5536093057309053,1.0351187724745325
1.0,10.0,0.1,0.7,0.0001,0.5187349548686714,1.484145164089967,1.5599036172239866
1.0,10.0,0.1,0.7,0.0001687612475788147,0.5137935289483848,1.4917449933455575,1.5133674470631788
1.0,10.0,0.1,0.7,0.0002848035868435802,0.5096078338514455,1.4981523626067728,1.4375172632755393
1.0,10.0,0.1,0.7,0.0004806380863064389,0.5063115260868966,1.503179054222022,1.344430397532529
1.0,10.0,0.1,0.7,0.0008111308307896872,0.5038882953555957,1.506863655965608,1.2513066366343013
1.0,10.0,0.1,0.7,0.0013688745095370807,0.5022108038113812,1.5094090684858186,1.1719131825397484
1.0,10.0,0.1,0.7,0.002310129700083158,0.5011045671483753,1.5110853172015968,1.1119555074407295
1.0,10.0,0.1,0.7,0.003898603702549072,0.5004011237812546,1.5121502583121258,1.0704327430692056
1.0,10.0,0.1,0.7,0.006579332246575682,0.49996510255791515,1.512809973378914,1.0433093038523003
1.0,10.0,0.1,0.7,0.011103363181676379,0.4996994018084994,1.5132118466919344,1.0262476423372975
1.0,10.0,0.1,0.7,0.01873817422860383,0.49953924404619743,1.5134540343203053,1.0157654781482228
1.0,10.0,0.1,0.7,0.03162277660168379,0.49944335681161556,1.5135990146906257,1.0094179849438567
1.0,10.0,0.1,1.0,0.0001,0.5593407856587312,1.420154680524077,1.2900468368674363
1.0,10.0,0.1,1.0,0.0001687612475788147,0.5568404752109717,1.4241779765765887,1.2140287882989627
1.0,10.0,0.1,1.0,0.0002848035868435802,0.5551502436942194,1.4268913331095359,1.1477862088189372
1.0,10.0,0.1,1.0,0.0004806380863064389,0.5540557866527847,1.4286455342589945,1.096911988837694
1.0,10.0,0.1,1.0,0.0008111308307896872,0.5533689030923655,1.4297453753554217,1.061258177557849
1.0,10.0,0.1,1.0,0.0013688745095370807,0.5529469106591526,1.4304206522078142,1.037783643382446
1.0,10.0,0.1,1.0,0.002310129700083158,0.5526912325873443,1.4308296359799095,1.0229428403352274
1.0,10.0,0.1,1.0,0.003898603702549072,0.552537670565972,1.431075218285364,1.0137966895520756
1.0,10.0,0.1,1.0,0.006579332246575682,0.5524459352944538,1.4312219047629156,1.008247730577868
1.0,10.0,0.1,1.0,0.011103363181676379,0.5523913128609479,1.4313092399525065,1.0049130000102566
1.0,10.0,0.1,1.0,0.01873817422860383,0.5523588524730219,1.4313611379743734,1.0029203376655405
1.0,10.0,0.1,1.0,0.03162277660168379,0.5523395848908741,1.4313919423047097,1.001733673932807
1.0,10.0,1.0,0.2,0.0001,0.4420466475477091,1.5980235207968365,1.2580324683293287
1.0,10.0,1.0,0.2,0.0001687612475788147,0.44212099261501825,1.5979170521077104,1.2591630856468172
1.0,10.0,1.0,0.2,0.0002848035868435802,0.44211798752377335,1.5979213558008178,1.2592687566909502
1.0,10.0,1.0,0.2,0.0004806380863064389,0.44196546074035453,1.598139779358598,1.2576423210863656
1.0,10.0,1.0,0.2,0.0008111308307896872,0.4414087496981006,1.5989367553630258,1.2531696096743405
1.0,10.0,1.0,0.2,0.0013688745095370807,0.44007552753122936,1.6008437557452888,1.2438900461019031
1.0,10.0,1.0,0.2,0.002310129700083158,0.43795149716152065,1.6038772204224645,1.2267191787815201
1.0,10.0,1.0,0.2,0.003898603702549072,0.43550888710840696,1.607358592043978,1.199081627596981
1.0,10.0,1.0,0.2,0.006579332246575682,0.4332730727011491,1.6105386279593612,1.1622489369447027
1.0,10.0,1.0,0.2,0.011103363181676379,0.431511314310572,1.6130399898293382,1.122106834280996
1.0,10.0,1.0,0.2,0.01873817422860383,0.43025255593505174,1.6148248141698878,1.0855445563884312
1.0,10.0,1.0,0.2,0.03162277660168379,0.42941011713767313,1.6160182276598147,1.0566448723461177
1.0,10.0,1.0,0.3,0.0001,0.4469211866309454,1.5910276704707336,1.2585754368676254
1.0,10.0,1.0,0.3,0.0001687612475788147,0.4469059535405157,1.5910495806405998,1.2606355456134226
1.0,10.0,1.0,0.3,0.0002848035868435802,0.4467525604900957,1.5912701932389999,1.2613853162398996
1.0,10.0,1.0,0.3,0.0004806380863064389,0.44637252059460936,1.5918166416240092,1.259808028472278
1.0,10.0,1.0,0.3,0.0008111308307896872,0.4456239107059653,1.5928924978277605,1.254369448795836
1.0,10.0,1.0,0.3,0.0013688745095370807,0.44431929859715175,1.5947656717580003,1.2429417366816233
1.0,10.0,1.0,0.3,0.002310129700083158,0.44241336196754405,1.5974982846033372,1.2231191355855737
1.0,10.0,1.0,0.3,0.003898603702549072,0.4401872019450049,1.6006841072466687,1.1936171481494764
1.0,10.0,1.0,0.3,0.006579332246575682,0.4380731239954179,1.603703672177137,1.1564399685944529
1.0,10.0,1.0,0.3,0.011103363181676379,0.4363590125812227,1.6061477923417486,1.1171436712137228
1.0,10.0,1.0,0.3,0.01873817422860383,0.4351137567771418,1.6079210499957266,1.0818609206665175
1.0,10.0,1.0,0.3,0.03162277660168379,0.4342732306501789,1.6091168635770912,1.0541431984844005
1.0,10.0,1.0,0.4,0.0001,0.4504443680966524,1.5859520514881422,1.2633319508421033
1.0,10.0,1.0,0.4,0.0001687612475788147,0.450144557830532,1.586384600848465,1.2666234324780943
1.0,10.0,1.0,0.4,0.0002848035868435802,0.44962455716459904,1.5871345489665825,1.2679109159644015
1.0,10.0,1.0,0.4,0.0004806380863064389,0.44879241516483565,1.5883339324914487,1.2655790160104405
1.0,10.0,1.0,0.4,0.0008111308307896872,0.44754821701954123,1.5901255335707174,1.2573836080292864
1.0,10.0,1.0,0.4,0.0013688745095370807,0.445841297181027,1.5925801582044639,1.2407800842759102
1.0,10.0,1.0,0.4,0.002310129700083158,0.4437856856433224,1.5955312043908325,1.2140473501202984
1.0,10.0,1.0,0.4,0.003898603702549072,0.44168202974844467,1.5985455829510744,1.1781376548012878
1.0,10.0,1.0,0.4,0.006579332246575682,0.4398429341155567,1.6011762175997057,1.1376413111264647
1.0,10.0,1.0,0.4,0.011103363181676379,0.43842656179262235,1.603199248316381,1.09895769431567
1.0,10.0,1.0,0.4,0.01873817422860383,0.43743116892905587,1.6046194602251582,1.0669415307530166
1.0,10.0,1.0,0.4,0.03162277660168379,0.43677388796734024,1.6055565703895833,1.043247472221844
1.0,10.0,1.0,0.5,0.0001,0.45271924409567954,1.5826661369712225,1.2723329192483452
1.0,10.0,1.0,0.5,0.0001687612475788147,0.4520442844844451,1.5836417847982471,1.276689376603328
1.0,10.0,1.0,0.5,0.0002848035868435802,0.4510829978802195,1.585030278897845,1.2776512678939127
1.0,10.0,1.0,0.5,0.0004806380863064389,0.44977164995397884,1.5869224467994534,1.2727339046668844
1.0,10.0,1.0,0.5,0.0008111308307896872,0.44808858089659964,1.5893476768970243,1.2590143305643537
1.0,10.0,1.0,0.5,0.0013688745095370807,0.44611524145651693,1.5921864694051708,1.2342519001297325
1.0,10.0,1.0,0.5,0.002310129700083158,0.44406740754574625,1.5951270858645699,1.1987746370282781
1.0,10.0,1.0,0.5,0.003898603702549072,0.4422119010023065,1.59778685364298,1.1567478440082568
1.0,10.0,1.0,0.5,0.006579332246575682,0.4407271373867661,1.5999119968387412,1.1148562610608201
1.0,10.0,1.0,0.5,0.011103363181676379,0.43965051210631506,1.601451207516749,1.0789220324933633
1.0,10.0,1.0,0.5,0.01873817422860383,0.4389234236750062,1.6024898621394166,1.051582479104467
1.0,10.0,1.0,0.5,0.03162277660168379,0.43845556410715614,1.6031578493772243,1.0325345133303874
1.0,10.0,1.0,0.7,0.0001,0.455318348813086,1.578903524720413,1.294982787914262
1.0,10.0,1.0,0.7,0.0001687612475788147,0.4539296706484663,1.5809149685693265,1.2974675793523383
1.0,10.0,1.0,0.7,0.0002848035868435802,0.452262654276089,1.5833261990881085,1.2911347340892612
1.0,10.0,1.0,0.7,0.0004806380863064389,0.4503793304208823,1.586045894201927,1.2724814250812302
1.0,10.0,1.0,0.7,0.0008111308307896872,0.448420954019804,1.5888690348642678,1.2401312359786847
1.0,10.0,1.0,0.7,0.0013688745095370807,0.44658091197561695,1.5915170249121324,1.1969086527559174
1.0,10.0,1.0,0.7,0.002310129700083158,0.445028633285861,1.593747475656615,1.1496641066258269
1.0,10.0,1.0,0.7,0.003898603702549072,0.443842800082771,1.5954492843399835,1.1060485599531273
1.0,10.0,1.0,0.7,0.006579332246575682,0.44300728335617356,1.5966472588404106,1.0709459846280993
1.0,10.0,1.0,0.7,0.011103363181676379,0.44245288318906,1.5974416690049271,1.0454825213526207
1.0,10.0,1.0,0.7,0.01873817422860383,0.44209998323849126,1.5979471401057346,1.028317013181887
1.0,10.0,1.0,0.7,0.03162277660168379,0.44188140124871944,1.5982601426598972,1.0172970586118444
1.0,10.0,1.0,1.0,0.0001,0.45877868061118887,1.5738801912661442,1.3052747183189144
1.0,10.0,1.0,1.0,0.0001687612475788147,0.45689341996103644,1.5766189922463507,1.288798693496309
1.0,10.0,1.0,1.0,0.0002848035868435802,0.45502735189270616,1.5793252340917476,1.2563780846785448
1.0,10.0,1.0,1.0,0.0004806380863064389,0.4533301507205116,1.5817825583098795,1.211123290421342
1.0,10.0,1.0,1.0,0.0008111308307896872,0.45192100278783415,1.5838199224292544,1.1607901776291083
1.0,10.0,1.0,1.0,0.0013688745095370807,0.45084899301464987,1.5853680943370536,1.1140131664892285
1.0,10.0,1.0,1.0,0.002310129700083158,0.45009239897583464,1.5864598406618597,1.0762831884773532
1.0,10.0,1.0,1.0,0.003898603702549072,0.4495886480708892,1.5871863241996604,1.0488999705123574
1.0,10.0,1.0,1.0,0.006579332246575682,0.4492669617482942,1.587650069679038,1.030441081249386
1.0,10.0,1.0,1.0,0.011103363181676379,0.4490672345398584,1.587937929812924,1.0185927024688248
1.0,10.0,1.0,1.0,0.01873817422860383,0.4489454534569901,1.588113423201075,1.0112211359457044
1.0,10.0,1.0,1.0,0.03162277660168379,0.44887203353170174,1.5882192160723025,1.0067227609974905
