setting,metric,world_EIGs,V_prior,alpha_prior,beta_prior,eps_fixed,r2_21,rmse21_full,rmse21_cv,b21,bg1,bg2,bg11,dev
0,eig_code,3.162277660168379e-06,1.0,1.0,0.1,,0.26365878280492155,312.430744836953,330.71336201571296,88.8314908210012,80.0,79.38541666666667,75.20833333333333,77.18229166666666
0,eig_code,1e-05,1.0,1.0,0.1,,0.08016668430028456,349.19561087763793,385.685469297734,22.092786304304315,79.55208333333333,78.51041666666667,60.90625,71.19895833333335
0,eig_code,3.1622776601683795e-05,1.0,1.0,0.1,,0.046497049371642625,355.52916208726424,385.0939296007124,10.260284330796322,78.86458333333333,74.5625,52.59375,60.567708333333336
0,eig_code,0.0001,1.0,1.0,0.1,,0.07442650032264608,350.2834871089192,392.97308143736643,10.505881554232927,77.64583333333333,71.15625,41.427083333333336,51.952083333333334
0,eig_code,0.0003162277660168,1.0,1.0,0.1,,0.10554144813839829,344.345426341353,390.2317945623463,11.351806579251795,69.45833333333333,59.79166666666666,28.760416666666668,38.21666666666666
0,eig_code,0.001,1.0,1.0,0.1,,0.1385933328883869,337.9234442441788,385.11358015168963,17.731604349771963,52.864583333333336,37.770833333333336,24.291666666666668,26.407291666666662
0,eig_code,0.0031622776601683,1.0,1.0,0.1,,0.1961553819695319,326.43766510013415,380.4294986677393,30.06033630400123,36.333333333333336,20.39583333333333,13.40625,16.489583333333332
0,eig_code,0.01,1.0,1.0,0.1,,0.18439907711231437,328.8160916116155,378.6959826844686,48.679234438289086,22.80208333333333,13.385416666666666,8.427083333333334,9.446874999999999
0,eig_code,0.0316227766016837,1.0,1.0,0.1,,0.2150518250984098,322.57796710166224,374.57316232684997,92.65845688037335,12.770833333333334,7.34375,4.635416666666667,5.386458333333333
0,kl,3.162277660168379e-06,1.0,1.0,0.1,,0.18245992060764601,329.2067528365195,365.1126703967383,21.971536267304725,79.41666666666667,74.125,52.71875,65.12916666666666
0,kl,1e-05,1.0,1.0,0.1,,0.11123942549182625,343.2468806449045,386.84142462980265,11.723528714867943,76.71875,69.86458333333333,43.03125,51.753125
0,kl,3.1622776601683795e-05,1.0,1.0,0.1,,0.1828372867303297,329.1307652377223,383.9651551049372,14.156503715440518,71.80208333333333,59.71875,28.229166666666668,39.452083333333334
0,kl,0.0001,1.0,1.0,0.1,,0.22834728336810023,319.8343857314162,376.9242139525109,18.266702942873028,64.80208333333333,39.625,21.65625,28.682291666666668
0,kl,0.0003162277660168,1.0,1.0,0.1,,0.21070189000092707,323.470544866686,375.9964200955269,27.06080225934377,42.270833333333336,27.65625,15.135416666666666,19.398958333333333
0,kl,0.001,1.0,1.0,0.1,,0.23848983372774746,317.7254924119497,368.5777539734327,42.41426137810585,28.65625,16.552083333333332,8.208333333333334,12.186458333333333
0,kl,0.0031622776601683,1.0,1.0,0.1,,0.2547480948015772,314.31546959453215,359.58559475309494,63.16216225853372,19.447916666666668,10.791666666666666,5.71875,7.571875
0,kl,0.01,1.0,1.0,0.1,,0.24172498043980126,317.0498726662324,373.08554643683976,100.26325500981885,11.697916666666666,6.96875,3.53125,4.638541666666667
0,kl,0.0316227766016837,1.0,1.0,0.1,,0.1740148131001058,330.90272076096636,387.4605315620524,125.55336506422505,7.239583333333333,5.447916666666667,2.145833333333333,3.091666666666667
0,mi,3.1622776601683795e-05,1.0,1.0,0.1,,0.11755236411203705,342.02565291000013,383.21804868119114,10.365329386928009,78.40625,68.05208333333333,39.302083333333336,52.37083333333332
0,mi,0.0001,1.0,1.0,0.1,,0.19790718339843447,326.08177177661554,372.4818744465077,13.462697007874256,75.17708333333333,55.9375,24.64583333333333,40.93020833333333
0,mi,0.0003162277660168,1.0,1.0,0.1,,0.22612594225075436,320.2944053059212,374.4599612187805,17.055815045156123,64.21875,44.583333333333336,24.59375,30.98645833333333
0,mi,0.001,1.0,1.0,0.1,,0.16787885749490536,332.1295269956592,385.91340996504294,17.743658941243993,48.5625,33.895833333333336,15.947916666666666,18.661458333333336
0,mi,0.0031622776601683,1.0,1.0,0.1,,0.188021246588929,328.08512571194393,381.55156240846605,28.943715618308783,32.864583333333336,18.09375,8.385416666666666,11.13125
0,mi,0.01,1.0,1.0,0.1,,0.1995943036908634,325.7386514058826,376.8445041058812,57.79369009157027,18.229166666666668,10.21875,4.71875,6.515625
0,mi,0.0316227766016837,1.0,1.0,0.1,,0.22609444669627912,320.3009229990465,372.56521210636,102.64673662406621,10.8125,5.489583333333333,3.1875,3.775
0,mi,0.0999999999999999,1.0,1.0,0.1,,0.26687170392806253,311.74837590709683,367.19699298147617,161.7373328757587,7.239583333333333,3.5416666666666665,1.9583333333333333,2.527083333333333
0,mi,0.3162277660168379,1.0,1.0,0.1,,0.15652382921401856,334.38794899926665,386.04597340891644,219.54929018006823,4.166666666666667,2.71875,1.3645833333333333,1.7145833333333331
0,surprisal_b,0.01,1.0,1.0,0.1,,,,,,80.0,80.0,80.0,80.0
0,surprisal_b,0.0273841963426436,1.0,1.0,0.1,,0.04243519839014505,356.2856210975932,378.5504499667398,32.367620078528795,67.82291666666667,68.77083333333333,65.1875,66.25729166666667
0,surprisal_b,0.0749894209332455,1.0,1.0,0.1,,0.12184564446497763,341.1926276165371,357.1505727947701,48.643909837640784,50.958333333333336,55.44791666666666,50.29166666666666,49.313541666666666
0,surprisal_b,0.2053525026457146,1.0,1.0,0.1,,0.13377784377525134,338.8666681891772,358.2081193489762,61.06388516805637,28.34375,26.52083333333333,26.15625,26.79583333333333
0,surprisal_b,0.5623413251903491,1.0,1.0,0.1,,0.005620010319709298,363.0700263734432,370.6471337874572,28.066106466295246,10.666666666666666,10.833333333333334,10.958333333333334,10.430208333333335
0,surprisal_b,1.539926526059492,1.0,1.0,0.1,,0.214710315054823,322.64813201153726,359.4885868990128,319.2506055489224,5.4375,5.84375,3.6875,4.777083333333333
0,surprisal_b,4.216965034285822,1.0,1.0,0.1,,0.002909552197328832,363.56451360406004,376.88778536131093,99.83840424790026,2.71875,2.21875,2.09375,2.2468749999999997
0,surprisal_b,11.547819846894582,1.0,1.0,0.1,,0.1148355571396016,342.5517484764515,393.8987046438727,1128.555994764981,1.78125,1.59375,1.46875,1.5052083333333335
0,surprisal_b,31.6227766016838,1.0,1.0,0.1,,0.07638273565914422,349.9131224715759,353.52205069858945,2405.8444266687034,1.1666666666666667,1.28125,1.1875,1.2010416666666666
1,eig_code,3.162277660168379e-06,1.0,1.0,0.1,,0.11903398975557132,341.73840251368534,382.0922897942401,42.31394480890631,80.0,79.55208333333333,69.22916666666667,74.26458333333332
1,eig_code,1e-05,1.0,1.0,0.1,,0.21448147414111288,322.69513996062454,361.8901447685858,24.289359600645568,79.86458333333333,78.63541666666667,56.46875,65.91770833333332
1,eig_code,3.1622776601683795e-05,1.0,1.0,0.1,,0.1728015618055899,331.14565540699675,376.8480565505692,12.802576640991948,77.71875,75.03125,41.22916666666666,52.695833333333326
1,eig_code,0.0001,1.0,1.0,0.1,,0.1560978460255994,334.4723767931249,386.1762445003008,11.181358247989994,76.3125,59.3125,30.42708333333333,38.74479166666667
1,eig_code,0.0003162277660168,1.0,1.0,0.1,,0.1578688579285307,334.1212308321529,386.95240535314275,11.525968749357228,68.73958333333333,50.0,19.36458333333333,28.18333333333333
1,eig_code,0.001,1.0,1.0,0.1,,0.18085965733479362,329.52879204977626,381.4035248986144,18.6291750349593,51.34375,31.9375,14.15625,19.569791666666667
1,eig_code,0.0031622776601683,1.0,1.0,0.1,,0.2361116407012425,318.2212333485385,371.22032414014996,33.73000610528691,33.833333333333336,18.34375,10.4375,12.865625
1,eig_code,0.01,1.0,1.0,0.1,,0.18813518313338456,328.0621065154665,381.25899882034884,53.81035533560265,18.92708333333333,11.645833333333334,6.583333333333333,7.689583333333334
1,eig_code,0.0316227766016837,1.0,1.0,0.1,,0.2085811664666738,323.9048113483694,379.4242612629996,89.0328165879141,11.1875,6.875,3.375,4.823958333333334
1,kl,3.162277660168379e-06,1.0,1.0,0.1,,0.14120252146830536,337.41127345009744,375.0786756179328,12.224978305273963,79.5625,77.72916666666667,44.47916666666666,59.796875
1,kl,1e-05,1.0,1.0,0.1,,0.12170966635382434,341.2190426385019,387.32093962922175,8.752270073136867,77.52083333333333,75.17708333333333,32.614583333333336,45.07291666666667
1,kl,3.1622776601683795e-05,1.0,1.0,0.1,,0.1579524206355691,334.104653386089,385.46136355804975,9.946449165081372,74.45833333333333,62.25,23.61458333333333,34.78125
1,kl,0.0001,1.0,1.0,0.1,,0.1743048309822174,330.8446227870271,387.6321469573649,12.005093074917125,68.16666666666667,49.125,16.71875,25.24791666666666
1,kl,0.0003162277660168,1.0,1.0,0.1,,0.26584383186489796,311.96684054045494,366.1254206990437,22.43233075943826,49.79166666666666,27.041666666666668,12.34375,18.601041666666667
1,kl,0.001,1.0,1.0,0.1,,0.25409101576937343,314.45400302158566,366.7489799390578,34.886932703624474,32.114583333333336,17.052083333333332,8.802083333333334,13.048958333333335
1,kl,0.0031622776601683,1.0,1.0,0.1,,0.23922557833233885,317.5719676671143,374.2517059902164,57.4955807472357,19.90625,12.0,6.510416666666667,7.758333333333335
1,kl,0.01,1.0,1.0,0.1,,0.2138353111984206,322.82783624433324,378.7036513019969,98.24434185260047,11.0625,7.28125,3.8541666666666665,5.113541666666667
1,kl,0.0316227766016837,1.0,1.0,0.1,,0.22194466242701477,321.1585229204463,379.6248019150641,144.79458828436174,7.572916666666667,5.166666666666667,2.145833333333333,3.257291666666667
1,mi,3.1622776601683795e-05,1.0,1.0,0.1,,0.1674555324615903,332.2139983897538,382.61897841328766,9.772917249837992,78.63541666666667,74.35416666666667,28.65625,43.158333333333324
1,mi,0.0001,1.0,1.0,0.1,,0.13437764757881715,338.74932605457343,387.35006972878836,8.778586559109396,74.96875,62.29166666666666,20.010416666666668,33.463541666666664
1,mi,0.0003162277660168,1.0,1.0,0.1,,0.2196947498157262,321.6225368263499,379.19930079377707,13.825724711434038,66.125,44.458333333333336,14.125,25.161458333333332
1,mi,0.001,1.0,1.0,0.1,,0.21437058876689755,322.71791530423025,377.39619332362616,19.04456682106849,50.958333333333336,26.697916666666668,9.510416666666666,15.709375
1,mi,0.0031622776601683,1.0,1.0,0.1,,0.2406149378314691,317.28185324812677,372.89060786724605,34.98541711300875,30.89583333333333,16.291666666666668,6.9375,10.311458333333333
1,mi,0.01,1.0,1.0,0.1,,0.2290187813666221,319.6951942993105,374.44826446655264,58.30625380567595,18.15625,8.833333333333334,4.260416666666667,6.0947916666666675
1,mi,0.0316227766016837,1.0,1.0,0.1,,0.2552329963618706,314.2131975570255,358.46084665781973,107.1545498239251,10.697916666666666,5.833333333333333,2.489583333333333,3.9
1,mi,0.0999999999999999,1.0,1.0,0.1,,0.22336366323815532,320.86552822120217,377.8283979866712,153.1488113707713,6.927083333333333,3.78125,1.84375,2.4875
1,mi,0.3162277660168379,1.0,1.0,0.1,,0.14533608896997136,336.59827933954153,388.6530475952655,254.53024535360439,3.5729166666666665,2.770833333333333,1.40625,1.7458333333333331
1,surprisal_b,0.01,1.0,1.0,0.1,,0.12765821938413838,340.06156201469764,350.0478955979919,67.61653652658038,74.67708333333333,72.63541666666667,71.47916666666667,74.21354166666666
1,surprisal_b,0.0273841963426436,1.0,1.0,0.1,,0.260274443669048,313.1479119567645,322.2823534691318,90.71132675451061,68.16666666666667,67.67708333333333,65.25,64.85
1,surprisal_b,0.0749894209332455,1.0,1.0,0.1,,0.08676251900560056,347.94137257929543,364.69715313368386,35.83650771588143,46.59375,44.239583333333336,38.53125,45.878125
1,surprisal_b,0.2053525026457146,1.0,1.0,0.1,,0.016778211423829757,361.02722706792593,377.9585470787547,22.67986822408878,23.34375,23.96875,17.895833333333332,22.36354166666667
1,surprisal_b,0.5623413251903491,1.0,1.0,0.1,,0.015035543308402639,361.3470288226883,368.7532392884531,49.812186955042655,9.270833333333334,11.0,8.822916666666666,9.595833333333335
1,surprisal_b,1.539926526059492,1.0,1.0,0.1,,0.1112661103065251,343.2417276552116,361.18751770410245,276.00049454301444,4.447916666666667,3.9583333333333335,3.78125,4.284374999999999
1,surprisal_b,4.216965034285822,1.0,1.0,0.1,,0.0032582746122572542,364.09457553176964,369.21371887243316,-133.93832053226728,2.21875,2.3125,2.0,2.1395833333333334
1,surprisal_b,11.547819846894582,1.0,1.0,0.1,,0.0015278922990587722,363.81632055618957,373.6244553478794,181.60542460828933,1.4583333333333333,1.6145833333333333,1.5104166666666667,1.4145833333333333
1,surprisal_b,31.6227766016838,1.0,1.0,0.1,,0.00045396172860013255,364.0119236490658,368.6534212443667,147.96155723033783,1.1145833333333333,1.1875,1.0833333333333333,1.146875
2,eig_code,3.162277660168379e-06,1.0,1.0,1.0,,0.0354586595488116,357.5811623886343,383.27220028432475,8.227664975874012,79.52083333333333,77.88541666666667,56.375,64.48125
2,eig_code,1e-05,1.0,1.0,1.0,,0.06901614422048843,351.3057705760713,386.34482675159825,8.821167153647886,77.70833333333333,75.67708333333333,42.614583333333336,54.685416666666676
2,eig_code,3.1622776601683795e-05,1.0,1.0,1.0,,0.12429023476749382,340.717393698698,386.2794150180562,10.359626340566333,76.625,67.57291666666667,30.635416666666668,45.139583333333334
2,eig_code,0.0001,1.0,1.0,1.0,,0.1979387432978797,326.07535655324733,379.87346855802423,17.155473602742294,69.625,47.9375,32.854166666666664,36.24062500000001
2,eig_code,0.0003162277660168,1.0,1.0,1.0,,0.16824546554654182,332.05635569485094,387.14975392477436,14.871442494538957,58.63541666666666,36.864583333333336,13.822916666666666,23.260416666666664
2,eig_code,0.001,1.0,1.0,1.0,,0.17257278718851018,331.19144398670477,382.6428737582577,26.544647174795248,38.5,23.885416666666668,12.760416666666666,16.256249999999998
2,eig_code,0.0031622776601683,1.0,1.0,1.0,,0.1841653767532149,328.8631973299966,377.47127788286326,56.1958515718993,21.75,12.5,9.21875,9.796875000000002
2,eig_code,0.01,1.0,1.0,1.0,,0.20210001708396202,325.22838048783217,377.04647774852674,87.18876288773102,13.791666666666666,7.03125,5.791666666666667,5.665625
2,eig_code,0.0316227766016837,1.0,1.0,1.0,,0.17776684258387218,330.15030417074456,378.94991296888304,115.12084611644185,8.979166666666666,5.21875,2.739583333333333,3.4364583333333334
2,kl,3.162277660168379e-06,1.0,1.0,1.0,,0.07373613332540983,350.4140975267324,385.0255406233294,9.696837035106865,78.46875,70.35416666666667,45.5625,56.05520833333334
2,kl,1e-05,1.0,1.0,1.0,,0.12123915278980778,341.310428530752,385.34528570614566,9.366859706379268,78.09375,63.625,31.73958333333333,43.151041666666664
2,kl,3.1622776601683795e-05,1.0,1.0,1.0,,0.17338094187997038,331.0296658254695,386.4469462777685,11.505936239560867,72.10416666666667,50.75,21.885416666666668,30.528125
2,kl,0.0001,1.0,1.0,1.0,,0.1849068862676142,328.71371199448606,383.4018015197326,15.227691377532,58.645833333333336,34.760416666666664,13.84375,22.394791666666666
2,kl,0.0003162277660168,1.0,1.0,1.0,,0.1924283015838234,327.1935651648927,381.35869232457446,18.48740632177776,47.770833333333336,26.95833333333333,9.21875,14.973958333333332
2,kl,0.001,1.0,1.0,1.0,,0.22476216541958563,320.5765040592895,375.10156981704864,35.260335328581974,29.45833333333333,13.916666666666666,6.34375,9.884374999999999
2,kl,0.0031622776601683,1.0,1.0,1.0,,0.21086699054340519,323.43671230406494,376.25158949246077,58.84658475196067,18.52083333333333,8.4375,5.260416666666667,6.109375
2,kl,0.01,1.0,1.0,1.0,,0.23620821285938828,318.201117658702,372.9041563145603,97.16828203764501,11.791666666666666,6.5625,3.333333333333333,4.153124999999999
2,kl,0.0316227766016837,1.0,1.0,1.0,,0.21835570477920221,321.8983791700818,375.15196652490624,136.035960978694,8.09375,3.78125,2.1354166666666665,2.775
2,mi,3.1622776601683795e-05,1.0,1.0,1.0,,0.08294337878009261,348.66815533027665,386.71349469258064,7.359762378073904,77.59375,69.21875,31.58333333333333,47.217708333333334
2,mi,0.0001,1.0,1.0,1.0,,0.09991754232144874,345.42626554606557,390.36161256497326,8.29926046640172,72.375,65.54166666666667,22.791666666666668,34.561458333333334
2,mi,0.0003162277660168,1.0,1.0,1.0,,0.20368973154750583,324.90423081201493,378.8053302367015,12.23134722058679,70.71875,45.052083333333336,15.53125,27.229166666666664
2,mi,0.001,1.0,1.0,1.0,,0.2532090507960938,314.63985376847427,370.2710105983773,21.533001938225084,48.60416666666666,25.010416666666668,11.208333333333334,17.465624999999996
2,mi,0.0031622776601683,1.0,1.0,1.0,,0.21371448118218672,322.8526438924972,377.6660142981298,35.25366881624787,28.260416666666668,16.770833333333332,7.46875,10.145833333333332
2,mi,0.01,1.0,1.0,1.0,,0.18849561172088022,327.98927660237393,379.26692155123493,52.05937697558081,18.5,9.09375,4.4375,5.417708333333333
2,mi,0.0316227766016837,1.0,1.0,1.0,,0.211514784609359,323.30393152024095,377.0459273073547,85.26439691395491,11.708333333333334,5.666666666666667,3.0,3.4302083333333337
2,mi,0.0999999999999999,1.0,1.0,1.0,,0.23587478037592047,318.2705652581065,372.68925407254216,143.31463833515744,7.40625,3.9166666666666665,1.90625,2.3427083333333334
2,mi,0.3162277660168379,1.0,1.0,1.0,,0.18797420434764328,328.09462943112777,384.52193871825267,218.9553217262199,4.46875,3.0104166666666665,1.375,1.825
2,surprisal_b,0.01,1.0,1.0,1.0,,0.07763985141948836,349.67491174392285,367.12886471199346,75.0949840779383,77.9375,75.88541666666667,74.46875,76.36979166666667
2,surprisal_b,0.0273841963426436,1.0,1.0,1.0,,0.02611785649299126,359.30843288733274,363.79038601827716,28.348357379827622,71.60416666666667,68.73958333333333,69.84375,70.53437500000001
2,surprisal_b,0.0749894209332455,1.0,1.0,1.0,,0.25517282757549,314.2258897445422,330.17149633087945,53.31557526792481,62.60416666666666,60.40625,50.427083333333336,56.45729166666666
2,surprisal_b,0.2053525026457146,1.0,1.0,1.0,,0.0005765973165339583,364.09457553176964,365.25005820732855,-2.5847227814453984,35.104166666666664,37.66666666666666,31.36458333333333,33.94895833333332
2,surprisal_b,0.5623413251903491,1.0,1.0,1.0,,0.045669794002251296,355.6833564937264,381.0833648977942,50.11313411009123,17.53125,15.510416666666666,13.03125,14.525000000000002
2,surprisal_b,1.539926526059492,1.0,1.0,1.0,,0.005197541748774049,363.14714447141716,364.34978436288253,36.171118619315685,5.8125,6.90625,5.385416666666667,6.346875
2,surprisal_b,4.216965034285822,1.0,1.0,1.0,,0.023732414535706858,364.09457553176964,360.26577905524965,-241.92668284066787,3.1666666666666665,3.3125,3.052083333333333,2.7927083333333336
2,surprisal_b,11.547819846894582,1.0,1.0,1.0,,0.010903361257614243,362.10420789292084,381.212058923429,371.7838087276024,1.7916666666666667,1.7395833333333333,1.6145833333333333,1.7041666666666668
2,surprisal_b,31.6227766016838,1.0,1.0,1.0,,0.23629804894270667,318.1824039312123,357.07733916693934,2678.607249537635,1.40625,1.34375,1.2291666666666667,1.2656250000000002
3,eig_code,3.162277660168379e-06,1.0,1.0,1.0,,0.09692720700081142,345.99959293622,384.4775369978878,7.508159239779421,80.0,78.3125,37.78125,51.871875
3,eig_code,1e-05,1.0,1.0,1.0,,0.09184007616715846,346.97275555646615,387.1407668903518,6.640545679975874,79.875,70.09375,24.70833333333333,40.29166666666667
3,eig_code,3.1622776601683795e-05,1.0,1.0,1.0,,0.12379521658431082,340.8136798676821,385.64765430271797,7.227682319969156,77.51041666666667,64.40625,19.229166666666668,33.65
3,eig_code,0.0001,1.0,1.0,1.0,,0.1316672116026808,339.2792573499859,390.8816022429058,9.155073024487926,69.58333333333333,52.66666666666666,15.177083333333334,25.94375
3,eig_code,0.0003162277660168,1.0,1.0,1.0,,0.19075117208650524,327.53313957859604,382.4728599801967,15.385343816728072,57.26041666666666,33.604166666666664,12.020833333333334,18.848958333333332
3,eig_code,0.001,1.0,1.0,1.0,,0.2091918848187005,323.77981256067926,380.68118257794725,27.105608363725878,37.16666666666666,19.86458333333333,7.958333333333333,13.246875
3,eig_code,0.0031622776601683,1.0,1.0,1.0,,0.18542977002793315,328.60825984863305,379.55538286208326,45.789920133448554,21.697916666666668,12.614583333333334,5.666666666666667,8.496875
3,eig_code,0.01,1.0,1.0,1.0,,0.1453943005830617,336.5868162005225,387.43124989329806,68.36983563211905,13.0625,8.40625,4.666666666666667,5.086458333333334
3,eig_code,0.0316227766016837,1.0,1.0,1.0,,0.20964474183287327,323.6870928770187,380.1043587579885,135.82271143434323,8.0625,4.635416666666667,2.864583333333333,3.2989583333333328
3,kl,3.162277660168379e-06,1.0,1.0,1.0,,0.08903049381847479,347.5090574200433,385.6576098605654,5.694993268941656,79.85416666666667,77.05208333333333,22.33333333333333,41.271874999999994
3,kl,1e-05,1.0,1.0,1.0,,0.12086564472705467,341.3829560301272,386.8273826093865,6.9377618315409,77.70833333333333,67.89583333333333,17.625,33.49062500000001
3,kl,3.1622776601683795e-05,1.0,1.0,1.0,,0.14148986459384547,337.35482188643294,389.31380572680854,8.285098397370879,75.11458333333333,59.16666666666666,14.197916666666666,25.73229166666666
3,kl,0.0001,1.0,1.0,1.0,,0.18087046184014063,329.5266187913303,384.1924233662754,11.614563438725328,66.65625,40.0625,12.385416666666666,20.161458333333332
3,kl,0.0003162277660168,1.0,1.0,1.0,,0.181736904368496,329.3522926284808,381.0395607423951,17.349420269833182,49.76041666666666,27.11458333333333,9.083333333333334,13.897916666666665
3,kl,0.001,1.0,1.0,1.0,,0.21966100580643153,321.6294909744479,375.75153422154546,31.51412746504877,31.84375,17.979166666666668,6.875,10.021875
3,kl,0.0031622776601683,1.0,1.0,1.0,,0.22437408459100588,320.6567336507351,374.2665105020693,52.17428612838899,20.46875,9.979166666666666,5.010416666666667,6.663541666666665
3,kl,0.01,1.0,1.0,1.0,,0.22979597118330367,319.53401884444975,374.01947334264094,89.72982690397468,12.59375,6.71875,3.5416666666666665,4.419791666666667
3,kl,0.0316227766016837,1.0,1.0,1.0,,0.2264523233456248,320.22685616004765,378.1124051457433,145.75772576515058,7.697916666666667,4.291666666666667,2.333333333333333,2.928125
3,mi,3.1622776601683795e-05,1.0,1.0,1.0,,0.09860401493700724,345.67822104210717,386.7491462978479,5.7916856620175325,78.28125,71.26041666666667,16.708333333333332,33.796875
3,mi,0.0001,1.0,1.0,1.0,,0.15036998180168845,335.605548756561,386.2109928299158,7.854992841933094,74.82291666666667,60.302083333333336,12.760416666666666,26.506249999999994
3,mi,0.0003162277660168,1.0,1.0,1.0,,0.18915580379306615,327.85583309828604,383.5662859098878,11.020163852403247,68.61458333333333,43.145833333333336,9.927083333333334,19.621875
3,mi,0.001,1.0,1.0,1.0,,0.2307940368474157,319.3269183202687,375.19336271132266,19.375775682775405,48.583333333333336,26.39583333333333,8.625,14.15
3,mi,0.0031622776601683,1.0,1.0,1.0,,0.19661079659694436,326.3451810885731,380.98317521984774,29.781154835124646,29.98958333333333,15.947916666666666,6.34375,8.670833333333334
3,mi,0.01,1.0,1.0,1.0,,0.24447428340824573,316.4745815934553,365.18723906117646,56.87387431774223,18.42708333333333,9.135416666666666,3.2916666666666665,5.4375
3,mi,0.0316227766016837,1.0,1.0,1.0,,0.19868931943416776,325.92274871655144,379.601652294272,89.46260972773278,10.9375,5.625,3.0104166666666665,3.3708333333333336
3,mi,0.0999999999999999,1.0,1.0,1.0,,0.19326540512092794,327.02394189442504,382.69097396868335,143.18278634303488,6.71875,4.333333333333333,1.96875,2.2947916666666663
3,mi,0.3162277660168379,1.0,1.0,1.0,,0.20550754548136918,324.5331738821513,380.9815869507993,263.9505142479212,4.052083333333333,2.614583333333333,1.4479166666666667,1.8
3,surprisal_b,0.01,1.0,1.0,1.0,,0.0013968366479142039,363.84019634598013,388.6600617823234,9.163066086711474,76.65625,72.61458333333333,76.03125,74.52187500000001
3,surprisal_b,0.0273841963426436,1.0,1.0,1.0,,0.0017488147543978623,364.09457553176964,366.6552041735145,-7.3683133282130235,66.63541666666667,69.66666666666667,69.58333333333333,67.553125
3,surprisal_b,0.0749894209332455,1.0,1.0,1.0,,0.07188210808965106,350.7646195686824,369.9892413039288,27.238660376183745,53.35416666666666,56.29166666666666,47.66666666666666,51.428125
3,surprisal_b,0.2053525026457146,1.0,1.0,1.0,,0.0006444743116496961,364.09457553176964,376.17000457820905,-2.424221977725037,37.78125,35.15625,29.70833333333333,27.557291666666664
3,surprisal_b,0.5623413251903491,1.0,1.0,1.0,,0.011372294747071781,364.09457553176964,365.2835022768213,-26.100668097481194,15.364583333333334,15.1875,11.635416666666666,11.802083333333332
3,surprisal_b,1.539926526059492,1.0,1.0,1.0,,0.11287493885852708,342.9309106395692,370.503672832469,275.58155451576886,5.760416666666667,5.333333333333333,4.645833333333333,5.258333333333334
3,surprisal_b,4.216965034285822,1.0,1.0,1.0,,0.06685467503714339,351.7133481964879,380.28813150658726,393.5173683130793,2.8854166666666665,2.6041666666666665,2.3229166666666665,2.5135416666666663
3,surprisal_b,11.547819846894582,1.0,1.0,1.0,,0.004879988191065375,363.2051004331337,376.60691734445805,246.78174894457737,1.6458333333333333,1.7395833333333333,1.4895833333333333,1.5708333333333333
3,surprisal_b,31.6227766016838,1.0,1.0,1.0,,0.03492276212899967,357.6804843175009,365.3876263910426,1692.81145875348,1.1770833333333333,1.2083333333333333,1.2291666666666667,1.2177083333333332
4,eig_code,3.162277660168379e-06,1.0,10.0,0.1,,,,,,80.0,80.0,80.0,80.0
4,eig_code,1e-05,1.0,10.0,0.1,,,,,,80.0,80.0,80.0,80.0
4,eig_code,3.1622776601683795e-05,1.0,10.0,0.1,,0.19947088467712348,325.7637641666003,367.61016484207937,29.336665279102228,79.84375,76.77083333333333,61.44791666666666,68.21979166666668
4,eig_code,0.0001,1.0,10.0,0.1,,0.06925052079402126,351.26154691683183,385.3908385355318,10.513249191156762,78.375,73.46875,48.16666666666666,57.43541666666666
4,eig_code,0.0003162277660168,1.0,10.0,0.1,,0.08144111099327798,348.9536222195678,390.1160730605247,9.289155292511056,75.40625,61.69791666666666,34.708333333333336,42.934375
4,eig_code,0.001,1.0,10.0,0.1,,0.10824784297997811,343.8240826194617,389.8233072469333,11.811823967105385,60.1875,52.083333333333336,21.916666666666668,32.00416666666667
4,eig_code,0.0031622776601683,1.0,10.0,0.1,,0.19941949479912274,325.7742201831991,380.3077899127328,20.348361961088752,49.59375,28.52083333333333,13.71875,19.445833333333333
4,eig_code,0.01,1.0,10.0,0.1,,0.13433511124625747,338.7576489548177,383.5784449208607,32.159539310047506,28.09375,16.552083333333332,8.947916666666666,11.185416666666667
4,eig_code,0.0316227766016837,1.0,10.0,0.1,,0.16570299795292448,332.5634754716369,382.99615974818556,57.850995255245714,16.135416666666668,9.729166666666666,5.25,6.5375
4,kl,3.162277660168379e-06,1.0,10.0,0.1,,0.1822064100600845,329.2577906495059,364.858330108443,27.065440527173465,79.53125,77.63541666666667,61.8125,68.73854166666666
4,kl,1e-05,1.0,10.0,0.1,,0.16231531810954897,333.23798181135413,374.93324935083655,14.928629384197922,78.86458333333333,71.09375,43.78125,57.989583333333336
4,kl,3.1622776601683795e-05,1.0,10.0,0.1,,0.15207816940165708,335.2680102638271,387.94418720055063,14.372960142136115,74.45833333333333,60.85416666666666,33.0,45.76562499999999
4,kl,0.0001,1.0,10.0,0.1,,0.16794290628904487,332.1167446590679,382.5165121190169,14.905724458687606,62.739583333333336,48.09375,24.354166666666668,33.49583333333334
4,kl,0.0003162277660168,1.0,10.0,0.1,,0.21829517260754827,321.91084317118367,376.3532329316642,22.145433880284905,47.79166666666666,30.072916666666668,15.96875,21.58020833333333
4,kl,0.001,1.0,10.0,0.1,,0.3001166070566885,304.5980038575839,336.12561259864015,44.07371358873332,30.229166666666668,18.322916666666668,8.8125,13.815625
4,kl,0.0031622776601683,1.0,10.0,0.1,,0.3145636657845192,301.43784042045104,317.69587743558003,65.40366019267222,20.885416666666668,10.84375,5.864583333333333,8.333333333333332
4,kl,0.01,1.0,10.0,0.1,,0.29785037882683935,305.09075073146323,333.2424651242045,110.11716800171644,12.260416666666666,6.635416666666667,3.7708333333333335,5.050000000000001
4,kl,0.0316227766016837,1.0,10.0,0.1,,0.30966597509529853,302.51286471413175,328.21911368050013,185.14541250597887,7.260416666666667,4.416666666666667,2.145833333333333,3.202083333333333
4,mi,3.1622776601683795e-05,1.0,10.0,0.1,,0.1068252369490389,344.09822341643064,379.92330790111265,11.218922609923661,79.27083333333333,75.0625,42.145833333333336,57.67395833333334
4,mi,0.0001,1.0,10.0,0.1,,0.0902989332244968,347.26703629451475,388.64240348275695,9.442273277234815,75.35416666666667,60.84375,33.927083333333336,46.603125
4,mi,0.0003162277660168,1.0,10.0,0.1,,0.1415483738662595,337.3433259700341,387.4462394007581,11.949574431825333,66.10416666666667,50.677083333333336,20.61458333333333,31.02708333333333
4,mi,0.001,1.0,10.0,0.1,,0.21698013586667939,322.18149948831746,373.0262204012528,19.68425873439668,52.44791666666666,32.21875,11.447916666666666,20.717708333333334
4,mi,0.0031622776601683,1.0,10.0,0.1,,0.20283560326692632,325.07843145220477,375.88288245462854,32.90926610274231,31.65625,17.25,8.010416666666666,12.305208333333335
4,mi,0.01,1.0,10.0,0.1,,0.24534036392641603,316.29313769377256,369.51551119119716,61.00011697251806,18.375,9.322916666666666,5.552083333333333,6.855208333333333
4,mi,0.0316227766016837,1.0,10.0,0.1,,0.21627650684282104,322.32622464753365,377.518538545046,92.99619237281412,11.322916666666666,5.90625,3.0625,3.8791666666666673
4,mi,0.0999999999999999,1.0,10.0,0.1,,0.2400168926488978,317.40676454106364,372.6034838575864,135.562137280238,7.78125,3.7395833333333335,1.7083333333333333,2.3989583333333337
4,mi,0.3162277660168379,1.0,10.0,0.1,,0.23840288367305326,317.7436310144351,370.74547818539304,275.37210066226146,4.229166666666667,2.6354166666666665,1.40625,1.8489583333333335
4,surprisal_b,0.01,1.0,10.0,0.1,,0.02368301257600841,364.09457553176964,362.94850427035817,-24.667564481022428,68.77083333333333,71.72916666666667,74.07291666666667,73.89375
4,surprisal_b,0.0273841963426436,1.0,10.0,0.1,,0.24061064016375733,317.2827510601295,308.1866353883002,57.39055886207719,62.63541666666666,66.64583333333333,62.802083333333336,65.71979166666667
4,surprisal_b,0.0749894209332455,1.0,10.0,0.1,,0.5039420607670265,256.43683673062026,254.547123950404,91.26015552421438,49.3125,47.66666666666666,42.44791666666666,48.196875
4,surprisal_b,0.2053525026457146,1.0,10.0,0.1,,0.3883006562994144,284.7627746352324,296.86255253144594,113.20862692556305,25.53125,23.385416666666668,20.34375,24.78020833333333
4,surprisal_b,0.5623413251903491,1.0,10.0,0.1,,0.08245946194988507,348.76013663868315,376.615829545456,107.01656043008448,10.395833333333334,8.84375,8.864583333333334,9.736458333333335
4,surprisal_b,1.539926526059492,1.0,10.0,0.1,,0.3230759645584483,299.56024426262417,311.92796664204707,459.446974478984,4.8125,3.489583333333333,3.8020833333333335,4.172916666666667
4,surprisal_b,4.216965034285822,1.0,10.0,0.1,,0.1845067920044921,328.794377830802,337.73299791312064,1205.6315751228801,2.208333333333333,2.0729166666666665,2.0104166666666665,2.175
4,surprisal_b,11.547819846894582,1.0,10.0,0.1,,0.18964495097692674,327.7569275677583,322.8912000554707,2256.2127785905564,1.3958333333333333,1.4375,1.4375,1.4625
4,surprisal_b,31.6227766016838,1.0,10.0,0.1,,0.03857625396589613,357.0028070309565,362.110918379413,2017.1552189968045,1.125,1.1875,1.1770833333333333,1.1645833333333333
5,eig_code,3.162277660168379e-06,1.0,10.0,0.1,,0.10653095965211842,344.15490434830525,366.3502719344907,74.87331747869119,79.70833333333333,79.13541666666667,75.58333333333333,77.44166666666666
5,eig_code,1e-05,1.0,10.0,0.1,,0.09644945053674588,346.0911036573611,372.8249096235185,25.18880709303444,79.89583333333333,78.92708333333333,64.61458333333333,72.47395833333333
5,eig_code,3.1622776601683795e-05,1.0,10.0,0.1,,0.1305990273607577,339.4878763113194,380.62917379561276,15.18285883517199,78.76041666666667,77.40625,51.47916666666666,62.153125
5,eig_code,0.0001,1.0,10.0,0.1,,0.12521522282579317,340.53740096566,385.4811222577568,10.146875090736156,77.83333333333333,70.29166666666667,33.65625,47.78541666666666
5,eig_code,0.0003162277660168,1.0,10.0,0.1,,0.19193763309560222,327.29294902995815,382.3038918723172,12.110239661322938,72.10416666666667,54.29166666666666,24.822916666666668,33.90833333333333
5,eig_code,0.001,1.0,10.0,0.1,,0.2122056047477235,323.16227140797923,377.5507843524055,14.947131998437822,64.39583333333333,37.5625,14.270833333333334,23.291666666666664
5,eig_code,0.0031622776601683,1.0,10.0,0.1,,0.22513857242131516,320.4986686609074,376.051754246355,23.691295531582977,42.84375,22.77083333333333,9.34375,14.820833333333335
5,eig_code,0.01,1.0,10.0,0.1,,0.18297996894405727,329.1020297389415,384.19050918006315,39.33821582574394,23.15625,14.489583333333334,6.96875,9.189583333333335
5,eig_code,0.0316227766016837,1.0,10.0,0.1,,0.20563880121739012,324.50636519452405,380.4982612989973,69.02903155489366,14.697916666666666,8.572916666666666,4.052083333333333,5.401041666666667
5,kl,3.162277660168379e-06,1.0,10.0,0.1,,0.14659458571719347,336.35036674473844,373.1410586517349,17.9889101083078,79.38541666666667,79.0,57.85416666666666,66.84791666666668
5,kl,1e-05,1.0,10.0,0.1,,0.19447311368004966,326.7790673470227,364.6442275978164,13.256341522254665,76.98958333333333,72.27083333333333,36.427083333333336,54.421874999999986
5,kl,3.1622776601683795e-05,1.0,10.0,0.1,,0.16493640363211168,332.71622846885145,381.9501888151581,10.564066713123507,76.1875,66.52083333333333,29.30208333333333,41.481249999999996
5,kl,0.0001,1.0,10.0,0.1,,0.18913188728978197,327.86066824869243,384.67685647425236,13.022664368133029,68.41666666666667,49.32291666666666,17.84375,29.382291666666667
5,kl,0.0003162277660168,1.0,10.0,0.1,,0.19999933292433436,325.65622422444164,382.43037669639205,18.560792053564466,51.614583333333336,33.072916666666664,13.125,20.66979166666667
5,kl,0.001,1.0,10.0,0.1,,0.2113761645620427,323.33234957795503,379.10553832489603,28.546579739468005,34.375,21.385416666666668,8.302083333333334,13.383333333333331
5,kl,0.0031622776601683,1.0,10.0,0.1,,0.2398491311348007,317.44179538624786,369.1332171946363,56.338897843512285,19.916666666666668,12.1875,5.666666666666667,8.380208333333332
5,kl,0.01,1.0,10.0,0.1,,0.2589599530152549,313.4260200306974,353.5720468024614,90.8775306314902,13.052083333333334,7.427083333333333,3.5729166666666665,5.069791666666666
5,kl,0.0316227766016837,1.0,10.0,0.1,,0.2052943403588139,324.5767158272924,378.9277849547611,145.05898774778169,7.5625,4.697916666666667,2.125,3.107291666666667
5,mi,3.1622776601683795e-05,1.0,10.0,0.1,,0.13143594742497458,339.3244346805617,383.77393268202934,10.373076684468616,79.625,71.76041666666667,34.322916666666664,51.515625
5,mi,0.0001,1.0,10.0,0.1,,0.14319555324128327,337.01952684287045,388.5690254037704,9.892052160560313,75.25,64.96875,23.95833333333333,36.96666666666667
5,mi,0.0003162277660168,1.0,10.0,0.1,,0.17198871488313994,331.3083156718979,385.74824632122835,12.091374357454622,65.80208333333333,47.427083333333336,14.385416666666666,26.28020833333333
5,mi,0.001,1.0,10.0,0.1,,0.18294227447687175,329.1096214638123,385.60972104161493,17.250953601976864,48.302083333333336,33.21875,10.302083333333334,17.544791666666665
5,mi,0.0031622776601683,1.0,10.0,0.1,,0.2367220749213448,318.09406034533185,375.2544029729137,34.58926142479374,30.322916666666668,15.416666666666666,6.447916666666667,11.001041666666667
5,mi,0.01,1.0,10.0,0.1,,0.22039382316825343,321.4784341655861,375.99549183863553,57.79199672289262,17.510416666666668,10.572916666666666,5.0625,6.613541666666667
5,mi,0.0316227766016837,1.0,10.0,0.1,,0.20865856024185986,323.88897344561707,378.94458943604593,94.47229797187798,10.729166666666666,6.489583333333333,2.802083333333333,3.8625
5,mi,0.0999999999999999,1.0,10.0,0.1,,0.1872749555100317,328.2358628879001,378.4708854349947,158.62326249378404,6.395833333333333,3.53125,1.96875,2.3906249999999996
5,mi,0.3162277660168379,1.0,10.0,0.1,,0.1677377860927831,332.1576791420349,386.59811580481636,251.0594120925649,3.8125,2.9166666666666665,1.5208333333333333,1.753125
5,surprisal_b,0.01,1.0,10.0,0.1,,0.025240061354963657,364.09457553176964,360.26577905524965,-49.181592569389174,73.66666666666667,72.13541666666667,72.25,72.71979166666667
5,surprisal_b,0.0273841963426436,1.0,10.0,0.1,,0.0014210428434441365,364.09457553176964,366.36110856430463,-4.028541896253433,58.395833333333336,63.82291666666666,60.94791666666666,62.561458333333334
5,surprisal_b,0.0749894209332455,1.0,10.0,0.1,,0.011366722542193801,362.01938062757296,380.6316070670869,13.717647991493378,41.145833333333336,45.97916666666666,47.145833333333336,45.327083333333334
5,surprisal_b,0.2053525026457146,1.0,10.0,0.1,,0.000409297292981441,364.09457553176964,370.38175850526943,-4.882426873034179,22.34375,18.33333333333333,21.229166666666668,20.061458333333327
5,surprisal_b,0.5623413251903491,1.0,10.0,0.1,,0.03456897256162575,357.74603970700525,364.4748037760137,83.20418962652295,9.364583333333334,9.260416666666666,8.71875,8.779166666666667
5,surprisal_b,1.539926526059492,1.0,10.0,0.1,,0.0015335301998217516,363.81529340521024,375.14868741419195,41.079222494395,3.9791666666666665,3.6979166666666665,3.3125,3.83125
5,surprisal_b,4.216965034285822,1.0,10.0,0.1,,0.0014508539229614668,364.09457553176964,374.66742216546675,-104.21609474136912,2.2604166666666665,2.34375,1.9583333333333333,2.053125
5,surprisal_b,11.547819846894582,1.0,10.0,0.1,,0.04202403806470584,364.09457553176964,360.26577905524965,-870.5473575759706,1.3125,1.4895833333333333,1.4583333333333333,1.4072916666666668
5,surprisal_b,31.6227766016838,1.0,10.0,0.1,,0.10102045406452617,345.2145674625608,360.8144719791049,2628.126623669467,1.1666666666666667,1.1041666666666667,1.125,1.1583333333333332
6,eig_code,3.162277660168379e-06,1.0,10.0,1.0,,0.013307692939191687,361.6638321441087,380.82717341557355,7.1324403347148255,79.89583333333333,78.45833333333333,61.0625,71.54583333333333
6,eig_code,1e-05,1.0,10.0,1.0,,0.06561117799036467,351.9476144420013,383.0141129454787,10.399091525748288,77.89583333333333,77.60416666666667,53.083333333333336,62.2875
6,eig_code,3.1622776601683795e-05,1.0,10.0,1.0,,0.04247913854807494,356.277446493623,384.13414494549255,5.925693051552374,78.10416666666667,74.98958333333333,35.166666666666664,52.33437499999999
6,eig_code,0.0001,1.0,10.0,1.0,,0.12320560468069347,340.9283300114086,389.33813771096493,11.27241242165707,74.85416666666667,64.05208333333333,33.135416666666664,41.1375
6,eig_code,0.0003162277660168,1.0,10.0,1.0,,0.09109555713010457,347.11495237213666,390.22775400309763,8.835988570337882,68.51041666666667,53.46875,23.125,30.25208333333333
6,eig_code,0.001,1.0,10.0,1.0,,0.18919674019593655,327.84755690420906,381.4263687733142,20.254350542457715,45.802083333333336,31.90625,15.770833333333334,21.059374999999996
6,eig_code,0.0031622776601683,1.0,10.0,1.0,,0.22178023224345206,321.1924571167501,376.52917179196965,35.01310640529321,32.760416666666664,17.3125,11.791666666666666,12.723958333333334
6,eig_code,0.01,1.0,10.0,1.0,,0.22080890696219882,321.3928407860897,376.21660406139097,61.39832830106804,18.30208333333333,10.0625,6.010416666666667,7.28125
6,eig_code,0.0316227766016837,1.0,10.0,1.0,,0.23510817815221247,318.430176374859,370.97695434928113,87.99100963747398,12.552083333333334,5.625,3.2604166666666665,4.122916666666667
6,kl,3.162277660168379e-06,1.0,10.0,1.0,,0.09851536492596415,345.695218912748,389.44849716301735,12.796008281823918,79.82291666666667,72.98958333333333,47.29166666666666,56.646875
6,kl,1e-05,1.0,10.0,1.0,,0.10409899845533589,344.62296902905626,391.18542830222947,9.387143863248077,77.60416666666667,67.94791666666667,31.260416666666668,45.329166666666666
6,kl,3.1622776601683795e-05,1.0,10.0,1.0,,0.1118506337184763,343.12883344234183,389.79251612738057,9.012728575194886,77.51041666666667,59.25,22.21875,35.389583333333334
6,kl,0.0001,1.0,10.0,1.0,,0.24662676683002316,316.02344395857625,372.9879501951229,16.47607127854777,64.57291666666667,39.25,15.583333333333334,25.202083333333334
6,kl,0.0003162277660168,1.0,10.0,1.0,,0.15710501989138828,334.2727254431582,382.67916062662334,19.225855052001172,45.875,24.28125,10.927083333333334,16.34791666666667
6,kl,0.001,1.0,10.0,1.0,,0.1982805677915363,326.00586533865396,378.7505560317022,31.471206265501984,31.072916666666668,18.010416666666668,7.28125,10.203125
6,kl,0.0031622776601683,1.0,10.0,1.0,,0.21963142334228491,321.6355873651087,373.0491910952701,58.29006840730495,18.21875,10.28125,4.885416666666667,6.7375
6,kl,0.01,1.0,10.0,1.0,,0.20025156953380796,325.60488120621795,380.68810176231466,87.61649928353629,11.65625,6.739583333333333,3.489583333333333,4.151041666666666
6,kl,0.0316227766016837,1.0,10.0,1.0,,0.24791533998768797,315.7530642943658,355.37761321932913,159.35970208460063,7.041666666666667,4.1875,1.9166666666666667,2.7333333333333334
6,mi,3.1622776601683795e-05,1.0,10.0,1.0,,0.0660780580237707,351.8596757589342,384.779633506739,6.615796831878917,78.07291666666667,69.0625,29.64583333333333,47.62291666666666
6,mi,0.0001,1.0,10.0,1.0,,0.13149818206249425,339.31227776972224,388.05583945969175,9.539915474682209,73.875,63.395833333333336,26.90625,36.70520833333334
6,mi,0.0003162277660168,1.0,10.0,1.0,,0.17060672916301872,331.58468417097515,385.11382016384886,12.549836850363794,66.5625,45.489583333333336,15.958333333333334,27.78020833333333
6,mi,0.001,1.0,10.0,1.0,,0.1520373841216415,335.276073409956,387.3446190037142,14.80760565620806,51.34375,34.770833333333336,10.59375,16.792708333333334
6,mi,0.0031622776601683,1.0,10.0,1.0,,0.15680176138171162,334.3328527037919,386.09636665252685,26.21378218069528,29.92708333333333,20.23958333333333,6.604166666666667,9.616666666666667
6,mi,0.01,1.0,10.0,1.0,,0.15978550735518163,333.74079242731284,384.1969097345148,46.50228420349779,18.58333333333333,10.0625,4.895833333333333,5.719791666666666
6,mi,0.0316227766016837,1.0,10.0,1.0,,0.23053175122247183,319.38135609495487,373.67492569924576,100.9791903009222,10.802083333333334,5.21875,2.8125,3.4958333333333336
6,mi,0.0999999999999999,1.0,10.0,1.0,,0.18872260309597266,327.94340134587816,380.61254440917804,127.66916092127127,7.333333333333333,4.041666666666667,1.6875,2.3041666666666667
6,mi,0.3162277660168379,1.0,10.0,1.0,,0.23331519230047804,318.8031746147118,375.9384640621503,259.29033752279395,4.447916666666667,2.708333333333333,1.4166666666666667,1.7770833333333331
6,surprisal_b,0.01,1.0,10.0,1.0,,,,,,80.0,80.0,80.0,80.0
6,surprisal_b,0.0273841963426436,1.0,10.0,1.0,,1.176983145512251e-05,364.09243285957103,373.55603197146263,0.6563925739261866,68.35416666666667,69.71875,64.07291666666667,68.13333333333334
6,surprisal_b,0.0749894209332455,1.0,10.0,1.0,,0.024971819526068657,359.51978272961213,380.55486368256027,21.718126726922907,54.10416666666666,57.020833333333336,50.04166666666666,51.305208333333326
6,surprisal_b,0.2053525026457146,1.0,10.0,1.0,,0.03818855267240303,364.09457553176964,360.26577905524965,-32.71448965303711,29.34375,31.5,31.916666666666668,29.153125
6,surprisal_b,0.5623413251903491,1.0,10.0,1.0,,0.014131777725282827,361.51276989467755,371.22086728631797,24.547616245658244,13.489583333333334,14.677083333333334,10.864583333333334,12.515625000000002
6,surprisal_b,1.539926526059492,1.0,10.0,1.0,,0.06168373869671411,352.6864949941641,374.41559014133117,294.9691457430816,5.385416666666667,5.927083333333333,5.041666666666667,5.30625
6,surprisal_b,4.216965034285822,1.0,10.0,1.0,,0.1172136544952469,342.09128641551104,370.1561889561245,491.09542923467666,3.020833333333333,3.0625,2.1875,2.6
6,surprisal_b,11.547819846894582,1.0,10.0,1.0,,0.13878755711193866,337.8853457355885,377.1548425828988,1248.3368132471217,1.7604166666666667,1.59375,1.53125,1.634375
6,surprisal_b,31.6227766016838,1.0,10.0,1.0,,0.007590286030155047,362.7101525009064,380.93343188246484,698.6563801800738,1.2916666666666667,1.2604166666666667,1.1979166666666667,1.21875
7,eig_code,3.162277660168379e-06,1.0,10.0,1.0,,0.04408612175133143,355.9783552082404,380.57818134239653,7.648687000282887,79.80208333333333,79.47916666666667,53.28125,62.25729166666666
7,eig_code,1e-05,1.0,10.0,1.0,,0.053861634517568625,354.1534976477683,381.74629745968883,5.512896523651709,79.32291666666667,77.52083333333333,35.5625,51.13125
7,eig_code,3.1622776601683795e-05,1.0,10.0,1.0,,0.09435720017109607,346.4915740785548,389.7329237175868,6.666811759411103,79.10416666666667,73.72916666666667,24.635416666666668,38.469791666666666
7,eig_code,0.0001,1.0,10.0,1.0,,0.11006852925335579,343.4729112583766,388.38176565102924,7.593910753931801,74.04166666666667,59.395833333333336,18.36458333333333,31.089583333333337
7,eig_code,0.0003162277660168,1.0,10.0,1.0,,0.13865500417967397,337.91134743266224,388.52876876063067,10.376820125096902,67.69791666666667,42.15625,12.979166666666666,21.815625
7,eig_code,0.001,1.0,10.0,1.0,,0.15713726884193557,334.266330786672,386.70414016573596,16.364729653170507,49.208333333333336,29.36458333333333,13.208333333333334,16.003125
7,eig_code,0.0031622776601683,1.0,10.0,1.0,,0.18193166809097,329.3130939304523,381.72871246019116,30.601134438021308,30.322916666666668,15.958333333333334,6.96875,10.070833333333331
7,eig_code,0.01,1.0,10.0,1.0,,0.17356531423910784,330.99274668874205,381.4984675518053,47.91687662113626,19.291666666666668,10.333333333333334,5.677083333333333,6.198958333333333
7,eig_code,0.0316227766016837,1.0,10.0,1.0,,0.21905083117556293,321.7552131340803,373.58671979936327,84.62149478818675,12.177083333333334,5.854166666666667,3.208333333333333,3.9197916666666672
7,kl,3.162277660168379e-06,1.0,10.0,1.0,,0.0849696076634899,348.28275264977003,384.0705161112567,6.312234106379499,78.88541666666667,77.91666666666667,32.21875,47.2375
7,kl,1e-05,1.0,10.0,1.0,,0.10215959421803839,344.9957791531225,386.55018637089495,6.898711469356565,78.6875,69.125,22.979166666666668,37.09791666666666
7,kl,3.1622776601683795e-05,1.0,10.0,1.0,,0.11974507424835841,341.6004551174072,387.34272578546614,7.811973219447271,73.89583333333333,60.0,17.447916666666668,29.771875
7,kl,0.0001,1.0,10.0,1.0,,0.16054143356599393,333.5906282822641,386.9438072465924,11.292113116260218,66.67708333333333,45.03125,13.6875,22.667708333333334
7,kl,0.0003162277660168,1.0,10.0,1.0,,0.21823049741126646,321.9241597170343,376.51457449320816,18.009009935444976,53.41666666666666,25.697916666666668,10.34375,15.659375
7,kl,0.001,1.0,10.0,1.0,,0.23368936115427377,318.72537160182935,374.1835040867072,32.192739140261935,32.541666666666664,16.239583333333332,7.46875,10.647916666666669
7,kl,0.0031622776601683,1.0,10.0,1.0,,0.16815937746902898,332.0735394626958,385.15702858385686,45.458454319181236,19.27083333333333,12.854166666666666,4.447916666666667,6.611458333333334
7,kl,0.01,1.0,10.0,1.0,,0.15513158377302774,334.6638063158482,387.52313413147846,75.28332094942674,11.84375,7.895833333333333,3.0416666666666665,4.260416666666666
7,kl,0.0316227766016837,1.0,10.0,1.0,,0.20563936223048987,324.5062506041121,378.9228746869018,153.65377193751243,6.864583333333333,4.5625,2.3854166666666665,2.935416666666667
7,mi,3.1622776601683795e-05,1.0,10.0,1.0,,0.09235940595266268,346.8735334645373,387.8309267106227,5.972461539449402,77.89583333333333,71.41666666666667,20.34375,35.287499999999994
7,mi,0.0001,1.0,10.0,1.0,,0.14873568156439038,335.9281696110587,387.6763683365608,8.658880116770204,75.04166666666667,59.145833333333336,16.041666666666668,27.878125000000004
7,mi,0.0003162277660168,1.0,10.0,1.0,,0.15820016324625144,334.05550055305855,387.0043292448815,10.89581382157087,64.88541666666667,43.8125,11.489583333333334,21.047916666666666
7,mi,0.001,1.0,10.0,1.0,,0.18511110588499632,328.6725302002289,384.25102297282183,16.41048143043485,51.15625,27.39583333333333,8.90625,13.592708333333338
7,mi,0.0031622776601683,1.0,10.0,1.0,,0.215978861675507,322.38742591088544,378.4434443036375,31.077247754678147,30.260416666666668,16.979166666666668,5.885416666666667,9.395833333333332
7,mi,0.01,1.0,10.0,1.0,,0.1975382691785395,326.15675210987735,378.70863379691247,52.431306753021616,18.05208333333333,9.083333333333334,4.53125,5.604166666666666
7,mi,0.0316227766016837,1.0,10.0,1.0,,0.21373446695736062,322.8485407383609,377.15389190086813,88.39829740057014,11.239583333333334,6.125,2.677083333333333,3.4979166666666663
7,mi,0.0999999999999999,1.0,10.0,1.0,,0.18906275329119465,327.874644526408,384.28240588756717,150.41828723303888,6.333333333333333,4.104166666666667,1.8541666666666667,2.3989583333333333
7,mi,0.3162277660168379,1.0,10.0,1.0,,0.20888955879772703,323.8416971738703,377.3448517487322,284.67183422568223,3.9895833333333335,2.46875,1.4375,1.6895833333333332
7,surprisal_b,0.01,1.0,10.0,1.0,,0.06522542790218844,364.09457553176964,360.26577905524965,-52.747982809879645,74.85416666666667,78.5625,75.10416666666667,73.59895833333333
7,surprisal_b,0.0273841963426436,1.0,10.0,1.0,,0.05467031244741948,354.0021152756679,373.8528853572946,28.314173786601405,70.0625,68.17708333333333,67.72916666666667,66.48125
7,surprisal_b,0.0749894209332455,1.0,10.0,1.0,,0.028340341858468315,358.89821186901486,371.8957097778704,18.48879126749413,51.125,44.69791666666666,49.9375,46.01875
7,surprisal_b,0.2053525026457146,1.0,10.0,1.0,,0.005034060371665382,363.1769822326329,372.92617487679274,9.190786256324778,27.23958333333333,30.20833333333333,25.92708333333333,24.601041666666664
7,surprisal_b,0.5623413251903491,1.0,10.0,1.0,,0.10578723031785177,344.2981129225301,351.64504078056706,115.97515639821134,12.197916666666666,8.739583333333334,8.677083333333334,10.222916666666666
7,surprisal_b,1.539926526059492,1.0,10.0,1.0,,0.00416023834179814,363.33642608276523,364.692777153234,63.61321948324249,4.395833333333333,5.03125,4.625,4.421874999999999
7,surprisal_b,4.216965034285822,1.0,10.0,1.0,,0.22431187760466723,320.6695920975191,361.8626677392638,780.2134367041733,2.739583333333333,2.364583333333333,2.333333333333333,2.221875
7,surprisal_b,11.547819846894582,1.0,10.0,1.0,,0.014515331505017218,361.44243946143797,389.91892651635504,573.2551773221351,1.4166666666666667,1.5416666666666667,1.4166666666666667,1.5010416666666668
7,surprisal_b,31.6227766016838,1.0,10.0,1.0,,0.002099782890737883,364.09457553176964,360.72965895801786,-432.2855558121788,1.2291666666666667,1.2395833333333333,1.125,1.1583333333333337
