setting,metric,world_EIGs,V_prior,alpha_prior,beta_prior,eps_fixed,cond_r2,cond_rmse,n_cond,within_r2,within_b,bg1,bg2,bg11,dev1,dev5,dev10
0,eig_code,3.162277660168379e-06,1.0,1.0,0.1,,0.2719826073648397,357.17525774424547,75,,,80.0,79.38541666666667,75.20833333333333,80.0,75.80208333333333,76.51041666666667
0,eig_code,1e-05,1.0,1.0,0.1,,0.20555164261545505,368.4624693700554,75,,,79.55208333333333,78.51041666666667,60.90625,77.11458333333333,70.67708333333333,64.92708333333333
0,eig_code,3.1622776601683795e-05,1.0,1.0,0.1,,0.23891773506643676,361.33663492066796,75,,,78.86458333333333,74.5625,52.59375,72.125,58.302083333333336,54.03125
0,eig_code,0.0001,1.0,1.0,0.1,,0.3338357425445419,338.19572851143585,75,,,77.64583333333333,71.15625,41.427083333333336,67.4375,53.97916666666666,43.052083333333336
0,eig_code,0.0003162277660168,1.0,1.0,0.1,,0.3683024148308523,325.15591875485154,75,,,69.45833333333333,59.79166666666666,28.760416666666668,52.0,35.583333333333336,31.20833333333333
0,eig_code,0.001,1.0,1.0,0.1,,0.5086196440750677,283.696160912342,75,,,52.864583333333336,37.770833333333336,24.291666666666668,41.270833333333336,22.447916666666668,21.83333333333333
0,eig_code,0.0031622776601683,1.0,1.0,0.1,,0.6328281250617406,243.77287624532724,75,,,36.333333333333336,20.39583333333333,13.40625,27.05208333333333,13.75,14.010416666666666
0,eig_code,0.01,1.0,1.0,0.1,,0.6062173364111312,253.74033239659994,75,,,22.80208333333333,13.385416666666666,8.427083333333334,12.4375,8.572916666666666,7.770833333333333
0,eig_code,0.0316227766016837,1.0,1.0,0.1,,0.6177887882316311,249.51634365986337,75,,,12.770833333333334,7.34375,4.635416666666667,7.895833333333333,5.145833333333333,4.84375
0,kl,3.162277660168379e-06,1.0,1.0,0.1,,0.3314079255531398,337.02498855620354,75,,,79.41666666666667,74.125,52.71875,75.5625,65.19791666666667,59.21875
0,kl,1e-05,1.0,1.0,0.1,,0.32338535275382857,338.79898390084736,75,,,76.71875,69.86458333333333,43.03125,65.88541666666667,52.364583333333336,40.71875
0,kl,3.1622776601683795e-05,1.0,1.0,0.1,,0.45085729149257187,303.04757994427814,75,,,71.80208333333333,59.71875,28.229166666666668,57.85416666666666,40.44791666666666,31.46875
0,kl,0.0001,1.0,1.0,0.1,,0.6226507885737629,244.70636453036104,75,,,64.80208333333333,39.625,21.65625,38.72916666666666,26.916666666666668,18.947916666666668
0,kl,0.0003162277660168,1.0,1.0,0.1,,0.6030687919695152,251.3891596539267,75,,,42.270833333333336,27.65625,15.135416666666666,28.83333333333333,18.125,16.645833333333332
0,kl,0.001,1.0,1.0,0.1,,0.6465449088791053,235.94591222208683,75,,,28.65625,16.552083333333332,8.208333333333334,17.458333333333332,11.229166666666666,9.458333333333334
0,kl,0.0031622776601683,1.0,1.0,0.1,,0.6567439541582644,232.33770926638243,75,,,19.447916666666668,10.791666666666666,5.71875,9.75,7.666666666666667,5.802083333333333
0,kl,0.01,1.0,1.0,0.1,,0.6286232286181827,244.59375623717875,75,,,11.697916666666666,6.96875,3.53125,7.072916666666667,3.8958333333333335,4.125
0,kl,0.0316227766016837,1.0,1.0,0.1,,0.49522667238945073,289.89056928134926,75,,,7.239583333333333,5.447916666666667,2.145833333333333,4.979166666666667,3.125,2.53125
0,mi,3.1622776601683795e-05,1.0,1.0,0.1,,0.31868424011807933,340.21083557037247,75,,,78.40625,68.05208333333333,39.302083333333336,75.55208333333333,53.625,42.75
0,mi,0.0001,1.0,1.0,0.1,,0.48965550685533976,288.3995388753193,75,,,75.17708333333333,55.9375,24.64583333333333,60.72916666666666,41.19791666666666,30.979166666666668
0,mi,0.0003162277660168,1.0,1.0,0.1,,0.551476590701312,270.64294353088883,75,,,64.21875,44.583333333333336,24.59375,49.22916666666666,25.73958333333333,24.98958333333333
0,mi,0.001,1.0,1.0,0.1,,0.49960198256524513,288.0813543842716,75,,,48.5625,33.895833333333336,15.947916666666666,27.23958333333333,16.489583333333332,16.03125
0,mi,0.0031622776601683,1.0,1.0,0.1,,0.6042636288084564,252.0985892001053,75,,,32.864583333333336,18.09375,8.385416666666666,17.520833333333332,10.520833333333334,8.614583333333334
0,mi,0.01,1.0,1.0,0.1,,0.6207214531324726,246.33458764177686,75,,,18.229166666666668,10.21875,4.71875,8.416666666666666,5.916666666666667,5.802083333333333
0,mi,0.0316227766016837,1.0,1.0,0.1,,0.6480253288269804,237.85097870998123,75,,,10.8125,5.489583333333333,3.1875,5.760416666666667,3.28125,3.375
0,mi,0.0999999999999999,1.0,1.0,0.1,,0.6722134236319682,228.52698859933176,75,,,7.239583333333333,3.5416666666666665,1.9583333333333333,4.052083333333333,2.4375,2.0625
0,mi,0.3162277660168379,1.0,1.0,0.1,,0.5484914954781951,271.9476962856535,75,,,4.166666666666667,2.71875,1.3645833333333333,2.7604166666666665,1.6145833333333333,1.3854166666666667
0,surprisal_b,0.01,1.0,1.0,0.1,,,,75,,,80.0,80.0,80.0,80.0,80.0,80.0
0,surprisal_b,0.0273841963426436,1.0,1.0,0.1,,0.07653015717336747,392.6914430255929,75,,,67.82291666666667,68.77083333333333,65.1875,68.25,67.625,61.864583333333336
0,surprisal_b,0.0749894209332455,1.0,1.0,0.1,,0.09248000657412327,389.14987791204595,75,,,50.958333333333336,55.44791666666666,50.29166666666666,50.302083333333336,47.770833333333336,49.625
0,surprisal_b,0.2053525026457146,1.0,1.0,0.1,,0.23366602736220682,365.5425620025679,75,,,28.34375,26.52083333333333,26.15625,26.166666666666668,28.385416666666668,25.77083333333333
0,surprisal_b,0.5623413251903491,1.0,1.0,0.1,,0.005392996390945097,409.01259109009095,75,,,10.666666666666666,10.833333333333334,10.958333333333334,11.3125,8.25,9.572916666666666
0,surprisal_b,1.539926526059492,1.0,1.0,0.1,,0.2396237871450141,362.3666591455998,75,,,5.4375,5.84375,3.6875,4.8125,4.760416666666667,4.416666666666667
0,surprisal_b,4.216965034285822,1.0,1.0,0.1,,0.15362291510998674,390.2105918970825,75,,,2.71875,2.21875,2.09375,2.6875,2.083333333333333,2.1875
0,surprisal_b,11.547819846894582,1.0,1.0,0.1,,0.39834409042714697,323.37510013482495,75,,,1.78125,1.59375,1.46875,1.6979166666666667,1.46875,1.3854166666666667
0,surprisal_b,31.6227766016838,1.0,1.0,0.1,,0.00040887155682909693,407.98417363702595,75,,,1.1666666666666667,1.28125,1.1875,1.2604166666666667,1.1666666666666667,1.1979166666666667
1,eig_code,3.162277660168379e-06,1.0,1.0,0.1,,0.29254773482763774,343.0985845998551,75,,,80.0,79.55208333333333,69.22916666666667,78.73958333333333,72.80208333333333,73.29166666666667
1,eig_code,1e-05,1.0,1.0,0.1,,0.3094907011500117,339.62563597135534,75,,,79.86458333333333,78.63541666666667,56.46875,78.35416666666667,63.03125,64.3125
1,eig_code,3.1622776601683795e-05,1.0,1.0,0.1,,0.30250990665811495,344.5201704008333,75,,,77.71875,75.03125,41.22916666666666,73.625,47.333333333333336,43.46875
1,eig_code,0.0001,1.0,1.0,0.1,,0.4488545800016953,303.6354608093056,75,,,76.3125,59.3125,30.42708333333333,62.114583333333336,38.25,29.010416666666668
1,eig_code,0.0003162277660168,1.0,1.0,0.1,,0.49046771902777025,289.0245512735445,75,,,68.73958333333333,50.0,19.36458333333333,49.57291666666666,28.322916666666668,19.77083333333333
1,eig_code,0.001,1.0,1.0,0.1,,0.5687461011821142,264.24593792856183,75,,,51.34375,31.9375,14.15625,29.21875,17.635416666666668,15.395833333333334
1,eig_code,0.0031622776601683,1.0,1.0,0.1,,0.6342407407974648,241.79957986928872,75,,,33.833333333333336,18.34375,10.4375,18.33333333333333,12.114583333333334,9.760416666666666
1,eig_code,0.01,1.0,1.0,0.1,,0.5840781815678263,258.96222244677824,75,,,18.92708333333333,11.645833333333334,6.583333333333333,11.40625,7.541666666666667,6.239583333333333
1,eig_code,0.0316227766016837,1.0,1.0,0.1,,0.6054879526864247,251.49677918373513,75,,,11.1875,6.875,3.375,8.708333333333334,4.635416666666667,3.145833333333333
1,kl,3.162277660168379e-06,1.0,1.0,0.1,,0.2336539834808816,360.8131367995232,75,,,79.5625,77.72916666666667,44.47916666666666,77.28125,56.47916666666666,55.13541666666666
1,kl,1e-05,1.0,1.0,0.1,,0.2877338558384246,347.46313998433084,75,,,77.52083333333333,75.17708333333333,32.614583333333336,73.36458333333333,39.458333333333336,34.96875
1,kl,3.1622776601683795e-05,1.0,1.0,0.1,,0.40391078626139126,315.74869346521126,75,,,74.45833333333333,62.25,23.61458333333333,63.28125,30.6875,25.6875
1,kl,0.0001,1.0,1.0,0.1,,0.4941115667450587,289.17514692261,75,,,68.16666666666667,49.125,16.71875,45.78125,24.77083333333333,19.02083333333333
1,kl,0.0003162277660168,1.0,1.0,0.1,,0.6428325042815078,239.74568459965047,75,,,49.79166666666666,27.041666666666668,12.34375,31.42708333333333,16.854166666666668,13.104166666666666
1,kl,0.001,1.0,1.0,0.1,,0.640323486020709,240.53957368830325,75,,,32.114583333333336,17.052083333333332,8.802083333333334,21.14583333333333,14.166666666666666,7.96875
1,kl,0.0031622776601683,1.0,1.0,0.1,,0.6257811746269023,243.3381087560585,75,,,19.90625,12.0,6.510416666666667,11.59375,7.5,5.229166666666667
1,kl,0.01,1.0,1.0,0.1,,0.5834752091312136,259.198263000212,75,,,11.0625,7.28125,3.8541666666666665,7.6875,4.385416666666667,4.09375
1,kl,0.0316227766016837,1.0,1.0,0.1,,0.5739058024989458,262.1543396364237,75,,,7.572916666666667,5.166666666666667,2.145833333333333,4.65625,3.0729166666666665,2.614583333333333
1,mi,3.1622776601683795e-05,1.0,1.0,0.1,,0.3419386678158373,333.80015605550017,75,,,78.63541666666667,74.35416666666667,28.65625,72.47916666666667,38.75,33.208333333333336
1,mi,0.0001,1.0,1.0,0.1,,0.38166851452336165,322.03552140390747,75,,,74.96875,62.29166666666666,20.010416666666668,62.21875,30.197916666666668,22.98958333333333
1,mi,0.0003162277660168,1.0,1.0,0.1,,0.5582027344125216,266.5075772084562,75,,,66.125,44.458333333333336,14.125,45.46875,25.27083333333333,16.177083333333332
1,mi,0.001,1.0,1.0,0.1,,0.6183946831805581,247.71602135994198,75,,,50.958333333333336,26.697916666666668,9.510416666666666,27.010416666666668,14.03125,11.697916666666666
1,mi,0.0031622776601683,1.0,1.0,0.1,,0.6465159288486373,236.7338781603592,75,,,30.89583333333333,16.291666666666668,6.9375,15.5,10.59375,7.6875
1,mi,0.01,1.0,1.0,0.1,,0.6464290329730726,239.15874823178177,75,,,18.15625,8.833333333333334,4.260416666666667,10.020833333333334,6.041666666666667,4.28125
1,mi,0.0316227766016837,1.0,1.0,0.1,,0.6466715331956836,236.08095665195734,75,,,10.697916666666666,5.833333333333333,2.489583333333333,5.708333333333333,3.15625,3.09375
1,mi,0.0999999999999999,1.0,1.0,0.1,,0.6326926820935006,243.2252728015842,75,,,6.927083333333333,3.78125,1.84375,4.114583333333333,2.427083333333333,1.9583333333333333
1,mi,0.3162277660168379,1.0,1.0,0.1,,0.4873873065702818,290.38479374923065,75,,,3.5729166666666665,2.770833333333333,1.40625,2.7604166666666665,1.8229166666666667,1.4375
1,surprisal_b,0.01,1.0,1.0,0.1,,0.1654783004406406,383.5917464605135,75,,,74.67708333333333,72.63541666666667,71.47916666666667,73.96875,73.53125,76.13541666666667
1,surprisal_b,0.0273841963426436,1.0,1.0,0.1,,0.3903922143622865,324.46289105689175,75,,,68.16666666666667,67.67708333333333,65.25,63.552083333333336,65.61458333333333,65.375
1,surprisal_b,0.0749894209332455,1.0,1.0,0.1,,0.004640333364827318,411.7940142477122,75,,,46.59375,44.239583333333336,38.53125,47.5625,42.21875,46.46875
1,surprisal_b,0.2053525026457146,1.0,1.0,0.1,,0.033459046880417495,403.52664899218337,75,,,23.34375,23.96875,17.895833333333332,22.947916666666668,21.3125,23.86458333333333
1,surprisal_b,0.5623413251903491,1.0,1.0,0.1,,0.006226145048070645,407.29263902803655,75,,,9.270833333333334,11.0,8.822916666666666,11.0625,10.5625,8.947916666666666
1,surprisal_b,1.539926526059492,1.0,1.0,0.1,,0.16759800466733774,376.24030038402043,75,,,4.447916666666667,3.9583333333333335,3.78125,4.6875,4.6875,3.8229166666666665
1,surprisal_b,4.216965034285822,1.0,1.0,0.1,,0.0010031882375778514,408.43937049664726,75,,,2.21875,2.3125,2.0,2.21875,2.1875,1.9791666666666667
1,surprisal_b,11.547819846894582,1.0,1.0,0.1,,0.001683555604124876,408.4579826109345,75,,,1.4583333333333333,1.6145833333333333,1.5104166666666667,1.3958333333333333,1.3645833333333333,1.3854166666666667
1,surprisal_b,31.6227766016838,1.0,1.0,0.1,,0.044809485234916985,407.29263902803655,75,,,1.1145833333333333,1.1875,1.0833333333333333,1.2395833333333333,1.0625,1.1354166666666667
2,eig_code,3.162277660168379e-06,1.0,1.0,1.0,,0.16606014011490564,380.12641033532316,75,,,79.52083333333333,77.88541666666667,56.375,77.4375,65.07291666666667,52.520833333333336
2,eig_code,1e-05,1.0,1.0,1.0,,0.2442111220455745,359.1776469252501,75,,,77.70833333333333,75.67708333333333,42.614583333333336,75.70833333333333,52.427083333333336,45.26041666666666
2,eig_code,3.1622776601683795e-05,1.0,1.0,1.0,,0.3545921783549147,328.8600020925497,75,,,76.625,67.57291666666667,30.635416666666668,65.07291666666667,39.3125,32.25
2,eig_code,0.0001,1.0,1.0,1.0,,0.5742579541334796,262.20558276756634,75,,,69.625,47.9375,32.854166666666664,52.9375,34.34375,29.59375
2,eig_code,0.0003162277660168,1.0,1.0,1.0,,0.5258621378162521,280.6984884643572,75,,,58.63541666666666,36.864583333333336,13.822916666666666,37.427083333333336,21.791666666666668,20.375
2,eig_code,0.001,1.0,1.0,1.0,,0.5760492302104653,262.2637554912276,75,,,38.5,23.885416666666668,12.760416666666666,21.03125,15.458333333333334,12.03125
2,eig_code,0.0031622776601683,1.0,1.0,1.0,,0.6268080731353879,247.37589750161368,75,,,21.75,12.5,9.21875,11.479166666666666,9.40625,8.479166666666666
2,eig_code,0.01,1.0,1.0,1.0,,0.6737098769134864,228.57386084227792,75,,,13.791666666666666,7.03125,5.791666666666667,7.15625,6.3125,4.71875
2,eig_code,0.0316227766016837,1.0,1.0,1.0,,0.6187194825189284,247.26650277413387,75,,,8.979166666666666,5.21875,2.739583333333333,5.25,3.3854166666666665,2.677083333333333
2,kl,3.162277660168379e-06,1.0,1.0,1.0,,0.272245095575751,351.0197566177465,75,,,78.46875,70.35416666666667,45.5625,75.30208333333333,54.54166666666666,42.145833333333336
2,kl,1e-05,1.0,1.0,1.0,,0.3574632139328618,330.0910315470336,75,,,78.09375,63.625,31.73958333333333,67.16666666666667,38.46875,29.53125
2,kl,3.1622776601683795e-05,1.0,1.0,1.0,,0.5067297771606719,285.33292499083274,75,,,72.10416666666667,50.75,21.885416666666668,53.083333333333336,29.58333333333333,20.59375
2,kl,0.0001,1.0,1.0,1.0,,0.5795264378048595,261.4542901681648,75,,,58.645833333333336,34.760416666666664,13.84375,40.239583333333336,23.260416666666668,14.291666666666666
2,kl,0.0003162277660168,1.0,1.0,1.0,,0.5813752240156914,259.83118221773975,75,,,47.770833333333336,26.95833333333333,9.21875,25.86458333333333,14.34375,8.854166666666666
2,kl,0.001,1.0,1.0,1.0,,0.6467903471335313,237.071051600546,75,,,29.45833333333333,13.916666666666666,6.34375,15.697916666666666,8.572916666666666,7.020833333333333
2,kl,0.0031622776601683,1.0,1.0,1.0,,0.664611681319907,232.3867758234651,75,,,18.52083333333333,8.4375,5.260416666666667,9.03125,6.010416666666667,5.666666666666667
2,kl,0.01,1.0,1.0,1.0,,0.6386842762371713,240.64448001316003,75,,,11.791666666666666,6.5625,3.333333333333333,5.625,4.25,3.4479166666666665
2,kl,0.0316227766016837,1.0,1.0,1.0,,0.6525635789466498,236.79180609836084,75,,,8.09375,3.78125,2.1354166666666665,3.8645833333333335,2.4479166666666665,2.09375
2,mi,3.1622776601683795e-05,1.0,1.0,1.0,,0.26510524614533165,356.30895393885163,75,,,77.59375,69.21875,31.58333333333333,70.4375,49.770833333333336,31.041666666666668
2,mi,0.0001,1.0,1.0,1.0,,0.3338298330339813,335.3305271016726,75,,,72.375,65.54166666666667,22.791666666666668,61.270833333333336,33.770833333333336,25.125
2,mi,0.0003162277660168,1.0,1.0,1.0,,0.552636165409376,268.5182108827638,75,,,70.71875,45.052083333333336,15.53125,51.364583333333336,24.197916666666668,17.78125
2,mi,0.001,1.0,1.0,1.0,,0.6184984528909652,250.90926932432785,75,,,48.60416666666666,25.010416666666668,11.208333333333334,29.65625,16.177083333333332,13.34375
2,mi,0.0031622776601683,1.0,1.0,1.0,,0.6006350895290777,252.34350134612288,75,,,28.260416666666668,16.770833333333332,7.46875,17.208333333333332,9.802083333333334,7.46875
2,mi,0.01,1.0,1.0,1.0,,0.6216022055268695,248.1099494210051,75,,,18.5,9.09375,4.4375,8.135416666666666,5.822916666666667,4.291666666666667
2,mi,0.0316227766016837,1.0,1.0,1.0,,0.6419827615636965,240.72867810562576,75,,,11.708333333333334,5.666666666666667,3.0,5.708333333333333,2.927083333333333,2.895833333333333
2,mi,0.0999999999999999,1.0,1.0,1.0,,0.6385526767649871,239.95847613387977,75,,,7.40625,3.9166666666666665,1.90625,3.7395833333333335,2.2916666666666665,1.7604166666666667
2,mi,0.3162277660168379,1.0,1.0,1.0,,0.5493892386538549,271.51160128759,75,,,4.46875,3.0104166666666665,1.375,2.84375,1.7083333333333333,1.4375
2,surprisal_b,0.01,1.0,1.0,1.0,,0.3237120826531675,346.5983647473388,75,,,77.9375,75.88541666666667,74.46875,75.03125,79.60416666666667,75.61458333333333
2,surprisal_b,0.0273841963426436,1.0,1.0,1.0,,0.09685913993109597,393.10913051181564,75,,,71.60416666666667,68.73958333333333,69.84375,73.76041666666667,71.59375,70.58333333333333
2,surprisal_b,0.0749894209332455,1.0,1.0,1.0,,0.41648184967301577,318.13187796580166,75,,,62.60416666666666,60.40625,50.427083333333336,51.90625,61.15625,57.76041666666666
2,surprisal_b,0.2053525026457146,1.0,1.0,1.0,,0.00020459156819257592,408.4357431610389,75,,,35.104166666666664,37.66666666666666,31.36458333333333,36.04166666666666,34.697916666666664,28.83333333333333
2,surprisal_b,0.5623413251903491,1.0,1.0,1.0,,0.2996219102340157,350.33649416628,75,,,17.53125,15.510416666666666,13.03125,14.802083333333334,12.895833333333334,12.645833333333334
2,surprisal_b,1.539926526059492,1.0,1.0,1.0,,0.013377789029780165,407.29263902803655,75,,,5.8125,6.90625,5.385416666666667,8.21875,5.916666666666667,4.979166666666667
2,surprisal_b,4.216965034285822,1.0,1.0,1.0,,0.02775658552777215,407.43900476138407,75,,,3.1666666666666665,3.3125,3.052083333333333,2.770833333333333,3.114583333333333,2.8541666666666665
2,surprisal_b,11.547819846894582,1.0,1.0,1.0,,0.08458378613505942,394.920493588138,75,,,1.7916666666666667,1.7395833333333333,1.6145833333333333,1.8958333333333333,1.6666666666666667,1.7916666666666667
2,surprisal_b,31.6227766016838,1.0,1.0,1.0,,0.3495043690255107,333.0537739506972,75,,,1.40625,1.34375,1.2291666666666667,1.3020833333333333,1.1875,1.25
3,eig_code,3.162277660168379e-06,1.0,1.0,1.0,,0.2263824975732516,364.01485913291884,75,,,80.0,78.3125,37.78125,78.97916666666667,46.78125,39.91666666666666
3,eig_code,1e-05,1.0,1.0,1.0,,0.3041484982105908,343.6018662932834,75,,,79.875,70.09375,24.70833333333333,74.29166666666667,36.208333333333336,28.65625
3,eig_code,3.1622776601683795e-05,1.0,1.0,1.0,,0.3612320632401562,327.8840837676771,75,,,77.51041666666667,64.40625,19.229166666666668,70.76041666666667,27.64583333333333,20.0
3,eig_code,0.0001,1.0,1.0,1.0,,0.44042073410963883,306.5255376643311,75,,,69.58333333333333,52.66666666666666,15.177083333333334,51.91666666666666,25.041666666666668,14.90625
3,eig_code,0.0003162277660168,1.0,1.0,1.0,,0.5739627657794025,261.69837657811706,75,,,57.26041666666666,33.604166666666664,12.020833333333334,32.583333333333336,18.541666666666668,11.8125
3,eig_code,0.001,1.0,1.0,1.0,,0.6162188242395219,248.94139096197802,75,,,37.16666666666666,19.86458333333333,7.958333333333333,21.125,14.46875,9.291666666666666
3,eig_code,0.0031622776601683,1.0,1.0,1.0,,0.5814206273515048,262.16256054608306,75,,,21.697916666666668,12.614583333333334,5.666666666666667,12.927083333333334,8.03125,6.479166666666667
3,eig_code,0.01,1.0,1.0,1.0,,0.5523124667510774,270.47129590254826,75,,,13.0625,8.40625,4.666666666666667,7.947916666666667,5.020833333333333,4.052083333333333
3,eig_code,0.0316227766016837,1.0,1.0,1.0,,0.6063347335803048,254.31306235119004,75,,,8.0625,4.635416666666667,2.864583333333333,5.229166666666667,3.1041666666666665,2.520833333333333
3,kl,3.162277660168379e-06,1.0,1.0,1.0,,0.22771131747634304,362.36778486966205,75,,,79.85416666666667,77.05208333333333,22.33333333333333,78.45833333333333,38.41666666666666,25.28125
3,kl,1e-05,1.0,1.0,1.0,,0.33708483363418124,334.1846593156669,75,,,77.70833333333333,67.89583333333333,17.625,69.8125,27.8125,19.6875
3,kl,3.1622776601683795e-05,1.0,1.0,1.0,,0.40507449218311903,315.15275936475217,75,,,75.11458333333333,59.16666666666666,14.197916666666666,55.13541666666666,21.98958333333333,17.697916666666668
3,kl,0.0001,1.0,1.0,1.0,,0.549491138503032,271.683344676606,75,,,66.65625,40.0625,12.385416666666666,45.28125,18.760416666666668,12.760416666666666
3,kl,0.0003162277660168,1.0,1.0,1.0,,0.5841247801509146,258.2857812028751,75,,,49.76041666666666,27.11458333333333,9.083333333333334,22.92708333333333,13.041666666666666,8.854166666666666
3,kl,0.001,1.0,1.0,1.0,,0.6154525505828938,246.66668942316034,75,,,31.84375,17.979166666666668,6.875,13.90625,8.604166666666666,7.604166666666667
3,kl,0.0031622776601683,1.0,1.0,1.0,,0.6522835160257457,236.02709313054555,75,,,20.46875,9.979166666666666,5.010416666666667,10.5625,6.145833333333333,5.5
3,kl,0.01,1.0,1.0,1.0,,0.6519115516588242,235.47590357536518,75,,,12.59375,6.71875,3.5416666666666665,6.302083333333333,4.020833333333333,3.71875
3,kl,0.0316227766016837,1.0,1.0,1.0,,0.6331497787598673,243.0615290671201,75,,,7.697916666666667,4.291666666666667,2.333333333333333,4.083333333333333,2.833333333333333,2.2604166666666665
3,mi,3.1622776601683795e-05,1.0,1.0,1.0,,0.2803707616018591,349.16609334232237,75,,,78.28125,71.26041666666667,16.708333333333332,70.53125,27.98958333333333,20.33333333333333
3,mi,0.0001,1.0,1.0,1.0,,0.4067667536834898,313.9097746764603,75,,,74.82291666666667,60.302083333333336,12.760416666666666,61.40625,21.78125,12.447916666666666
3,mi,0.0003162277660168,1.0,1.0,1.0,,0.5280879305595896,277.1401279401156,75,,,68.61458333333333,43.145833333333336,9.927083333333334,40.53125,17.291666666666668,10.239583333333334
3,mi,0.001,1.0,1.0,1.0,,0.6177437438494173,247.09169686331583,75,,,48.583333333333336,26.39583333333333,8.625,28.17708333333333,11.28125,8.34375
3,mi,0.0031622776601683,1.0,1.0,1.0,,0.6026750309361255,253.16936702427247,75,,,29.98958333333333,15.947916666666666,6.34375,16.520833333333332,7.677083333333333,5.666666666666667
3,mi,0.01,1.0,1.0,1.0,,0.6459186249932762,237.1032908158465,75,,,18.42708333333333,9.135416666666666,3.2916666666666665,8.333333333333334,4.416666666666667,3.8854166666666665
3,mi,0.0316227766016837,1.0,1.0,1.0,,0.6239224304455203,245.8584454845274,75,,,10.9375,5.625,3.0104166666666665,5.40625,3.145833333333333,2.427083333333333
3,mi,0.0999999999999999,1.0,1.0,1.0,,0.5752878235194541,261.99275012312273,75,,,6.71875,4.333333333333333,1.96875,3.7291666666666665,2.052083333333333,1.78125
3,mi,0.3162277660168379,1.0,1.0,1.0,,0.5856171071786713,259.0133017839375,75,,,4.052083333333333,2.614583333333333,1.4479166666666667,2.78125,1.75,1.3541666666666667
3,surprisal_b,0.01,1.0,1.0,1.0,,0.05337907129948423,403.31740847195726,75,,,76.65625,72.61458333333333,76.03125,76.3125,74.05208333333333,72.40625
3,surprisal_b,0.0273841963426436,1.0,1.0,1.0,,0.038525496175471886,407.29263902803655,75,,,66.63541666666667,69.66666666666667,69.58333333333333,67.82291666666667,66.29166666666667,66.90625
3,surprisal_b,0.0749894209332455,1.0,1.0,1.0,,0.04656479470486986,398.56591637111484,75,,,53.35416666666666,56.29166666666666,47.66666666666666,55.96875,49.84375,49.35416666666666
3,surprisal_b,0.2053525026457146,1.0,1.0,1.0,,0.21207636468188804,366.3327357274255,75,,,37.78125,35.15625,29.70833333333333,31.760416666666668,31.71875,26.416666666666668
3,surprisal_b,0.5623413251903491,1.0,1.0,1.0,,0.10440785782839064,398.7371603439175,75,,,15.364583333333334,15.1875,11.635416666666666,12.802083333333334,12.9375,11.364583333333334
3,surprisal_b,1.539926526059492,1.0,1.0,1.0,,0.14654021509527004,387.0949830083654,75,,,5.760416666666667,5.333333333333333,4.645833333333333,5.375,5.21875,4.614583333333333
3,surprisal_b,4.216965034285822,1.0,1.0,1.0,,0.17841355485462493,372.61647960358744,75,,,2.8854166666666665,2.6041666666666665,2.3229166666666665,2.927083333333333,2.5104166666666665,2.34375
3,surprisal_b,11.547819846894582,1.0,1.0,1.0,,0.013156288221054201,409.74876587468106,75,,,1.6458333333333333,1.7395833333333333,1.4895833333333333,1.6458333333333333,1.6458333333333333,1.5625
3,surprisal_b,31.6227766016838,1.0,1.0,1.0,,8.329356425130489e-05,408.4870769348207,75,,,1.1770833333333333,1.2083333333333333,1.2291666666666667,1.2708333333333333,1.2604166666666667,1.1875
4,eig_code,3.162277660168379e-06,1.0,10.0,0.1,,,,75,,,80.0,80.0,80.0,80.0,80.0,80.0
4,eig_code,1e-05,1.0,10.0,0.1,,,,75,,,80.0,80.0,80.0,80.0,80.0,80.0
4,eig_code,3.1622776601683795e-05,1.0,10.0,0.1,,0.3712604068490651,323.7848410899009,75,,,79.84375,76.77083333333333,61.44791666666666,76.41666666666667,71.21875,62.177083333333336
4,eig_code,0.0001,1.0,10.0,0.1,,0.2576859202350049,355.850500307263,75,,,78.375,73.46875,48.16666666666666,71.48958333333333,57.125,44.32291666666666
4,eig_code,0.0003162277660168,1.0,10.0,0.1,,0.3890025924281018,320.3499706309645,75,,,75.40625,61.69791666666666,34.708333333333336,61.63541666666666,36.552083333333336,34.9375
4,eig_code,0.001,1.0,10.0,0.1,,0.36198278209185886,329.7552821990902,75,,,60.1875,52.083333333333336,21.916666666666668,46.177083333333336,27.71875,23.71875
4,eig_code,0.0031622776601683,1.0,10.0,0.1,,0.5908197629462396,258.1379417399374,75,,,49.59375,28.52083333333333,13.71875,31.572916666666668,18.885416666666668,14.260416666666666
4,eig_code,0.01,1.0,10.0,0.1,,0.5531043204505318,270.98091567827544,75,,,28.09375,16.552083333333332,8.947916666666666,15.583333333333334,10.78125,9.864583333333334
4,eig_code,0.0316227766016837,1.0,10.0,0.1,,0.5695918040732333,264.8341250566942,75,,,16.135416666666668,9.729166666666666,5.25,10.5625,6.729166666666667,5.385416666666667
4,kl,3.162277660168379e-06,1.0,10.0,0.1,,0.294704599830191,345.41728572009055,75,,,79.53125,77.63541666666667,61.8125,76.51041666666667,67.3125,63.8125
4,kl,1e-05,1.0,10.0,0.1,,0.3585003753381757,329.637245208587,75,,,78.86458333333333,71.09375,43.78125,70.38541666666667,58.09375,47.208333333333336
4,kl,3.1622776601683795e-05,1.0,10.0,0.1,,0.42341660846867757,312.08849311692563,75,,,74.45833333333333,60.85416666666666,33.0,58.40625,48.29166666666666,34.052083333333336
4,kl,0.0001,1.0,10.0,0.1,,0.44241662463250414,305.0081946635306,75,,,62.739583333333336,48.09375,24.354166666666668,48.333333333333336,31.89583333333333,23.666666666666668
4,kl,0.0003162277660168,1.0,10.0,0.1,,0.5780303265016262,263.3791318395797,75,,,47.79166666666666,30.072916666666668,15.96875,35.59375,17.333333333333332,18.67708333333333
4,kl,0.001,1.0,10.0,0.1,,0.6388982092541491,240.57388852675572,75,,,30.229166666666668,18.322916666666668,8.8125,18.05208333333333,13.15625,11.083333333333334
4,kl,0.0031622776601683,1.0,10.0,0.1,,0.6993146209997675,217.09267652031195,75,,,20.885416666666668,10.84375,5.864583333333333,11.427083333333334,7.354166666666667,6.802083333333333
4,kl,0.01,1.0,10.0,0.1,,0.6816136231915764,224.4325220948781,75,,,12.260416666666666,6.635416666666667,3.7708333333333335,7.166666666666667,5.010416666666667,3.90625
4,kl,0.0316227766016837,1.0,10.0,0.1,,0.6460926848847911,238.48915693088875,75,,,7.260416666666667,4.416666666666667,2.145833333333333,4.635416666666667,3.2604166666666665,2.90625
4,mi,3.1622776601683795e-05,1.0,10.0,0.1,,0.2844153994414242,346.80882905146075,75,,,79.27083333333333,75.0625,42.145833333333336,73.34375,55.270833333333336,46.22916666666666
4,mi,0.0001,1.0,10.0,0.1,,0.3232582350805216,341.2186651242163,75,,,75.35416666666667,60.84375,33.927083333333336,65.15625,47.75,31.635416666666668
4,mi,0.0003162277660168,1.0,10.0,0.1,,0.44616846428860807,303.2056516244851,75,,,66.10416666666667,50.677083333333336,20.61458333333333,48.35416666666666,28.48958333333333,22.25
4,mi,0.001,1.0,10.0,0.1,,0.6004125718265607,250.97638410009154,75,,,52.44791666666666,32.21875,11.447916666666666,29.541666666666668,18.58333333333333,16.1875
4,mi,0.0031622776601683,1.0,10.0,0.1,,0.6066227559368538,250.74838700386948,75,,,31.65625,17.25,8.010416666666666,18.0,10.3125,10.322916666666666
4,mi,0.01,1.0,10.0,0.1,,0.6514344538844605,234.54683101710333,75,,,18.375,9.322916666666666,5.552083333333333,11.135416666666666,5.604166666666667,5.083333333333333
4,mi,0.0316227766016837,1.0,10.0,0.1,,0.627949743921631,245.49801300250823,75,,,11.322916666666666,5.90625,3.0625,5.947916666666667,3.6145833333333335,2.958333333333333
4,mi,0.0999999999999999,1.0,10.0,0.1,,0.6476359602559172,238.28611825073276,75,,,7.78125,3.7395833333333335,1.7083333333333333,4.104166666666667,2.15625,1.8229166666666667
4,mi,0.3162277660168379,1.0,10.0,0.1,,0.6181907443677913,246.25179890761288,75,,,4.229166666666667,2.6354166666666665,1.40625,2.583333333333333,1.6979166666666667,1.4791666666666667
4,surprisal_b,0.01,1.0,10.0,0.1,,0.29052296133755806,407.29263902803655,75,,,68.77083333333333,71.72916666666667,74.07291666666667,76.34375,72.66666666666667,76.89583333333333
4,surprisal_b,0.0273841963426436,1.0,10.0,0.1,,0.060768473184706,395.89675177375267,75,,,62.63541666666666,66.64583333333333,62.802083333333336,65.98958333333333,63.79166666666666,61.07291666666666
4,surprisal_b,0.0749894209332455,1.0,10.0,0.1,,0.516488650480844,289.4854857715429,75,,,49.3125,47.66666666666666,42.44791666666666,47.54166666666666,49.69791666666666,45.63541666666666
4,surprisal_b,0.2053525026457146,1.0,10.0,0.1,,0.43781950803732467,308.401471656541,75,,,25.53125,23.385416666666668,20.34375,23.875,21.98958333333333,25.03125
4,surprisal_b,0.5623413251903491,1.0,10.0,0.1,,0.10265216875841555,405.12026226915776,75,,,10.395833333333334,8.84375,8.864583333333334,9.96875,10.625,9.0
4,surprisal_b,1.539926526059492,1.0,10.0,0.1,,0.38249354067974656,323.2000924428919,75,,,4.8125,3.489583333333333,3.8020833333333335,4.802083333333333,3.458333333333333,4.114583333333333
4,surprisal_b,4.216965034285822,1.0,10.0,0.1,,0.07400598559826149,392.54436217910563,75,,,2.208333333333333,2.0729166666666665,2.0104166666666665,2.15625,2.28125,2.0416666666666665
4,surprisal_b,11.547819846894582,1.0,10.0,0.1,,0.05252096508355802,393.4639550308816,75,,,1.3958333333333333,1.4375,1.4375,1.5625,1.34375,1.5520833333333333
4,surprisal_b,31.6227766016838,1.0,10.0,0.1,,0.011422390585400356,407.29263902803655,75,,,1.125,1.1875,1.1770833333333333,1.1458333333333333,1.1354166666666667,1.1770833333333333
5,eig_code,3.162277660168379e-06,1.0,10.0,0.1,,0.21350860172977357,365.02663915482975,75,,,79.70833333333333,79.13541666666667,75.58333333333333,79.60416666666667,77.6875,76.5
5,eig_code,1e-05,1.0,10.0,0.1,,0.2064494313867463,367.96201530571983,75,,,79.89583333333333,78.92708333333333,64.61458333333333,77.875,71.98958333333333,65.54166666666667
5,eig_code,3.1622776601683795e-05,1.0,10.0,0.1,,0.23947598698378425,361.4076985607559,75,,,78.76041666666667,77.40625,51.47916666666666,77.91666666666667,58.88541666666666,53.51041666666666
5,eig_code,0.0001,1.0,10.0,0.1,,0.3199853590035855,339.0225930560443,75,,,77.83333333333333,70.29166666666667,33.65625,68.95833333333333,45.09375,35.3125
5,eig_code,0.0003162277660168,1.0,10.0,0.1,,0.48776577077937083,291.2850697500029,75,,,72.10416666666667,54.29166666666666,24.822916666666668,59.333333333333336,32.020833333333336,26.135416666666668
5,eig_code,0.001,1.0,10.0,0.1,,0.5899694802843563,255.82680894880986,75,,,64.39583333333333,37.5625,14.270833333333334,37.4375,22.5625,15.010416666666666
5,eig_code,0.0031622776601683,1.0,10.0,0.1,,0.6048476499055983,253.73329319601157,75,,,42.84375,22.77083333333333,9.34375,22.71875,12.854166666666666,10.333333333333334
5,eig_code,0.01,1.0,10.0,0.1,,0.559523510756556,267.42170823584314,75,,,23.15625,14.489583333333334,6.96875,15.458333333333334,8.25,5.697916666666667
5,eig_code,0.0316227766016837,1.0,10.0,0.1,,0.6120312753773045,248.87152812761033,75,,,14.697916666666666,8.572916666666666,4.052083333333333,8.927083333333334,5.5625,3.6875
5,kl,3.162277660168379e-06,1.0,10.0,0.1,,0.2500827768932197,358.3685121020421,75,,,79.38541666666667,79.0,57.85416666666666,79.77083333333333,66.10416666666667,59.5625
5,kl,1e-05,1.0,10.0,0.1,,0.2936387902249976,344.562211015687,75,,,76.98958333333333,72.27083333333333,36.427083333333336,75.17708333333333,51.44791666666666,44.25
5,kl,3.1622776601683795e-05,1.0,10.0,0.1,,0.35522675133357323,330.0614978537366,75,,,76.1875,66.52083333333333,29.30208333333333,64.48958333333333,37.75,30.92708333333333
5,kl,0.0001,1.0,10.0,0.1,,0.5089660931009674,283.0075252627517,75,,,68.41666666666667,49.32291666666666,17.84375,48.65625,28.52083333333333,18.822916666666668
5,kl,0.0003162277660168,1.0,10.0,0.1,,0.56056361149488,266.935187911747,75,,,51.614583333333336,33.072916666666664,13.125,33.5,20.28125,15.3125
5,kl,0.001,1.0,10.0,0.1,,0.5819668785963652,259.44197140966554,75,,,34.375,21.385416666666668,8.302083333333334,21.83333333333333,12.53125,10.572916666666666
5,kl,0.0031622776601683,1.0,10.0,0.1,,0.60347409453499,252.8653297348572,75,,,19.916666666666668,12.1875,5.666666666666667,12.729166666666666,7.46875,6.78125
5,kl,0.01,1.0,10.0,0.1,,0.6419431633259686,237.91674796915404,75,,,13.052083333333334,7.427083333333333,3.5729166666666665,7.1875,4.270833333333333,4.0625
5,kl,0.0316227766016837,1.0,10.0,0.1,,0.5970269013653323,255.29598416755252,75,,,7.5625,4.697916666666667,2.125,4.041666666666667,2.895833333333333,2.40625
5,mi,3.1622776601683795e-05,1.0,10.0,0.1,,0.31910552243233087,338.8860248955499,75,,,79.625,71.76041666666667,34.322916666666664,71.63541666666667,54.41666666666666,40.15625
5,mi,0.0001,1.0,10.0,0.1,,0.38716500089713907,320.67664552829814,75,,,75.25,64.96875,23.95833333333333,62.4375,35.854166666666664,23.15625
5,mi,0.0003162277660168,1.0,10.0,0.1,,0.4920033087181905,288.5582900425989,75,,,65.80208333333333,47.427083333333336,14.385416666666666,44.88541666666666,21.947916666666668,16.510416666666668
5,mi,0.001,1.0,10.0,0.1,,0.527874037829988,277.5396647740613,75,,,48.302083333333336,33.21875,10.302083333333334,30.375,15.114583333333334,11.375
5,mi,0.0031622776601683,1.0,10.0,0.1,,0.6340111475806554,241.8638166056734,75,,,30.322916666666668,15.416666666666666,6.447916666666667,17.447916666666668,10.177083333333334,7.40625
5,mi,0.01,1.0,10.0,0.1,,0.6055300494767254,251.1002533012781,75,,,17.510416666666668,10.572916666666666,5.0625,11.510416666666666,5.4375,5.385416666666667
5,mi,0.0316227766016837,1.0,10.0,0.1,,0.6020571568221431,252.5175256490047,75,,,10.729166666666666,6.489583333333333,2.802083333333333,6.197916666666667,3.3541666666666665,2.71875
5,mi,0.0999999999999999,1.0,10.0,0.1,,0.6188048867471142,246.77539101356697,75,,,6.395833333333333,3.53125,1.96875,3.59375,2.3854166666666665,1.8958333333333333
5,mi,0.3162277660168379,1.0,10.0,0.1,,0.5053071409489565,284.4979436885495,75,,,3.8125,2.9166666666666665,1.5208333333333333,2.677083333333333,1.7395833333333333,1.2708333333333333
5,surprisal_b,0.01,1.0,10.0,0.1,,0.001112347972655521,414.27421588415035,75,,,73.66666666666667,72.13541666666667,72.25,73.41666666666667,73.65625,71.19791666666667
5,surprisal_b,0.0273841963426436,1.0,10.0,0.1,,0.0987767170395651,407.29263902803655,75,,,58.395833333333336,63.82291666666666,60.94791666666666,61.375,60.13541666666666,66.36458333333333
5,surprisal_b,0.0749894209332455,1.0,10.0,0.1,,0.007196455439958467,407.29263902803655,75,,,41.145833333333336,45.97916666666666,47.145833333333336,46.145833333333336,43.96875,39.10416666666666
5,surprisal_b,0.2053525026457146,1.0,10.0,0.1,,0.09652050586681872,404.5262784519631,75,,,22.34375,18.33333333333333,21.229166666666668,17.958333333333332,19.61458333333333,18.77083333333333
5,surprisal_b,0.5623413251903491,1.0,10.0,0.1,,0.14292872517176963,385.9545046783939,75,,,9.364583333333334,9.260416666666666,8.71875,8.53125,9.697916666666666,10.177083333333334
5,surprisal_b,1.539926526059492,1.0,10.0,0.1,,9.322534624342036e-05,407.7652448243797,75,,,3.9791666666666665,3.6979166666666665,3.3125,3.302083333333333,4.135416666666667,3.7395833333333335
5,surprisal_b,4.216965034285822,1.0,10.0,0.1,,0.004057200328210611,411.1399572695076,75,,,2.2604166666666665,2.34375,1.9583333333333333,2.0416666666666665,2.0625,1.96875
5,surprisal_b,11.547819846894582,1.0,10.0,0.1,,0.15039580123091387,407.29263902803655,75,,,1.3125,1.4895833333333333,1.4583333333333333,1.4166666666666667,1.40625,1.3020833333333333
5,surprisal_b,31.6227766016838,1.0,10.0,0.1,,0.052274051608346396,400.71179695315277,75,,,1.1666666666666667,1.1041666666666667,1.125,1.2083333333333333,1.125,1.25
6,eig_code,3.162277660168379e-06,1.0,10.0,1.0,,0.06627563390435262,406.6231745802008,75,,,79.89583333333333,78.45833333333333,61.0625,78.27083333333333,74.85416666666667,65.125
6,eig_code,1e-05,1.0,10.0,1.0,,0.1740017353866008,376.1619270811124,75,,,77.89583333333333,77.60416666666667,53.083333333333336,77.85416666666667,61.208333333333336,52.208333333333336
6,eig_code,3.1622776601683795e-05,1.0,10.0,1.0,,0.18274396474976293,377.0853993120187,75,,,78.10416666666667,74.98958333333333,35.166666666666664,71.78125,53.66666666666666,39.35416666666666
6,eig_code,0.0001,1.0,10.0,1.0,,0.4125279505544197,312.33788534885554,75,,,74.85416666666667,64.05208333333333,33.135416666666664,59.19791666666666,37.94791666666666,31.59375
6,eig_code,0.0003162277660168,1.0,10.0,1.0,,0.3920297753394066,319.0801944752415,75,,,68.51041666666667,53.46875,23.125,50.739583333333336,25.80208333333333,20.875
6,eig_code,0.001,1.0,10.0,1.0,,0.541898922872935,272.78732577284444,75,,,45.802083333333336,31.90625,15.770833333333334,35.729166666666664,18.510416666666668,15.65625
6,eig_code,0.0031622776601683,1.0,10.0,1.0,,0.6494687112011576,237.2630525638437,75,,,32.760416666666664,17.3125,11.791666666666666,18.65625,11.75,8.3125
6,eig_code,0.01,1.0,10.0,1.0,,0.6203284247166126,247.93313569190394,75,,,18.30208333333333,10.0625,6.010416666666667,10.229166666666666,7.541666666666667,5.833333333333333
6,eig_code,0.0316227766016837,1.0,10.0,1.0,,0.6465882767060928,240.71094105724282,75,,,12.552083333333334,5.625,3.2604166666666665,6.083333333333333,4.416666666666667,3.1979166666666665
6,kl,3.162277660168379e-06,1.0,10.0,1.0,,0.32590570734570357,338.9377147947787,75,,,79.82291666666667,72.98958333333333,47.29166666666666,70.01041666666667,55.489583333333336,50.677083333333336
6,kl,1e-05,1.0,10.0,1.0,,0.32623371225142306,339.34627619511815,75,,,77.60416666666667,67.94791666666667,31.260416666666668,65.73958333333333,43.145833333333336,34.166666666666664
6,kl,3.1622776601683795e-05,1.0,10.0,1.0,,0.42909870358338204,309.3908502441117,75,,,77.51041666666667,59.25,22.21875,57.302083333333336,34.177083333333336,25.854166666666668
6,kl,0.0001,1.0,10.0,1.0,,0.611499174631367,249.1480394511997,75,,,64.57291666666667,39.25,15.583333333333334,41.46875,23.166666666666668,17.364583333333332
6,kl,0.0003162277660168,1.0,10.0,1.0,,0.5928049834393622,255.95859997476154,75,,,45.875,24.28125,10.927083333333334,25.09375,15.666666666666666,10.6875
6,kl,0.001,1.0,10.0,1.0,,0.5981610336733371,253.80227401662881,75,,,31.072916666666668,18.010416666666668,7.28125,15.3125,9.645833333333334,8.0625
6,kl,0.0031622776601683,1.0,10.0,1.0,,0.6281476900295158,242.93199988370094,75,,,18.21875,10.28125,4.885416666666667,11.291666666666666,6.541666666666667,5.614583333333333
6,kl,0.01,1.0,10.0,1.0,,0.5977342767945963,256.9846847469354,75,,,11.65625,6.739583333333333,3.489583333333333,6.53125,4.177083333333333,3.3229166666666665
6,kl,0.0316227766016837,1.0,10.0,1.0,,0.6060836192510275,252.12764985971654,75,,,7.041666666666667,4.1875,1.9166666666666667,3.90625,2.4791666666666665,1.8125
6,mi,3.1622776601683795e-05,1.0,10.0,1.0,,0.2387861453829953,361.13497740999577,75,,,78.07291666666667,69.0625,29.64583333333333,72.38541666666667,46.94791666666666,32.614583333333336
6,mi,0.0001,1.0,10.0,1.0,,0.3665059800035993,327.07413588866353,75,,,73.875,63.395833333333336,26.90625,54.84375,32.84375,24.53125
6,mi,0.0003162277660168,1.0,10.0,1.0,,0.5064382033772928,284.3606155298874,75,,,66.5625,45.489583333333336,15.958333333333334,46.270833333333336,28.89583333333333,19.104166666666668
6,mi,0.001,1.0,10.0,1.0,,0.5193943149296213,279.43078830494255,75,,,51.34375,34.770833333333336,10.59375,29.9375,14.458333333333334,10.645833333333334
6,mi,0.0031622776601683,1.0,10.0,1.0,,0.5192855943186171,279.4281122954474,75,,,29.92708333333333,20.23958333333333,6.604166666666667,16.395833333333332,9.0625,6.385416666666667
6,mi,0.01,1.0,10.0,1.0,,0.6004972644748641,254.386770269593,75,,,18.58333333333333,10.0625,4.895833333333333,9.604166666666666,5.3125,4.166666666666667
6,mi,0.0316227766016837,1.0,10.0,1.0,,0.6587858374269457,233.5632207820262,75,,,10.802083333333334,5.21875,2.8125,5.28125,3.03125,2.770833333333333
6,mi,0.0999999999999999,1.0,10.0,1.0,,0.5995991074933638,256.12657570658655,75,,,7.333333333333333,4.041666666666667,1.6875,3.9375,2.0416666666666665,1.8229166666666667
6,mi,0.3162277660168379,1.0,10.0,1.0,,0.6235550251982291,245.47531144709166,75,,,4.447916666666667,2.708333333333333,1.4166666666666667,2.53125,1.6666666666666667,1.3958333333333333
6,surprisal_b,0.01,1.0,10.0,1.0,,,,75,,,80.0,80.0,80.0,80.0,80.0,80.0
6,surprisal_b,0.0273841963426436,1.0,10.0,1.0,,0.004078549897626021,407.29263902803655,75,,,68.35416666666667,69.71875,64.07291666666667,70.26041666666667,71.44791666666667,67.1875
6,surprisal_b,0.0749894209332455,1.0,10.0,1.0,,0.03367781261665911,400.92771347113137,75,,,54.10416666666666,57.020833333333336,50.04166666666666,53.51041666666666,51.208333333333336,50.375
6,surprisal_b,0.2053525026457146,1.0,10.0,1.0,,0.04756217787725115,407.29263902803655,75,,,29.34375,31.5,31.916666666666668,28.92708333333333,31.354166666666668,29.541666666666668
6,surprisal_b,0.5623413251903491,1.0,10.0,1.0,,0.006793024210514625,408.3105480910133,75,,,13.489583333333334,14.677083333333334,10.864583333333334,10.760416666666666,10.802083333333334,12.072916666666666
6,surprisal_b,1.539926526059492,1.0,10.0,1.0,,0.038164965792788066,403.25120530487027,75,,,5.385416666666667,5.927083333333333,5.041666666666667,5.75,5.4375,4.666666666666667
6,surprisal_b,4.216965034285822,1.0,10.0,1.0,,0.17886529300890178,373.6400141410667,75,,,3.020833333333333,3.0625,2.1875,2.739583333333333,2.708333333333333,2.5416666666666665
6,surprisal_b,11.547819846894582,1.0,10.0,1.0,,0.3148355438115354,350.98937593447937,75,,,1.7604166666666667,1.59375,1.53125,1.8020833333333333,1.6979166666666667,1.78125
6,surprisal_b,31.6227766016838,1.0,10.0,1.0,,0.09740083749935817,385.6095756962293,75,,,1.2916666666666667,1.2604166666666667,1.1979166666666667,1.2083333333333333,1.2395833333333333,1.2708333333333333
7,eig_code,3.162277660168379e-06,1.0,10.0,1.0,,0.1466952977604895,381.62197803636957,75,,,79.80208333333333,79.47916666666667,53.28125,79.15625,58.97916666666666,51.29166666666666
7,eig_code,1e-05,1.0,10.0,1.0,,0.17498253730998356,375.73996484642,75,,,79.32291666666667,77.52083333333333,35.5625,77.64583333333333,48.03125,35.197916666666664
7,eig_code,3.1622776601683795e-05,1.0,10.0,1.0,,0.29493926770884393,346.0134965200647,75,,,79.10416666666667,73.72916666666667,24.635416666666668,69.75,30.73958333333333,24.885416666666668
7,eig_code,0.0001,1.0,10.0,1.0,,0.3724271717741901,325.31919260744905,75,,,74.04166666666667,59.395833333333336,18.36458333333333,58.375,29.84375,15.822916666666666
7,eig_code,0.0003162277660168,1.0,10.0,1.0,,0.5230734027938677,279.11832567800195,75,,,67.69791666666667,42.15625,12.979166666666666,43.38541666666666,20.791666666666668,11.84375
7,eig_code,0.001,1.0,10.0,1.0,,0.5588988532354016,267.55090395946513,75,,,49.208333333333336,29.36458333333333,13.208333333333334,29.33333333333333,16.947916666666668,10.520833333333334
7,eig_code,0.0031622776601683,1.0,10.0,1.0,,0.605400149490737,252.226214358749,75,,,30.322916666666668,15.958333333333334,6.96875,16.208333333333332,9.333333333333334,7.239583333333333
7,eig_code,0.01,1.0,10.0,1.0,,0.6147924896133671,247.34843207124058,75,,,19.291666666666668,10.333333333333334,5.677083333333333,8.90625,7.239583333333333,4.291666666666667
7,eig_code,0.0316227766016837,1.0,10.0,1.0,,0.6436986318943094,238.77714798294772,75,,,12.177083333333334,5.854166666666667,3.208333333333333,6.666666666666667,3.625,2.90625
7,kl,3.162277660168379e-06,1.0,10.0,1.0,,0.21761943229186223,364.87268460799106,75,,,78.88541666666667,77.91666666666667,32.21875,77.91666666666667,46.020833333333336,31.072916666666668
7,kl,1e-05,1.0,10.0,1.0,,0.3162895872286621,339.8466318730221,75,,,78.6875,69.125,22.979166666666668,71.70833333333333,32.46875,24.166666666666668
7,kl,3.1622776601683795e-05,1.0,10.0,1.0,,0.3897252439035997,319.25511660807695,75,,,73.89583333333333,60.0,17.447916666666668,63.5625,26.447916666666668,16.427083333333332
7,kl,0.0001,1.0,10.0,1.0,,0.504674074396767,285.7571417553945,75,,,66.67708333333333,45.03125,13.6875,43.5625,22.125,15.708333333333334
7,kl,0.0003162277660168,1.0,10.0,1.0,,0.6306523603232109,243.39329247144013,75,,,53.41666666666666,25.697916666666668,10.34375,25.604166666666668,14.8125,10.864583333333334
7,kl,0.001,1.0,10.0,1.0,,0.6358836425991107,242.28466203528737,75,,,32.541666666666664,16.239583333333332,7.46875,17.53125,9.604166666666666,7.822916666666667
7,kl,0.0031622776601683,1.0,10.0,1.0,,0.5367977880377887,274.8761311258544,75,,,19.27083333333333,12.854166666666666,4.447916666666667,10.083333333333334,5.625,4.885416666666667
7,kl,0.01,1.0,10.0,1.0,,0.5466973563462838,272.3037185792712,75,,,11.84375,7.895833333333333,3.0416666666666665,6.302083333333333,4.15625,3.8541666666666665
7,kl,0.0316227766016837,1.0,10.0,1.0,,0.5786629178524095,259.88596843798143,75,,,6.864583333333333,4.5625,2.3854166666666665,4.479166666666667,2.78125,2.3125
7,mi,3.1622776601683795e-05,1.0,10.0,1.0,,0.2769904170677781,350.82573780448547,75,,,77.89583333333333,71.41666666666667,20.34375,72.29166666666667,29.354166666666668,18.77083333333333
7,mi,0.0001,1.0,10.0,1.0,,0.4243908820484027,309.20137550941746,75,,,75.04166666666667,59.145833333333336,16.041666666666668,57.25,24.71875,16.385416666666668
7,mi,0.0003162277660168,1.0,10.0,1.0,,0.48134575719300726,292.74677677334455,75,,,64.88541666666667,43.8125,11.489583333333334,42.07291666666666,17.21875,11.770833333333334
7,mi,0.001,1.0,10.0,1.0,,0.5819111846727857,261.7719362019102,75,,,51.15625,27.39583333333333,8.90625,25.25,13.489583333333334,9.15625
7,mi,0.0031622776601683,1.0,10.0,1.0,,0.6090906173905697,250.11118943664832,75,,,30.260416666666668,16.979166666666668,5.885416666666667,16.177083333333332,8.177083333333334,6.53125
7,mi,0.01,1.0,10.0,1.0,,0.6119091913971821,250.37583958945189,75,,,18.05208333333333,9.083333333333334,4.53125,9.53125,4.604166666666667,3.8854166666666665
7,mi,0.0316227766016837,1.0,10.0,1.0,,0.6260943083340452,243.64157115742614,75,,,11.239583333333334,6.125,2.677083333333333,5.520833333333333,3.458333333333333,2.4479166666666665
7,mi,0.0999999999999999,1.0,10.0,1.0,,0.5563045804568001,269.49025665068615,75,,,6.333333333333333,4.104166666666667,1.8541666666666667,3.6979166666666665,2.2291666666666665,1.8333333333333333
7,mi,0.3162277660168379,1.0,10.0,1.0,,0.6062822114436448,251.8399272931345,75,,,3.9895833333333335,2.46875,1.4375,2.427083333333333,1.5520833333333333,1.5104166666666667
7,surprisal_b,0.01,1.0,10.0,1.0,,0.022376773534351756,407.29263902803655,75,,,74.85416666666667,78.5625,75.10416666666667,73.04166666666667,71.04166666666667,74.79166666666667
7,surprisal_b,0.0273841963426436,1.0,10.0,1.0,,0.1648490291557756,380.7406533513673,75,,,70.0625,68.17708333333333,67.72916666666667,66.47916666666667,65.33333333333333,69.20833333333333
7,surprisal_b,0.0749894209332455,1.0,10.0,1.0,,0.18186777162090415,375.90562302118275,75,,,51.125,44.69791666666666,49.9375,44.677083333333336,39.645833333333336,43.19791666666666
7,surprisal_b,0.2053525026457146,1.0,10.0,1.0,,0.034817064161126794,403.5837811668388,75,,,27.23958333333333,30.20833333333333,25.92708333333333,23.229166666666668,27.11458333333333,25.98958333333333
7,surprisal_b,0.5623413251903491,1.0,10.0,1.0,,0.24309693441580343,371.3052335665111,75,,,12.197916666666666,8.739583333333334,8.677083333333334,9.96875,10.8125,9.375
7,surprisal_b,1.539926526059492,1.0,10.0,1.0,,0.00024265739906980128,408.90726890456807,75,,,4.395833333333333,5.03125,4.625,4.583333333333333,4.708333333333333,4.260416666666667
7,surprisal_b,4.216965034285822,1.0,10.0,1.0,,0.5426319095989888,279.5161487934786,75,,,2.739583333333333,2.364583333333333,2.333333333333333,2.40625,2.5625,2.052083333333333
7,surprisal_b,11.547819846894582,1.0,10.0,1.0,,0.011893873567959165,407.29263902803655,75,,,1.4166666666666667,1.5416666666666667,1.4166666666666667,1.3645833333333333,1.5,1.59375
7,surprisal_b,31.6227766016838,1.0,10.0,1.0,,0.10111410949348365,404.286128505602,75,,,1.2291666666666667,1.2395833333333333,1.125,1.09375,1.2083333333333333,1.1458333333333333
