"0","library(tidyverse)"
"2","Registered S3 methods overwritten by 'dbplyr':
  method         from
  print.tbl_lazy     
  print.tbl_sql      
"
"2","── [1mAttaching packages[22m ──────────────────────────────────────────────────────────────────────────────────────────── tidyverse 1.3.2 ──"
"2","[32m✔[39m [34mggplot2[39m 3.4.1     [32m✔[39m [34mpurrr  [39m 1.0.1
[32m✔[39m [34mtibble [39m 3.2.1     [32m✔[39m [34mdplyr  [39m 1.1.4
[32m✔[39m [34mtidyr  [39m 1.3.0     [32m✔[39m [34mstringr[39m 1.5.0
[32m✔[39m [34mreadr  [39m 2.1.3     [32m✔[39m [34mforcats[39m 0.5.2"
"2","── [1mConflicts[22m ─────────────────────────────────────────────────────────────────────────────────────────────── tidyverse_conflicts() ──
[31m✖[39m [34mdplyr[39m::[32mfilter()[39m masks [34mstats[39m::filter()
[31m✖[39m [34mdplyr[39m::[32mlag()[39m    masks [34mstats[39m::lag()"
"0","library(here)"
"2","here() starts at /Users/caoanjie/Desktop/projects/RANCH/RANCH_model/diagnostics
"
