,sample_n,run_id
0,1,0
1,1,0
2,1,0
3,1,0
4,2,0
0,1,1
1,1,1
2,1,1
3,1,1
4,2,1
0,1,2
1,1,2
2,1,2
3,1,2
4,2,2
0,1,3
1,1,3
2,1,3
3,1,3
4,2,3
0,1,4
1,1,4
2,1,4
3,1,4
4,2,4
0,1,5
1,1,5
2,1,5
3,1,5
4,2,5
0,1,6
1,1,6
2,1,6
3,1,6
4,2,6
0,1,7
1,1,7
2,1,7
3,1,7
4,2,7
0,1,8
1,1,8
2,1,8
3,1,8
4,2,8
0,1,9
1,1,9
2,1,9
3,1,9
4,2,9
0,1,10
1,1,10
2,1,10
3,1,10
4,2,10
0,1,11
1,1,11
2,1,11
3,1,11
4,2,11
0,1,12
1,1,12
2,1,12
3,1,12
4,2,12
0,1,13
1,1,13
2,1,13
3,1,13
4,2,13
0,1,14
1,1,14
2,1,14
3,1,14
4,2,14
0,1,15
1,1,15
2,1,15
3,1,15
4,2,15
0,1,16
1,1,16
2,1,16
3,1,16
4,2,16
0,1,17
1,1,17
2,1,17
3,1,17
4,2,17
0,1,18
1,1,18
2,1,18
3,1,18
4,2,18
0,1,19
1,1,19
2,1,19
3,1,19
4,2,19
0,1,20
1,1,20
2,1,20
3,1,20
4,2,20
0,1,21
1,1,21
2,1,21
3,1,21
4,2,21
0,1,22
1,1,22
2,1,22
3,1,22
4,2,22
0,1,23
1,1,23
2,1,23
3,1,23
4,2,23
0,1,24
1,1,24
2,1,24
3,1,24
4,2,24
0,1,25
1,1,25
2,1,25
3,1,25
4,2,25
0,1,26
1,1,26
2,1,26
3,1,26
4,2,26
0,1,27
1,1,27
2,1,27
3,1,27
4,2,27
0,1,28
1,1,28
2,1,28
3,1,28
4,2,28
0,1,29
1,1,29
2,1,29
3,1,29
4,2,29
0,1,30
1,1,30
2,1,30
3,1,30
4,2,30
0,1,31
1,1,31
2,1,31
3,1,31
4,2,31
0,1,32
1,1,32
2,1,32
3,1,32
4,2,32
0,1,33
1,1,33
2,1,33
3,1,33
4,2,33
0,1,34
1,1,34
2,1,34
3,1,34
4,2,34
0,1,35
1,1,35
2,1,35
3,1,35
4,2,35
0,1,36
1,1,36
2,1,36
3,1,36
4,2,36
0,1,37
1,1,37
2,1,37
3,1,37
4,2,37
0,1,38
1,1,38
2,1,38
3,1,38
4,2,38
0,1,39
1,1,39
2,1,39
3,1,39
4,2,39
0,1,40
1,1,40
2,1,40
3,1,40
4,2,40
0,1,41
1,1,41
2,1,41
3,1,41
4,2,41
0,1,42
1,1,42
2,1,42
3,1,42
4,2,42
0,1,43
1,1,43
2,1,43
3,1,43
4,2,43
0,1,44
1,1,44
2,2,44
3,1,44
4,2,44
0,1,45
1,1,45
2,1,45
3,1,45
4,3,45
0,1,46
1,1,46
2,1,46
3,1,46
4,3,46
0,1,47
1,1,47
2,1,47
3,1,47
4,3,47
0,1,48
1,1,48
2,1,48
3,1,48
4,3,48
0,1,49
1,1,49
2,1,49
3,1,49
4,3,49
0,1,50
1,1,50
2,1,50
3,1,50
4,3,50
0,1,51
1,1,51
2,1,51
3,1,51
4,3,51
0,1,52
1,1,52
2,1,52
3,1,52
4,3,52
0,1,53
1,1,53
2,1,53
3,1,53
4,3,53
0,1,54
1,1,54
2,1,54
3,1,54
4,3,54
0,1,55
1,1,55
2,1,55
3,1,55
4,3,55
0,1,56
1,1,56
2,1,56
3,1,56
4,3,56
0,1,57
1,1,57
2,1,57
3,1,57
4,3,57
0,1,58
1,1,58
2,1,58
3,1,58
4,3,58
0,1,59
1,1,59
2,1,59
3,1,59
4,3,59
0,1,60
1,1,60
2,1,60
3,1,60
4,3,60
0,1,61
1,1,61
2,1,61
3,1,61
4,3,61
0,1,62
1,1,62
2,1,62
3,1,62
4,3,62
0,1,63
1,1,63
2,1,63
3,1,63
4,3,63
0,1,64
1,1,64
2,1,64
3,1,64
4,3,64
0,1,65
1,1,65
2,1,65
3,1,65
4,3,65
0,1,66
1,1,66
2,1,66
3,1,66
4,3,66
0,1,67
1,1,67
2,1,67
3,1,67
4,3,67
0,1,68
1,1,68
2,1,68
3,1,68
4,3,68
0,1,69
1,1,69
2,1,69
3,1,69
4,3,69
0,1,70
1,1,70
2,1,70
3,1,70
4,3,70
0,1,71
1,1,71
2,1,71
3,1,71
4,3,71
0,1,72
1,1,72
2,1,72
3,1,72
4,3,72
0,1,73
1,1,73
2,1,73
3,1,73
4,3,73
0,1,74
1,1,74
2,1,74
3,1,74
4,3,74
0,1,75
1,1,75
2,1,75
3,1,75
4,3,75
0,1,76
1,1,76
2,1,76
3,1,76
4,3,76
0,1,77
1,1,77
2,1,77
3,1,77
4,3,77
0,1,78
1,1,78
2,1,78
3,1,78
4,3,78
0,1,79
1,1,79
2,1,79
3,1,79
4,3,79
0,1,80
1,1,80
2,1,80
3,1,80
4,3,80
0,1,81
1,1,81
2,1,81
3,1,81
4,3,81
0,1,82
1,1,82
2,1,82
3,1,82
4,3,82
0,1,83
1,1,83
2,1,83
3,1,83
4,3,83
0,1,84
1,1,84
2,1,84
3,1,84
4,3,84
0,1,85
1,1,85
2,1,85
3,1,85
4,3,85
0,1,86
1,1,86
2,1,86
3,1,86
4,3,86
0,1,87
1,1,87
2,1,87
3,1,87
4,3,87
0,1,88
1,1,88
2,1,88
3,1,88
4,3,88
0,1,89
1,1,89
2,1,89
3,1,89
4,3,89
0,1,90
1,1,90
2,1,90
3,1,90
4,3,90
0,1,91
1,1,91
2,1,91
3,1,91
4,3,91
0,1,92
1,1,92
2,1,92
3,1,92
4,3,92
0,1,93
1,1,93
2,1,93
3,1,93
4,3,93
0,1,94
1,1,94
2,1,94
3,1,94
4,3,94
0,1,95
1,2,95
2,1,95
3,1,95
4,2,95
0,1,96
1,1,96
2,1,96
3,1,96
4,3,96
0,1,97
1,1,97
2,1,97
3,1,97
4,3,97
0,1,98
1,1,98
2,1,98
3,1,98
4,3,98
0,1,99
1,1,99
2,1,99
3,1,99
4,3,99
0,1,100
1,1,100
2,1,100
3,1,100
4,3,100
0,1,101
1,1,101
2,1,101
3,1,101
4,3,101
0,1,102
1,1,102
2,1,102
3,1,102
4,3,102
0,1,103
1,1,103
2,1,103
3,1,103
4,3,103
0,1,104
1,1,104
2,1,104
3,1,104
4,3,104
0,1,105
1,1,105
2,1,105
3,1,105
4,3,105
0,1,106
1,1,106
2,1,106
3,1,106
4,3,106
0,1,107
1,1,107
2,1,107
3,1,107
4,3,107
0,1,108
1,1,108
2,1,108
3,1,108
4,3,108
0,1,109
1,1,109
2,1,109
3,1,109
4,3,109
0,1,110
1,1,110
2,1,110
3,1,110
4,3,110
0,1,111
1,1,111
2,1,111
3,1,111
4,3,111
0,1,112
1,1,112
2,1,112
3,1,112
4,3,112
0,1,113
1,1,113
2,1,113
3,1,113
4,3,113
0,1,114
1,1,114
2,1,114
3,1,114
4,3,114
0,1,115
1,1,115
2,1,115
3,1,115
4,3,115
0,1,116
1,1,116
2,1,116
3,1,116
4,3,116
0,1,117
1,1,117
2,1,117
3,1,117
4,3,117
0,1,118
1,1,118
2,1,118
3,1,118
4,3,118
0,1,119
1,1,119
2,1,119
3,1,119
4,3,119
0,1,120
1,1,120
2,1,120
3,1,120
4,3,120
0,1,121
1,1,121
2,1,121
3,1,121
4,3,121
0,1,122
1,1,122
2,1,122
3,1,122
4,3,122
0,1,123
1,1,123
2,1,123
3,1,123
4,3,123
0,1,124
1,1,124
2,1,124
3,1,124
4,3,124
0,1,125
1,1,125
2,1,125
3,1,125
4,3,125
0,1,126
1,1,126
2,1,126
3,1,126
4,3,126
0,1,127
1,1,127
2,1,127
3,1,127
4,3,127
0,1,128
1,1,128
2,1,128
3,1,128
4,3,128
0,1,129
1,1,129
2,1,129
3,1,129
4,3,129
0,1,130
1,1,130
2,1,130
3,1,130
4,3,130
0,1,131
1,1,131
2,1,131
3,1,131
4,3,131
0,1,132
1,1,132
2,1,132
3,1,132
4,3,132
0,1,133
1,1,133
2,1,133
3,1,133
4,3,133
0,1,134
1,1,134
2,1,134
3,1,134
4,3,134
0,1,135
1,1,135
2,1,135
3,1,135
4,3,135
0,1,136
1,1,136
2,1,136
3,1,136
4,3,136
0,1,137
1,1,137
2,1,137
3,1,137
4,3,137
0,1,138
1,1,138
2,1,138
3,1,138
4,3,138
0,1,139
1,1,139
2,1,139
3,1,139
4,3,139
0,1,140
1,1,140
2,1,140
3,1,140
4,3,140
0,1,141
1,1,141
2,1,141
3,1,141
4,3,141
0,1,142
1,1,142
2,1,142
3,1,142
4,3,142
0,1,143
1,1,143
2,1,143
3,1,143
4,3,143
0,1,144
1,1,144
2,1,144
3,1,144
4,3,144
0,1,145
1,1,145
2,1,145
3,1,145
4,3,145
0,1,146
1,1,146
2,1,146
3,1,146
4,3,146
0,1,147
1,2,147
2,1,147
3,1,147
4,2,147
0,1,148
1,1,148
2,1,148
3,1,148
4,3,148
0,1,149
1,1,149
2,1,149
3,1,149
4,3,149
0,1,150
1,1,150
2,1,150
3,1,150
4,3,150
0,1,151
1,1,151
2,1,151
3,1,151
4,3,151
0,1,152
1,1,152
2,1,152
3,1,152
4,3,152
0,1,153
1,1,153
2,1,153
3,1,153
4,3,153
0,1,154
1,1,154
2,1,154
3,1,154
4,3,154
0,1,155
1,1,155
2,1,155
3,1,155
4,3,155
0,1,156
1,1,156
2,1,156
3,1,156
4,3,156
0,1,157
1,1,157
2,1,157
3,1,157
4,3,157
0,1,158
1,1,158
2,1,158
3,1,158
4,3,158
0,1,159
1,1,159
2,1,159
3,1,159
4,3,159
0,1,160
1,1,160
2,1,160
3,1,160
4,3,160
0,1,161
1,1,161
2,1,161
3,1,161
4,3,161
0,1,162
1,1,162
2,1,162
3,1,162
4,3,162
0,1,163
1,1,163
2,1,163
3,1,163
4,3,163
0,1,164
1,1,164
2,1,164
3,1,164
4,3,164
0,1,165
1,1,165
2,1,165
3,1,165
4,3,165
0,1,166
1,1,166
2,1,166
3,1,166
4,3,166
0,1,167
1,1,167
2,1,167
3,1,167
4,3,167
0,1,168
1,1,168
2,1,168
3,1,168
4,3,168
0,1,169
1,1,169
2,1,169
3,1,169
4,3,169
0,1,170
1,1,170
2,1,170
3,1,170
4,3,170
0,1,171
1,1,171
2,1,171
3,1,171
4,3,171
0,1,172
1,1,172
2,1,172
3,1,172
4,3,172
0,1,173
1,1,173
2,1,173
3,1,173
4,3,173
0,1,174
1,1,174
2,1,174
3,1,174
4,3,174
0,1,175
1,1,175
2,1,175
3,1,175
4,3,175
0,1,176
1,1,176
2,1,176
3,1,176
4,3,176
0,1,177
1,1,177
2,1,177
3,1,177
4,3,177
0,1,178
1,1,178
2,1,178
3,1,178
4,3,178
0,1,179
1,1,179
2,1,179
3,1,179
4,3,179
0,1,180
1,1,180
2,1,180
3,1,180
4,3,180
0,1,181
1,1,181
2,1,181
3,1,181
4,3,181
0,1,182
1,1,182
2,1,182
3,1,182
4,3,182
0,1,183
1,1,183
2,1,183
3,1,183
4,3,183
0,1,184
1,1,184
2,1,184
3,1,184
4,3,184
0,1,185
1,1,185
2,1,185
3,1,185
4,3,185
0,1,186
1,1,186
2,1,186
3,1,186
4,3,186
0,1,187
1,1,187
2,1,187
3,1,187
4,3,187
0,1,188
1,1,188
2,1,188
3,1,188
4,3,188
0,1,189
1,1,189
2,1,189
3,1,189
4,3,189
0,1,190
1,1,190
2,1,190
3,1,190
4,3,190
0,1,191
1,1,191
2,1,191
3,1,191
4,3,191
0,1,192
1,1,192
2,1,192
3,1,192
4,3,192
0,1,193
1,1,193
2,1,193
3,1,193
4,3,193
0,1,194
1,1,194
2,1,194
3,1,194
4,3,194
0,1,195
1,1,195
2,1,195
3,1,195
4,3,195
0,1,196
1,1,196
2,1,196
3,1,196
4,3,196
0,1,197
1,1,197
2,1,197
3,1,197
4,3,197
0,1,198
1,1,198
2,1,198
3,1,198
4,3,198
0,1,199
1,1,199
2,1,199
3,1,199
4,3,199
0,1,200
1,1,200
2,1,200
3,1,200
4,3,200
0,1,201
1,1,201
2,1,201
3,1,201
4,3,201
0,1,202
1,1,202
2,1,202
3,1,202
4,3,202
0,1,203
1,1,203
2,1,203
3,1,203
4,3,203
0,1,204
1,1,204
2,1,204
3,1,204
4,3,204
0,1,205
1,1,205
2,1,205
3,1,205
4,3,205
0,1,206
1,1,206
2,1,206
3,1,206
4,3,206
0,1,207
1,1,207
2,1,207
3,1,207
4,3,207
0,1,208
1,1,208
2,1,208
3,1,208
4,3,208
0,1,209
1,1,209
2,1,209
3,1,209
4,3,209
0,1,210
1,1,210
2,1,210
3,1,210
4,3,210
0,1,211
1,1,211
2,1,211
3,1,211
4,3,211
0,1,212
1,1,212
2,1,212
3,1,212
4,3,212
0,1,213
1,1,213
2,1,213
3,1,213
4,3,213
0,1,214
1,1,214
2,1,214
3,1,214
4,3,214
0,1,215
1,1,215
2,1,215
3,1,215
4,3,215
0,1,216
1,1,216
2,1,216
3,1,216
4,3,216
0,1,217
1,1,217
2,1,217
3,1,217
4,3,217
0,1,218
1,1,218
2,1,218
3,1,218
4,3,218
0,1,219
1,1,219
2,1,219
3,1,219
4,3,219
0,1,220
1,1,220
2,1,220
3,1,220
4,3,220
0,1,221
1,1,221
2,1,221
3,1,221
4,3,221
0,1,222
1,1,222
2,1,222
3,1,222
4,3,222
0,1,223
1,1,223
2,1,223
3,1,223
4,3,223
0,1,224
1,1,224
2,1,224
3,1,224
4,3,224
0,1,225
1,1,225
2,1,225
3,1,225
4,3,225
0,1,226
1,1,226
2,1,226
3,1,226
4,3,226
0,1,227
1,1,227
2,2,227
3,1,227
4,2,227
0,1,228
1,1,228
2,1,228
3,1,228
4,3,228
0,1,229
1,1,229
2,1,229
3,1,229
4,3,229
0,1,230
1,1,230
2,1,230
3,1,230
4,3,230
0,1,231
1,1,231
2,1,231
3,1,231
4,3,231
0,1,232
1,1,232
2,1,232
3,1,232
4,3,232
0,1,233
1,1,233
2,1,233
3,1,233
4,3,233
0,1,234
1,1,234
2,1,234
3,1,234
4,3,234
0,1,235
1,1,235
2,1,235
3,1,235
4,3,235
0,1,236
1,1,236
2,1,236
3,1,236
4,3,236
0,1,237
1,1,237
2,2,237
3,1,237
4,2,237
0,1,238
1,1,238
2,1,238
3,1,238
4,3,238
0,1,239
1,1,239
2,1,239
3,1,239
4,3,239
0,1,240
1,1,240
2,1,240
3,1,240
4,3,240
0,1,241
1,1,241
2,1,241
3,1,241
4,3,241
0,1,242
1,1,242
2,1,242
3,1,242
4,3,242
0,1,243
1,1,243
2,1,243
3,1,243
4,3,243
0,1,244
1,1,244
2,1,244
3,1,244
4,3,244
0,1,245
1,1,245
2,1,245
3,1,245
4,3,245
0,1,246
1,1,246
2,1,246
3,1,246
4,3,246
0,1,247
1,1,247
2,1,247
3,1,247
4,3,247
0,1,248
1,1,248
2,1,248
3,1,248
4,3,248
0,1,249
1,1,249
2,1,249
3,1,249
4,3,249
0,1,250
1,1,250
2,1,250
3,1,250
4,3,250
0,1,251
1,1,251
2,1,251
3,1,251
4,3,251
0,1,252
1,1,252
2,1,252
3,1,252
4,3,252
0,1,253
1,1,253
2,1,253
3,1,253
4,3,253
0,1,254
1,1,254
2,1,254
3,1,254
4,3,254
0,1,255
1,1,255
2,1,255
3,1,255
4,3,255
0,1,256
1,1,256
2,1,256
3,1,256
4,3,256
0,1,257
1,1,257
2,1,257
3,1,257
4,3,257
0,1,258
1,1,258
2,1,258
3,1,258
4,3,258
0,1,259
1,1,259
2,1,259
3,1,259
4,3,259
0,1,260
1,1,260
2,1,260
3,1,260
4,3,260
0,1,261
1,1,261
2,1,261
3,1,261
4,3,261
0,1,262
1,1,262
2,1,262
3,1,262
4,3,262
0,1,263
1,1,263
2,1,263
3,1,263
4,3,263
0,1,264
1,1,264
2,1,264
3,1,264
4,3,264
0,1,265
1,1,265
2,1,265
3,1,265
4,3,265
0,1,266
1,1,266
2,1,266
3,1,266
4,3,266
0,1,267
1,1,267
2,1,267
3,1,267
4,3,267
0,1,268
1,1,268
2,1,268
3,1,268
4,3,268
0,1,269
1,1,269
2,1,269
3,1,269
4,3,269
0,1,270
1,1,270
2,1,270
3,1,270
4,3,270
0,1,271
1,1,271
2,1,271
3,1,271
4,3,271
0,1,272
1,1,272
2,1,272
3,1,272
4,3,272
0,1,273
1,1,273
2,1,273
3,1,273
4,3,273
0,1,274
1,1,274
2,1,274
3,1,274
4,3,274
0,1,275
1,1,275
2,1,275
3,1,275
4,3,275
0,1,276
1,1,276
2,1,276
3,1,276
4,3,276
0,1,277
1,1,277
2,1,277
3,1,277
4,3,277
0,1,278
1,1,278
2,1,278
3,1,278
4,3,278
0,1,279
1,1,279
2,1,279
3,1,279
4,3,279
0,1,280
1,1,280
2,1,280
3,1,280
4,3,280
0,1,281
1,1,281
2,1,281
3,1,281
4,3,281
0,1,282
1,1,282
2,1,282
3,1,282
4,3,282
0,1,283
1,1,283
2,1,283
3,1,283
4,3,283
0,1,284
1,1,284
2,1,284
3,1,284
4,3,284
0,1,285
1,1,285
2,1,285
3,1,285
4,3,285
0,1,286
1,1,286
2,1,286
3,1,286
4,3,286
0,1,287
1,1,287
2,1,287
3,1,287
4,3,287
0,1,288
1,1,288
2,1,288
3,1,288
4,3,288
0,1,289
1,1,289
2,1,289
3,1,289
4,3,289
0,1,290
1,1,290
2,1,290
3,1,290
4,3,290
0,1,291
1,1,291
2,1,291
3,1,291
4,3,291
0,1,292
1,2,292
2,1,292
3,1,292
4,2,292
0,1,293
1,1,293
2,1,293
3,1,293
4,3,293
0,1,294
1,1,294
2,1,294
3,1,294
4,3,294
0,1,295
1,1,295
2,1,295
3,1,295
4,3,295
0,1,296
1,1,296
2,1,296
3,1,296
4,3,296
0,1,297
1,1,297
2,1,297
3,1,297
4,3,297
0,1,298
1,1,298
2,1,298
3,1,298
4,3,298
0,1,299
1,1,299
2,1,299
3,1,299
4,3,299
0,1,300
1,1,300
2,1,300
3,1,300
4,3,300
0,1,301
1,1,301
2,1,301
3,1,301
4,3,301
0,1,302
1,1,302
2,1,302
3,1,302
4,3,302
0,1,303
1,1,303
2,1,303
3,1,303
4,3,303
0,1,304
1,1,304
2,1,304
3,1,304
4,3,304
0,1,305
1,1,305
2,1,305
3,1,305
4,3,305
0,1,306
1,1,306
2,1,306
3,1,306
4,3,306
0,1,307
1,1,307
2,1,307
3,1,307
4,3,307
0,1,308
1,1,308
2,1,308
3,1,308
4,3,308
0,1,309
1,1,309
2,1,309
3,1,309
4,3,309
0,1,310
1,1,310
2,1,310
3,1,310
4,3,310
0,1,311
1,1,311
2,1,311
3,1,311
4,3,311
0,1,312
1,1,312
2,1,312
3,1,312
4,3,312
0,1,313
1,1,313
2,1,313
3,1,313
4,3,313
0,1,314
1,1,314
2,1,314
3,1,314
4,3,314
0,1,315
1,1,315
2,1,315
3,1,315
4,3,315
0,1,316
1,1,316
2,1,316
3,1,316
4,3,316
0,1,317
1,1,317
2,1,317
3,1,317
4,3,317
0,1,318
1,1,318
2,1,318
3,1,318
4,3,318
0,1,319
1,1,319
2,1,319
3,1,319
4,3,319
0,1,320
1,1,320
2,1,320
3,1,320
4,3,320
0,1,321
1,1,321
2,1,321
3,1,321
4,3,321
0,1,322
1,1,322
2,1,322
3,1,322
4,3,322
0,1,323
1,1,323
2,1,323
3,1,323
4,3,323
0,1,324
1,1,324
2,1,324
3,1,324
4,3,324
0,1,325
1,1,325
2,1,325
3,1,325
4,3,325
0,1,326
1,1,326
2,1,326
3,1,326
4,3,326
0,1,327
1,1,327
2,1,327
3,1,327
4,3,327
0,1,328
1,1,328
2,1,328
3,1,328
4,3,328
0,1,329
1,1,329
2,1,329
3,1,329
4,3,329
0,1,330
1,1,330
2,1,330
3,1,330
4,3,330
0,1,331
1,1,331
2,1,331
3,1,331
4,3,331
0,1,332
1,1,332
2,1,332
3,1,332
4,3,332
0,1,333
1,1,333
2,1,333
3,1,333
4,3,333
0,1,334
1,1,334
2,1,334
3,1,334
4,3,334
0,1,335
1,1,335
2,1,335
3,1,335
4,3,335
0,1,336
1,1,336
2,1,336
3,1,336
4,3,336
0,1,337
1,1,337
2,1,337
3,1,337
4,3,337
0,1,338
1,1,338
2,1,338
3,1,338
4,3,338
0,1,339
1,1,339
2,1,339
3,1,339
4,3,339
0,1,340
1,1,340
2,1,340
3,1,340
4,3,340
0,1,341
1,1,341
2,1,341
3,1,341
4,3,341
0,1,342
1,1,342
2,1,342
3,1,342
4,3,342
0,1,343
1,1,343
2,1,343
3,1,343
4,3,343
0,1,344
1,1,344
2,1,344
3,1,344
4,3,344
0,1,345
1,1,345
2,1,345
3,2,345
4,2,345
0,1,346
1,1,346
2,1,346
3,1,346
4,3,346
0,1,347
1,1,347
2,1,347
3,1,347
4,3,347
0,1,348
1,1,348
2,1,348
3,1,348
4,3,348
0,1,349
1,1,349
2,1,349
3,1,349
4,3,349
0,1,350
1,1,350
2,1,350
3,1,350
4,3,350
0,1,351
1,1,351
2,1,351
3,1,351
4,3,351
0,1,352
1,1,352
2,1,352
3,1,352
4,3,352
0,1,353
1,1,353
2,1,353
3,1,353
4,3,353
0,1,354
1,1,354
2,1,354
3,1,354
4,3,354
0,1,355
1,1,355
2,1,355
3,1,355
4,3,355
0,1,356
1,1,356
2,1,356
3,1,356
4,3,356
0,1,357
1,1,357
2,1,357
3,1,357
4,3,357
0,1,358
1,1,358
2,1,358
3,1,358
4,3,358
0,1,359
1,1,359
2,1,359
3,1,359
4,3,359
0,1,360
1,1,360
2,1,360
3,1,360
4,3,360
0,1,361
1,1,361
2,1,361
3,1,361
4,3,361
0,1,362
1,1,362
2,1,362
3,1,362
4,3,362
0,1,363
1,1,363
2,1,363
3,1,363
4,3,363
0,1,364
1,1,364
2,1,364
3,1,364
4,3,364
0,1,365
1,1,365
2,1,365
3,1,365
4,3,365
0,1,366
1,1,366
2,1,366
3,1,366
4,3,366
0,1,367
1,1,367
2,1,367
3,1,367
4,3,367
0,1,368
1,1,368
2,1,368
3,1,368
4,3,368
0,1,369
1,1,369
2,1,369
3,1,369
4,3,369
0,1,370
1,1,370
2,1,370
3,1,370
4,3,370
0,1,371
1,1,371
2,1,371
3,1,371
4,3,371
0,1,372
1,1,372
2,1,372
3,1,372
4,3,372
0,1,373
1,1,373
2,1,373
3,1,373
4,3,373
0,1,374
1,1,374
2,1,374
3,1,374
4,3,374
0,1,375
1,1,375
2,1,375
3,1,375
4,3,375
0,1,376
1,1,376
2,1,376
3,1,376
4,3,376
0,1,377
1,1,377
2,1,377
3,1,377
4,3,377
0,1,378
1,2,378
2,1,378
3,1,378
4,2,378
0,1,379
1,1,379
2,1,379
3,1,379
4,3,379
0,1,380
1,1,380
2,1,380
3,1,380
4,3,380
0,1,381
1,1,381
2,1,381
3,1,381
4,3,381
0,1,382
1,1,382
2,1,382
3,1,382
4,3,382
0,1,383
1,1,383
2,1,383
3,1,383
4,3,383
0,1,384
1,1,384
2,1,384
3,1,384
4,3,384
0,1,385
1,1,385
2,1,385
3,1,385
4,3,385
0,1,386
1,1,386
2,1,386
3,1,386
4,3,386
0,1,387
1,1,387
2,1,387
3,1,387
4,3,387
0,1,388
1,1,388
2,1,388
3,1,388
4,3,388
0,1,389
1,1,389
2,1,389
3,1,389
4,3,389
0,1,390
1,1,390
2,1,390
3,1,390
4,3,390
0,1,391
1,1,391
2,1,391
3,1,391
4,3,391
0,1,392
1,1,392
2,1,392
3,1,392
4,3,392
0,1,393
1,1,393
2,1,393
3,1,393
4,3,393
0,1,394
1,1,394
2,1,394
3,1,394
4,3,394
0,1,395
1,1,395
2,1,395
3,1,395
4,3,395
0,1,396
1,1,396
2,1,396
3,1,396
4,3,396
0,1,397
1,1,397
2,1,397
3,1,397
4,3,397
0,1,398
1,1,398
2,1,398
3,1,398
4,3,398
0,1,399
1,1,399
2,1,399
3,1,399
4,3,399
