setting,metric,world_EIGs,V_prior,alpha_prior,beta_prior,eps_fixed,sd_epsilon,infer_eps,sigma_true,window,r2_21,rmse21_full,rmse21_cv,b21,bg1,bg2,bg11,dev
0,eig_code,3.162277660168379e-06,1.0,1.0,0.1,,0.5,True,0.1,exemplar_mean,,,,,80.0,80.0,80.0,80.0
0,eig_code,1e-05,1.0,1.0,0.1,,0.5,True,0.1,exemplar_mean,,,,,80.0,80.0,80.0,80.0
0,eig_code,3.1622776601683795e-05,1.0,1.0,0.1,,0.5,True,0.1,exemplar_mean,0.05654770554264782,353.6504224045853,388.8030250004135,24.351703981098783,79.6875,77.6875,69.14583333333333,70.80104166666668
0,eig_code,0.0001,1.0,1.0,0.1,,0.5,True,0.1,exemplar_mean,0.05393445399092467,354.1398686858937,387.2950594173745,12.33789879788195,74.34375,65.95833333333333,52.989583333333336,57.08645833333334
0,eig_code,0.0003162277660168,1.0,1.0,0.1,,0.5,True,0.1,exemplar_mean,0.05441845071734109,354.04927006649405,390.70603274362827,9.20253583603067,66.77083333333333,55.3125,33.916666666666664,37.723958333333336
0,eig_code,0.001,1.0,1.0,0.1,,0.5,True,0.1,exemplar_mean,0.11642560273273198,342.24394255112225,389.541605309217,14.084903374400595,56.5,36.145833333333336,17.270833333333332,22.017708333333335
0,eig_code,0.0031622776601683,1.0,1.0,0.1,,0.5,True,0.1,exemplar_mean,0.17665071676008468,330.3743065184271,380.1924978982452,25.591983595615904,37.833333333333336,20.30208333333333,11.65625,13.117708333333335
0,eig_code,0.01,1.0,1.0,0.1,,0.5,True,0.1,exemplar_mean,0.17902262755189122,329.8980909093676,381.28583407753365,46.899104665977305,21.92708333333333,9.864583333333334,6.0625,7.935416666666667
0,eig_code,0.0316227766016837,1.0,1.0,0.1,,0.5,True,0.1,exemplar_mean,0.15060121393719025,335.5598770719438,384.87021140290557,66.34831392439243,13.479166666666666,7.84375,3.395833333333333,4.711458333333335
0,kl,3.162277660168379e-06,1.0,1.0,0.1,,0.5,True,0.1,exemplar_mean,0.06935055261813552,351.24267058211075,374.21561781289375,32.000191333215284,79.53125,78.47916666666667,67.30208333333333,74.26145833333334
0,kl,1e-05,1.0,1.0,0.1,,0.5,True,0.1,exemplar_mean,0.0648166180399324,352.09722242578397,384.3512647587492,13.862518670700654,78.38541666666667,76.28125,55.88541666666666,62.55937499999999
0,kl,3.1622776601683795e-05,1.0,1.0,0.1,,0.5,True,0.1,exemplar_mean,0.12800607944159875,339.9937527956699,387.952568764433,12.84968154041901,71.85416666666667,67.58333333333333,34.072916666666664,46.945833333333326
0,kl,0.0001,1.0,1.0,0.1,,0.5,True,0.1,exemplar_mean,0.14179755694677545,337.2943620287162,388.9090231795447,12.633007595647026,67.96875,48.47916666666666,22.61458333333333,28.884375
0,kl,0.0003162277660168,1.0,1.0,0.1,,0.5,True,0.1,exemplar_mean,0.2959150708824091,305.5109163490985,338.8418846830495,25.049645465800065,50.53125,24.58333333333333,12.625,18.882291666666667
0,kl,0.001,1.0,1.0,0.1,,0.5,True,0.1,exemplar_mean,0.23503731129641095,318.4449272337949,372.2835474266494,35.94944469561668,31.125,17.708333333333332,8.572916666666666,11.396875
0,kl,0.0031622776601683,1.0,1.0,0.1,,0.5,True,0.1,exemplar_mean,0.23399095001383255,318.66264672502774,375.2175581380921,58.86659399101167,19.39583333333333,10.395833333333334,5.166666666666667,7.292708333333333
0,kl,0.01,1.0,1.0,0.1,,0.5,True,0.1,exemplar_mean,0.2806319167223904,308.80888782384926,350.5331346647991,103.85120952110081,11.864583333333334,7.0625,3.4791666666666665,4.720833333333333
0,kl,0.0316227766016837,1.0,1.0,0.1,,0.5,True,0.1,exemplar_mean,0.1745808137076596,330.7893269374761,385.45786086694267,132.76905778212435,7.354166666666667,4.96875,2.4166666666666665,3.0687499999999996
0,mi,3.1622776601683795e-05,1.0,1.0,0.1,,0.5,True,0.1,exemplar_mean,0.10178277789886545,345.06816752062366,382.86406565234677,14.46687104926819,78.14583333333333,75.08333333333333,51.07291666666666,62.76354166666666
0,mi,0.0001,1.0,1.0,0.1,,0.5,True,0.1,exemplar_mean,0.12377816502057869,340.81699608896946,387.4802945290466,11.524539783323355,76.67708333333333,62.239583333333336,34.197916666666664,44.24791666666666
0,mi,0.0003162277660168,1.0,1.0,0.1,,0.5,True,0.1,exemplar_mean,0.17689226201989194,330.32584215286295,385.7543173565632,14.153634269802017,64.52083333333333,43.72916666666666,19.125,27.359375
0,mi,0.001,1.0,1.0,0.1,,0.5,True,0.1,exemplar_mean,0.20693295268416545,324.24191901084976,376.6038871949626,20.056962489210697,48.427083333333336,26.4375,11.520833333333334,15.9
0,mi,0.0031622776601683,1.0,1.0,0.1,,0.5,True,0.1,exemplar_mean,0.20945395987487253,323.72615754479216,377.2530451702446,32.11866880093966,30.104166666666668,16.052083333333332,6.84375,9.311458333333333
0,mi,0.01,1.0,1.0,0.1,,0.5,True,0.1,exemplar_mean,0.23020344565410114,319.4494833345927,376.03588021315727,52.883024120100416,19.197916666666668,10.6875,4.052083333333333,5.754166666666667
0,mi,0.0316227766016837,1.0,1.0,0.1,,0.5,True,0.1,exemplar_mean,0.2233574897523171,320.8668034994528,375.84544990082213,95.86770057325539,10.635416666666666,5.729166666666667,2.28125,3.6760416666666664
0,mi,0.1,1.0,1.0,0.1,,0.5,True,0.1,exemplar_mean,0.19356359025086925,326.9634990364885,380.5887347666895,137.6265345883002,6.916666666666667,4.322916666666667,1.9375,2.428125
0,mi,0.3162277660168379,1.0,1.0,0.1,,0.5,True,0.1,exemplar_mean,0.14193555084211443,337.26724346569983,388.86468999475073,205.3405814175322,3.8958333333333335,2.9166666666666665,1.40625,1.7802083333333336
0,mi_concept,3.1622776601683795e-05,1.0,1.0,0.1,,0.5,True,0.1,exemplar_mean,0.6617470159097629,211.75565980012954,215.20958738100188,184.3815923186326,24.08333333333333,19.90625,16.729166666666668,20.065625
0,mi_concept,0.0001,1.0,1.0,0.1,,0.5,True,0.1,exemplar_mean,0.5927375897040248,232.35465215122338,238.05269263347623,251.2438711733281,16.083333333333332,14.083333333333334,11.552083333333334,13.520833333333334
0,mi_concept,0.0003162277660168,1.0,1.0,0.1,,0.5,True,0.1,exemplar_mean,0.573367566363811,237.8160398444232,242.95240705576813,300.5361296550649,11.15625,9.302083333333334,6.989583333333333,9.022916666666667
0,mi_concept,0.001,1.0,1.0,0.1,,0.5,True,0.1,exemplar_mean,0.46320258945904247,266.7592051645821,275.6041263458887,358.4502934552929,8.458333333333334,6.75,5.260416666666667,6.1239583333333325
0,mi_concept,0.0031622776601683,1.0,1.0,0.1,,0.5,True,0.1,exemplar_mean,0.3069454898241202,303.10835367318793,341.22546391493375,354.83377777704845,5.833333333333333,4.697916666666667,3.520833333333333,4.043750000000001
0,mi_concept,0.01,1.0,1.0,0.1,,0.5,True,0.1,exemplar_mean,0.24289458432086522,316.80526097747395,366.7398157731209,383.39413556048464,4.260416666666667,3.6354166666666665,2.114583333333333,2.7583333333333333
0,mi_concept,0.0316227766016837,1.0,1.0,0.1,,0.5,True,0.1,exemplar_mean,0.20427387144563403,324.78504087437767,380.9131561350405,480.7296924754977,3.0,2.375,1.5729166666666667,1.9197916666666668
0,mi_concept,0.1,1.0,1.0,0.1,,0.5,True,0.1,exemplar_mean,0.06429128619084376,352.1961024528013,392.4815931445896,453.68209348187685,1.90625,1.9270833333333333,1.3333333333333333,1.4604166666666667
0,mi_concept,0.3162277660168379,1.0,1.0,0.1,,0.5,True,0.1,exemplar_mean,7.194942155339381e-09,364.0945742219499,368.7706555758176,0.29113793417026584,1.3541666666666667,1.3645833333333333,1.1041666666666667,1.2125
0,surprisal_b,0.01,1.0,1.0,0.1,,0.5,True,0.1,exemplar_mean,,,,,80.0,80.0,80.0,80.0
0,surprisal_b,0.0273841963426436,1.0,1.0,0.1,,0.5,True,0.1,exemplar_mean,0.005385421850424176,363.11285055528543,373.38822913191285,9.257132333685933,62.59375,68.94791666666667,66.03125,67.03020833333333
0,surprisal_b,0.0749894209332455,1.0,1.0,0.1,,0.5,True,0.1,exemplar_mean,0.14879129420781345,335.91719642785534,374.4933721393042,31.260273468155486,55.958333333333336,44.65625,48.270833333333336,49.02916666666666
0,surprisal_b,0.2053525026457146,1.0,1.0,0.1,,0.5,True,0.1,exemplar_mean,0.11832664401506252,341.87556938397836,368.14104444243793,57.72150620116544,32.875,29.260416666666668,25.135416666666668,27.515625
0,surprisal_b,0.5623413251903491,1.0,1.0,0.1,,0.5,True,0.1,exemplar_mean,0.20123860177965028,325.4038919157193,331.09367714721793,118.77143402071209,10.84375,12.34375,8.708333333333334,10.891666666666666
0,surprisal_b,1.539926526059492,1.0,1.0,0.1,,0.5,True,0.1,exemplar_mean,0.1315099258984682,339.30998368056635,380.28714850572624,252.8957680037884,5.979166666666667,4.229166666666667,4.125,4.642708333333333
0,surprisal_b,4.216965034285822,1.0,1.0,0.1,,0.5,True,0.1,exemplar_mean,0.3170970976033913,300.8802545916401,324.4704803246253,902.2861968044318,2.7291666666666665,2.625,2.239583333333333,2.3822916666666667
0,surprisal_b,11.547819846894582,1.0,1.0,0.1,,0.5,True,0.1,exemplar_mean,0.20743548163645786,324.13917437370344,341.8043192829205,1500.6921916393396,1.7916666666666667,1.5208333333333333,1.40625,1.5572916666666667
0,surprisal_b,31.622776601683796,1.0,1.0,0.1,,0.5,True,0.1,exemplar_mean,0.062149989357347765,352.5988589002361,360.0215822660704,2027.214741032465,1.1875,1.2395833333333333,1.1145833333333333,1.1989583333333331
1,eig_code,3.162277660168379e-06,1.0,1.0,0.1,,0.5,True,0.2,exemplar_mean,,,,,80.0,80.0,80.0,80.0
1,eig_code,1e-05,1.0,1.0,0.1,,0.5,True,0.2,exemplar_mean,0.04770766587884062,355.3033913246038,387.5205376858724,37.35404165785773,80.0,78.5625,74.34375,76.48020833333334
1,eig_code,3.1622776601683795e-05,1.0,1.0,0.1,,0.5,True,0.2,exemplar_mean,0.05674550837721855,353.61334754486114,384.5354671999783,19.861862827177003,78.66666666666667,75.83333333333333,65.47916666666667,68.57708333333332
1,eig_code,0.0001,1.0,1.0,0.1,,0.5,True,0.2,exemplar_mean,0.1859088622778545,328.5116096026768,377.62332396677687,23.57604333442853,74.625,65.08333333333333,49.614583333333336,56.252083333333324
1,eig_code,0.0003162277660168,1.0,1.0,0.1,,0.5,True,0.2,exemplar_mean,0.21377382108532633,322.8404610367597,376.90406112630245,17.73305199093186,69.51041666666667,47.8125,29.916666666666668,38.43541666666666
1,eig_code,0.001,1.0,1.0,0.1,,0.5,True,0.2,exemplar_mean,0.19504633944230793,326.66277606012454,381.6158245676539,19.945682041256777,53.40625,31.6875,17.145833333333332,22.225
1,eig_code,0.0031622776601683,1.0,1.0,0.1,,0.5,True,0.2,exemplar_mean,0.19353537952145217,326.96921789914353,378.24989673167227,33.48979734399584,32.427083333333336,17.822916666666668,10.208333333333334,13.242708333333335
1,eig_code,0.01,1.0,1.0,0.1,,0.5,True,0.2,exemplar_mean,0.2120542490870563,323.19331382861355,378.20527719283876,51.22838061006754,20.70833333333333,12.197916666666666,5.6875,7.720833333333334
1,eig_code,0.0316227766016837,1.0,1.0,0.1,,0.5,True,0.2,exemplar_mean,0.24050495241478967,317.3048291500185,370.72217777651485,84.31541987244309,13.458333333333334,6.572916666666667,3.59375,4.586458333333333
1,kl,3.162277660168379e-06,1.0,1.0,0.1,,0.5,True,0.2,exemplar_mean,0.0655102239095785,351.9666266494518,376.29055602102113,29.263926386749965,79.48958333333333,78.35416666666667,69.58333333333333,74.803125
1,kl,1e-05,1.0,1.0,0.1,,0.5,True,0.2,exemplar_mean,0.13480983736075602,338.66474975190596,386.25773935617923,25.612675872126776,79.04166666666667,74.30208333333333,58.22916666666666,67.20104166666667
1,kl,3.1622776601683795e-05,1.0,1.0,0.1,,0.5,True,0.2,exemplar_mean,0.14109270633897036,337.4328452869625,387.7072744565027,15.352807759301617,73.70833333333333,63.71875,41.5,50.729166666666664
1,kl,0.0001,1.0,1.0,0.1,,0.5,True,0.2,exemplar_mean,0.21169178909450903,323.2676407586498,379.1240985829627,17.713967232955717,66.84375,48.41666666666666,25.510416666666668,34.271875
1,kl,0.0003162277660168,1.0,1.0,0.1,,0.5,True,0.2,exemplar_mean,0.23246078092484268,318.98076598558976,372.52614302341345,23.23014258456022,48.72916666666666,31.8125,16.125,21.310416666666665
1,kl,0.001,1.0,1.0,0.1,,0.5,True,0.2,exemplar_mean,0.2354007574693159,318.3692690727751,376.4691319028764,34.88529517015079,31.885416666666668,19.02083333333333,9.354166666666666,12.636458333333334
1,kl,0.0031622776601683,1.0,1.0,0.1,,0.5,True,0.2,exemplar_mean,0.3298063073927351,298.0673296212849,314.7737149158217,66.74591668449774,20.510416666666668,11.364583333333334,5.875,8.353125
1,kl,0.01,1.0,1.0,0.1,,0.5,True,0.2,exemplar_mean,0.20038097272864627,325.5785379120018,379.9297132368034,92.64156407589705,11.166666666666666,8.0625,3.9270833333333335,5.095833333333333
1,kl,0.0316227766016837,1.0,1.0,0.1,,0.5,True,0.2,exemplar_mean,0.2070730358261152,324.2132815628426,381.06454472653604,144.2002272838795,7.354166666666667,4.729166666666667,2.114583333333333,3.154166666666667
1,mi,3.1622776601683795e-05,1.0,1.0,0.1,,0.5,True,0.2,exemplar_mean,0.06869744915340083,351.36589505382653,382.55711790987027,14.10071675118855,79.29166666666667,73.80208333333333,56.677083333333336,62.747916666666676
1,mi,0.0001,1.0,1.0,0.1,,0.5,True,0.2,exemplar_mean,0.09172988715846403,346.99380439562725,387.2633223182182,10.786126883250937,75.35416666666667,61.91666666666666,37.458333333333336,45.84166666666666
1,mi,0.0003162277660168,1.0,1.0,0.1,,0.5,True,0.2,exemplar_mean,0.1783351168143675,330.03619521238386,383.7733520200339,14.315442737754106,65.4375,43.28125,22.822916666666668,30.15833333333334
1,mi,0.001,1.0,1.0,0.1,,0.5,True,0.2,exemplar_mean,0.22973324981288384,319.54702916561376,375.42192893160376,21.164226274789463,50.16666666666666,26.229166666666668,11.645833333333334,17.3
1,mi,0.0031622776601683,1.0,1.0,0.1,,0.5,True,0.2,exemplar_mean,0.2398066689731874,317.4506614397757,371.66111105295647,36.4060580427827,30.6875,15.104166666666666,7.104166666666667,10.227083333333335
1,mi,0.01,1.0,1.0,0.1,,0.5,True,0.2,exemplar_mean,0.2086129005331816,323.89831736602315,377.40703721418095,56.44221027701064,18.08333333333333,9.21875,4.822916666666667,5.940625
1,mi,0.0316227766016837,1.0,1.0,0.1,,0.5,True,0.2,exemplar_mean,0.24939613439449151,315.44206489965217,369.4280593377945,95.0069157980524,11.697916666666666,5.71875,2.78125,3.780208333333333
1,mi,0.1,1.0,1.0,0.1,,0.5,True,0.2,exemplar_mean,0.20571924757324828,324.48993311328707,379.52994149115085,157.2007047244803,6.78125,3.5416666666666665,1.7916666666666667,2.415625
1,mi,0.3162277660168379,1.0,1.0,0.1,,0.5,True,0.2,exemplar_mean,0.18109127280008888,329.48220091238585,381.43923146766446,269.27307247246137,3.7708333333333335,2.65625,1.375,1.7802083333333332
1,mi_concept,3.1622776601683795e-05,1.0,1.0,0.1,,0.5,True,0.2,exemplar_mean,0.5272908703412345,250.32902261150412,262.95097648041076,99.3171685324227,37.32291666666666,32.385416666666664,25.6875,30.834375
1,mi_concept,0.0001,1.0,1.0,0.1,,0.5,True,0.2,exemplar_mean,0.40876518926850647,279.95885388989154,316.34818286872354,149.32940791287734,22.64583333333333,22.135416666666668,17.479166666666668,20.298958333333335
1,mi_concept,0.0003162277660168,1.0,1.0,0.1,,0.5,True,0.2,exemplar_mean,0.31235019818231147,301.9241621003448,336.77947435784694,185.21754784534411,15.854166666666666,14.291666666666666,11.708333333333334,12.951041666666669
1,mi_concept,0.001,1.0,1.0,0.1,,0.5,True,0.2,exemplar_mean,0.29680768039096944,305.31719793354233,347.04251163142993,228.02744504205666,10.604166666666666,10.104166666666666,7.229166666666667,8.573958333333334
1,mi_concept,0.0031622776601683,1.0,1.0,0.1,,0.5,True,0.2,exemplar_mean,0.2808240572668867,308.76764421589627,355.2235316870204,291.6373840714334,7.302083333333333,6.197916666666667,5.083333333333333,5.471874999999999
1,mi_concept,0.01,1.0,1.0,0.1,,0.5,True,0.2,exemplar_mean,0.13765575589656337,338.1072964791574,382.83314202149165,308.666000245408,4.6875,4.229166666666667,3.2291666666666665,3.5604166666666663
1,mi_concept,0.0316227766016837,1.0,1.0,0.1,,0.5,True,0.2,exemplar_mean,0.06091284908429188,352.83134303057886,375.02841265835133,303.6439933772491,2.6041666666666665,2.677083333333333,1.9583333333333333,2.34375
1,mi_concept,0.1,1.0,1.0,0.1,,0.5,True,0.2,exemplar_mean,0.1137721337477751,342.7574549988077,373.44790913716184,758.5259065081917,1.84375,1.6666666666666667,1.4479166666666667,1.6270833333333332
1,mi_concept,0.3162277660168379,1.0,1.0,0.1,,0.5,True,0.2,exemplar_mean,0.06833776263138666,351.4337405548687,370.56864014299305,1013.5921346708238,1.3541666666666667,1.4479166666666667,1.1145833333333333,1.2552083333333335
1,surprisal_b,0.01,1.0,1.0,0.1,,0.5,True,0.2,exemplar_mean,0.050793995206032824,354.72716427108077,371.41425681317924,37.40262629518358,75.55208333333333,76.13541666666667,73.45833333333333,73.45520833333333
1,surprisal_b,0.0273841963426436,1.0,1.0,0.1,,0.5,True,0.2,exemplar_mean,0.10368790915144127,344.70202607236314,368.23278749714524,45.062756432482836,66.77083333333333,61.5625,63.302083333333336,65.47083333333333
1,surprisal_b,0.0749894209332455,1.0,1.0,0.1,,0.5,True,0.2,exemplar_mean,0.02627797109797974,359.2788949740405,388.45667201096984,17.070042872675053,46.708333333333336,47.583333333333336,42.21875,45.82395833333334
1,surprisal_b,0.2053525026457146,1.0,1.0,0.1,,0.5,True,0.2,exemplar_mean,0.3414504571401136,295.46662740025175,320.02053909721235,75.30524822589985,29.39583333333333,21.760416666666668,20.71875,23.263541666666665
1,surprisal_b,0.5623413251903491,1.0,1.0,0.1,,0.5,True,0.2,exemplar_mean,5.546690416311835e-05,364.0844777922814,385.32299187227215,3.2418296955590944,10.375,10.0625,7.552083333333333,8.653125
1,surprisal_b,1.539926526059492,1.0,1.0,0.1,,0.5,True,0.2,exemplar_mean,0.23949010433150358,317.51675199260774,338.61144528306585,476.8834788156257,4.625,4.020833333333333,4.15625,4.121875000000001
1,surprisal_b,4.216965034285822,1.0,1.0,0.1,,0.5,True,0.2,exemplar_mean,0.11108412861664986,343.2768678209513,361.3425066987975,607.4127427751505,2.4166666666666665,1.9166666666666667,1.9479166666666667,2.228125
1,surprisal_b,11.547819846894582,1.0,1.0,0.1,,0.5,True,0.2,exemplar_mean,0.023324853963907575,359.8232954284751,373.2973371873676,594.1906382678624,1.6041666666666667,1.5520833333333333,1.3645833333333333,1.4093749999999998
1,surprisal_b,31.622776601683796,1.0,1.0,0.1,,0.5,True,0.2,exemplar_mean,0.011710356146747746,361.956458996543,381.80447571220196,1105.556107277936,1.2083333333333333,1.21875,1.1354166666666667,1.1479166666666667
2,eig_code,3.162277660168379e-06,1.0,1.0,1.0,,0.5,True,0.1,exemplar_mean,0.08511171342089953,348.25570715133216,355.73141043582274,71.51719932578989,79.86458333333333,77.52083333333333,75.58333333333333,76.8
2,eig_code,1e-05,1.0,1.0,1.0,,0.5,True,0.1,exemplar_mean,0.14111146853765066,337.4291597805605,363.86527655181254,33.42596986963163,78.3125,76.5,65.19791666666667,71.84895833333333
2,eig_code,3.1622776601683795e-05,1.0,1.0,1.0,,0.5,True,0.1,exemplar_mean,0.11213745545554885,343.0734234185183,383.38734524471175,17.824722511079415,76.33333333333333,71.97916666666667,52.3125,58.828125000000014
2,eig_code,0.0001,1.0,1.0,1.0,,0.5,True,0.1,exemplar_mean,0.14452092398339333,336.75876215268255,386.81081242927286,14.463334711851068,70.71875,54.85416666666666,32.364583333333336,40.27291666666667
2,eig_code,0.0003162277660168,1.0,1.0,1.0,,0.5,True,0.1,exemplar_mean,0.18144194896797677,329.4116473062122,382.3304517766045,18.06102328713953,59.32291666666666,31.979166666666668,21.125,24.473958333333332
2,eig_code,0.001,1.0,1.0,1.0,,0.5,True,0.1,exemplar_mean,0.16649942184637415,332.40470423249525,387.51900847852505,27.163321581237394,35.364583333333336,23.64583333333333,12.09375,14.335416666666665
2,eig_code,0.0031622776601683,1.0,1.0,1.0,,0.5,True,0.1,exemplar_mean,0.2156586438963197,322.45325554333016,374.7450863239406,49.16572618202518,22.34375,13.0,6.583333333333333,8.634375000000002
2,eig_code,0.01,1.0,1.0,1.0,,0.5,True,0.1,exemplar_mean,0.21156373143265422,323.2938964899747,376.80148063701125,79.44245741131904,13.677083333333334,7.677083333333333,3.8333333333333335,5.333333333333334
2,eig_code,0.0316227766016837,1.0,1.0,1.0,,0.5,True,0.1,exemplar_mean,0.1876818729053738,328.15368158569714,382.0283541410459,120.72335717233298,8.75,5.416666666666667,3.052083333333333,3.578125000000001
2,kl,3.162277660168379e-06,1.0,1.0,1.0,,0.5,True,0.1,exemplar_mean,0.03749355353550448,357.2037685395902,391.0592300196495,18.191013987700998,79.97916666666667,78.33333333333333,69.90625,71.553125
2,kl,1e-05,1.0,1.0,1.0,,0.5,True,0.1,exemplar_mean,0.08066890059665138,349.10026986988055,390.8909746484656,12.66934337930913,78.07291666666667,74.0625,56.239583333333336,61.03541666666666
2,kl,3.1622776601683795e-05,1.0,1.0,1.0,,0.5,True,0.1,exemplar_mean,0.08214330246934488,348.8202180858886,387.0944294492551,9.184381108495844,73.13541666666667,62.44791666666666,33.489583333333336,42.565625
2,kl,0.0001,1.0,1.0,1.0,,0.5,True,0.1,exemplar_mean,0.15968045598555916,333.76165545207607,387.1045712893588,13.329524494489084,64.51041666666667,45.239583333333336,18.90625,26.63958333333333
2,kl,0.0003162277660168,1.0,1.0,1.0,,0.5,True,0.1,exemplar_mean,0.19485250107553898,326.70210501196215,378.3816521753512,19.360038913879226,48.94791666666666,26.885416666666668,12.458333333333334,15.567708333333332
2,kl,0.001,1.0,1.0,1.0,,0.5,True,0.1,exemplar_mean,0.22805595492368574,319.89475489701323,374.38177866933427,32.68779447146355,31.354166666666668,16.90625,6.895833333333333,9.733333333333333
2,kl,0.0031622776601683,1.0,1.0,1.0,,0.5,True,0.1,exemplar_mean,0.2038883555838691,324.8637077791047,380.08690701593565,55.17898125986183,18.0,10.385416666666666,4.708333333333333,6.258333333333334
2,kl,0.01,1.0,1.0,1.0,,0.5,True,0.1,exemplar_mean,0.19161863541913443,327.3575451505986,381.05145241479516,82.57763110837766,12.0,6.510416666666667,2.9375,4.111458333333333
2,kl,0.0316227766016837,1.0,1.0,1.0,,0.5,True,0.1,exemplar_mean,0.1868564563220841,328.3203617992587,378.80095315541024,129.74964106469602,7.875,4.09375,2.125,2.892708333333333
2,mi,3.1622776601683795e-05,1.0,1.0,1.0,,0.5,True,0.1,exemplar_mean,0.10852265818114955,343.77109964402774,385.24692412309486,15.221356096488162,78.94791666666667,73.0,53.54166666666666,60.79270833333332
2,mi,0.0001,1.0,1.0,1.0,,0.5,True,0.1,exemplar_mean,0.1467954475135348,336.31078185723163,386.12608240041965,11.457050411464941,77.82291666666667,61.145833333333336,30.635416666666668,43.014583333333334
2,mi,0.0003162277660168,1.0,1.0,1.0,,0.5,True,0.1,exemplar_mean,0.23712200721806737,318.0107140617788,373.0319431978077,14.742143296128917,67.54166666666667,43.51041666666666,18.30208333333333,27.838541666666668
2,mi,0.001,1.0,1.0,1.0,,0.5,True,0.1,exemplar_mean,0.20269440003070757,325.1072210558495,378.9672625245592,18.325839043795124,50.020833333333336,27.78125,8.979166666666666,14.641666666666666
2,mi,0.0031622776601683,1.0,1.0,1.0,,0.5,True,0.1,exemplar_mean,0.23221273384104807,319.0323046270914,375.6964773228937,31.747175446443062,31.041666666666668,14.3125,5.90625,8.522916666666665
2,mi,0.01,1.0,1.0,1.0,,0.5,True,0.1,exemplar_mean,0.20644260396962405,324.3421419620017,375.7260513465185,53.27481016793334,18.34375,8.479166666666666,3.7604166666666665,5.032291666666667
2,mi,0.0316227766016837,1.0,1.0,1.0,,0.5,True,0.1,exemplar_mean,0.2494484636224088,315.4310690014337,370.695889759567,91.60828356414767,11.510416666666666,5.46875,2.40625,3.4718749999999994
2,mi,0.1,1.0,1.0,1.0,,0.5,True,0.1,exemplar_mean,0.2151940762112731,322.54873641139756,376.8378138039652,132.74499830574425,7.53125,4.260416666666667,1.6875,2.430208333333333
2,mi,0.3162277660168379,1.0,1.0,1.0,,0.5,True,0.1,exemplar_mean,0.2068825712040521,324.2522179688101,380.3347383362415,219.3020862425189,4.75,3.28125,1.4583333333333333,1.8760416666666668
2,mi_concept,3.1622776601683795e-05,1.0,1.0,1.0,,0.5,True,0.1,exemplar_mean,0.287859407060873,307.2536703680272,347.57622102205704,216.15688835573985,11.635416666666666,9.8125,8.09375,8.901041666666666
2,mi_concept,0.0001,1.0,1.0,1.0,,0.5,True,0.1,exemplar_mean,0.34444161150667074,294.79485400468343,301.11272440392156,303.4255726310442,8.854166666666666,6.34375,5.614583333333333,6.102083333333335
2,mi_concept,0.0003162277660168,1.0,1.0,1.0,,0.5,True,0.1,exemplar_mean,0.2745601119072293,310.1093954620803,353.8564265446015,263.2546122596414,7.177083333333333,4.927083333333333,3.6666666666666665,4.239583333333334
2,mi_concept,0.001,1.0,1.0,1.0,,0.5,True,0.1,exemplar_mean,0.2448422772435299,316.39749958481406,374.97104308787056,323.10536101987105,5.177083333333333,3.6458333333333335,2.6666666666666665,3.020833333333333
2,mi_concept,0.0031622776601683,1.0,1.0,1.0,,0.5,True,0.1,exemplar_mean,0.23355259060160558,318.7538132664164,380.2679589150215,381.90478540304235,3.8125,2.8541666666666665,2.0416666666666665,2.190625
2,mi_concept,0.01,1.0,1.0,1.0,,0.5,True,0.1,exemplar_mean,0.11637059395990729,342.25459594167666,388.32975584491214,352.60314675716404,2.739583333333333,2.25,1.65625,1.7385416666666669
2,mi_concept,0.0316227766016837,1.0,1.0,1.0,,0.5,True,0.1,exemplar_mean,0.10948503967218014,343.58549297504504,389.79267717717613,529.0494583706569,2.114583333333333,1.8645833333333333,1.2395833333333333,1.478125
2,mi_concept,0.1,1.0,1.0,1.0,,0.5,True,0.1,exemplar_mean,0.047806635013409725,355.284927990624,388.3591532764562,616.7323973969669,1.6041666666666667,1.4895833333333333,1.1354166666666667,1.2822916666666668
2,mi_concept,0.3162277660168379,1.0,1.0,1.0,,0.5,True,0.1,exemplar_mean,0.04361344874975345,364.09457553176964,360.26577905524965,-1392.628629467759,1.21875,1.2083333333333333,1.1458333333333333,1.1479166666666667
2,surprisal_b,0.01,1.0,1.0,1.0,,0.5,True,0.1,exemplar_mean,0.15556872230395305,334.57721687181385,327.69620411004183,142.51008288568406,76.75,77.73958333333333,75.6875,76.83333333333334
2,surprisal_b,0.0273841963426436,1.0,1.0,1.0,,0.5,True,0.1,exemplar_mean,0.003809316482633956,363.40043811985663,369.14379007705094,10.583750008563522,68.30208333333333,74.63541666666667,68.3125,70.60416666666666
2,surprisal_b,0.0749894209332455,1.0,1.0,1.0,,0.5,True,0.1,exemplar_mean,0.0017468174877871441,363.77643315100113,375.7271017215752,4.703232403083144,64.52083333333333,56.552083333333336,51.6875,55.08958333333334
2,surprisal_b,0.2053525026457146,1.0,1.0,1.0,,0.5,True,0.1,exemplar_mean,0.0006090052986233492,364.09457553176964,372.367471787349,-2.6877873789190154,35.5625,38.46875,32.645833333333336,33.234375
2,surprisal_b,0.5623413251903491,1.0,1.0,1.0,,0.5,True,0.1,exemplar_mean,0.16158182822579978,333.38384409776796,364.9998536331547,74.92512839397384,19.416666666666668,14.46875,12.6875,15.551041666666666
2,surprisal_b,1.539926526059492,1.0,1.0,1.0,,0.5,True,0.1,exemplar_mean,0.0034892298380859504,364.09457553176964,363.23746310404124,-44.36407816655912,6.90625,6.604166666666667,6.25,6.1375
2,surprisal_b,4.216965034285822,1.0,1.0,1.0,,0.5,True,0.1,exemplar_mean,0.004026088917633905,363.3608977562404,383.04432422822276,103.38977021790643,3.28125,2.96875,2.7604166666666665,2.9031249999999997
2,surprisal_b,11.547819846894582,1.0,1.0,1.0,,0.5,True,0.1,exemplar_mean,0.118274786104246,341.8856233863939,362.0024447352556,1144.9068235683324,1.78125,1.7083333333333333,1.6145833333333333,1.709375
2,surprisal_b,31.622776601683796,1.0,1.0,1.0,,0.5,True,0.1,exemplar_mean,0.16961539721619165,331.7827882175962,343.5424044257652,3211.9556153649373,1.2604166666666667,1.2395833333333333,1.1458333333333333,1.2510416666666666
3,eig_code,3.162277660168379e-06,1.0,1.0,1.0,,0.5,True,0.2,exemplar_mean,,,,,80.0,80.0,80.0,80.0
3,eig_code,1e-05,1.0,1.0,1.0,,0.5,True,0.2,exemplar_mean,0.15328619126765045,335.0290994179548,387.790175564546,37.2837195635766,80.0,77.41666666666667,67.33333333333333,71.62916666666665
3,eig_code,3.1622776601683795e-05,1.0,1.0,1.0,,0.5,True,0.2,exemplar_mean,0.15350688067868598,334.9854351997166,375.3782704329252,20.60077887021773,78.23958333333333,69.13541666666667,54.66666666666666,60.40208333333334
3,eig_code,0.0001,1.0,1.0,1.0,,0.5,True,0.2,exemplar_mean,0.16826755577348862,332.0519461914119,388.5898132465733,18.1706894511372,68.69791666666667,53.9375,33.447916666666664,40.75208333333333
3,eig_code,0.0003162277660168,1.0,1.0,1.0,,0.5,True,0.2,exemplar_mean,0.20700485310981778,324.2272205938032,378.85463791095077,18.686500840482555,57.01041666666666,34.864583333333336,17.791666666666668,24.602083333333333
3,eig_code,0.001,1.0,1.0,1.0,,0.5,True,0.2,exemplar_mean,0.20182081897841514,325.28527684556076,372.8794387412978,27.22411155530752,39.239583333333336,20.36458333333333,11.5,13.505208333333332
3,eig_code,0.0031622776601683,1.0,1.0,1.0,,0.5,True,0.2,exemplar_mean,0.22084323494690444,321.3857610785962,380.4105604650682,52.393445829535644,21.28125,12.697916666666666,6.4375,8.619791666666668
3,eig_code,0.01,1.0,1.0,1.0,,0.5,True,0.2,exemplar_mean,0.2124645608683388,323.1091536612769,374.7895944079113,74.45631615700029,14.65625,8.072916666666666,4.479166666666667,4.989583333333334
3,eig_code,0.0316227766016837,1.0,1.0,1.0,,0.5,True,0.2,exemplar_mean,0.21031087283463212,323.55065837088233,378.5223921367061,139.47394248259127,8.197916666666666,4.947916666666667,3.0,3.384375
3,kl,3.162277660168379e-06,1.0,1.0,1.0,,0.5,True,0.2,exemplar_mean,0.02642330967525381,359.25208083688074,396.8482549802679,14.973227407996495,79.75,77.0625,68.44791666666667,71.93229166666666
3,kl,1e-05,1.0,1.0,1.0,,0.5,True,0.2,exemplar_mean,0.08468363976894927,348.3371715553562,388.29124694378413,13.524474600757767,78.52083333333333,75.23958333333333,52.875,62.020833333333336
3,kl,3.1622776601683795e-05,1.0,1.0,1.0,,0.5,True,0.2,exemplar_mean,0.1591711181845263,333.8627905957208,383.83597987540946,13.015615976441735,76.0625,62.0625,33.552083333333336,45.88749999999999
3,kl,0.0001,1.0,1.0,1.0,,0.5,True,0.2,exemplar_mean,0.17683735159551708,330.33686016960655,386.15964970560424,13.965811600465992,65.9375,48.677083333333336,19.447916666666668,27.59270833333333
3,kl,0.0003162277660168,1.0,1.0,1.0,,0.5,True,0.2,exemplar_mean,0.2485225599881547,315.62557180458674,363.85991009165303,21.629249424994082,49.458333333333336,28.65625,13.104166666666666,16.946875
3,kl,0.001,1.0,1.0,1.0,,0.5,True,0.2,exemplar_mean,0.23508773383476686,318.43443190742164,375.0427096267227,34.71286870340928,31.15625,16.364583333333332,7.947916666666667,10.525
3,kl,0.0031622776601683,1.0,1.0,1.0,,0.5,True,0.2,exemplar_mean,0.1846062689389216,328.7743234306248,381.1137856324979,50.13958283886385,19.23958333333333,10.322916666666666,5.03125,6.323958333333333
3,kl,0.01,1.0,1.0,1.0,,0.5,True,0.2,exemplar_mean,0.2333761020373222,318.7905106079621,375.8762931351736,96.81328722551302,11.5625,6.833333333333333,3.375,4.484375
3,kl,0.0316227766016837,1.0,1.0,1.0,,0.5,True,0.2,exemplar_mean,0.17779710004696225,330.14422949323034,383.1296310088647,140.42955595646816,7.114583333333333,4.802083333333333,2.3229166666666665,2.9156249999999995
3,mi,3.1622776601683795e-05,1.0,1.0,1.0,,0.5,True,0.2,exemplar_mean,0.06612936402765954,351.85001073179336,391.07934610262174,11.689738777956002,79.75,74.9375,50.44791666666666,60.610416666666666
3,mi,0.0001,1.0,1.0,1.0,,0.5,True,0.2,exemplar_mean,0.11321022498050991,342.8660996865782,386.43065213056485,10.568074958930842,73.25,62.25,33.78125,45.38437499999999
3,mi,0.0003162277660168,1.0,1.0,1.0,,0.5,True,0.2,exemplar_mean,0.16527879870206558,332.648010864408,387.1830075920884,11.581387835518658,69.78125,44.79166666666666,18.84375,26.60625
3,mi,0.001,1.0,1.0,1.0,,0.5,True,0.2,exemplar_mean,0.16511960922632454,332.67972896255856,384.6497107253816,16.367870739890996,51.07291666666666,29.572916666666668,10.34375,13.923958333333335
3,mi,0.0031622776601683,1.0,1.0,1.0,,0.5,True,0.2,exemplar_mean,0.1900547745150583,327.6740382891627,379.5014205347679,28.789173035046158,31.447916666666668,14.427083333333334,6.302083333333333,8.702083333333334
3,mi,0.01,1.0,1.0,1.0,,0.5,True,0.2,exemplar_mean,0.2274708385856518,320.01596847034904,374.5868368469099,56.84990569639237,17.135416666666668,8.614583333333334,3.6041666666666665,5.616666666666666
3,mi,0.0316227766016837,1.0,1.0,1.0,,0.5,True,0.2,exemplar_mean,0.18643081221561522,328.4062810351698,383.55427393857343,83.72033175903644,10.583333333333334,6.145833333333333,2.46875,3.571875
3,mi,0.1,1.0,1.0,1.0,,0.5,True,0.2,exemplar_mean,0.15716448564530416,334.260933861345,385.37391853700825,125.80265087497943,6.791666666666667,4.28125,1.9479166666666667,2.3520833333333333
3,mi,0.3162277660168379,1.0,1.0,1.0,,0.5,True,0.2,exemplar_mean,0.16650771664713598,332.40305022185265,385.2761708794734,236.67106231826813,3.9375,2.7604166666666665,1.2395833333333333,1.7677083333333337
3,mi_concept,3.1622776601683795e-05,1.0,1.0,1.0,,0.5,True,0.2,exemplar_mean,0.2508453886204329,315.13739245714584,342.3433208648104,145.13059262919305,18.260416666666668,15.0,12.854166666666666,13.930208333333335
3,mi_concept,0.0001,1.0,1.0,1.0,,0.5,True,0.2,exemplar_mean,0.23409010791635573,318.64202102726614,341.4705722939589,204.43193420382346,11.552083333333334,10.354166666666666,8.552083333333334,9.843750000000002
3,mi_concept,0.0003162277660168,1.0,1.0,1.0,,0.5,True,0.2,exemplar_mean,0.1246795177332675,340.6416550086058,389.4121733118473,201.45173855189515,8.5,7.65625,5.791666666666667,6.3114583333333325
3,mi_concept,0.001,1.0,1.0,1.0,,0.5,True,0.2,exemplar_mean,0.17382839714708248,330.94005924292645,392.27999233878796,243.68457988634194,6.46875,5.333333333333333,3.5625,4.320833333333334
3,mi_concept,0.0031622776601683,1.0,1.0,1.0,,0.5,True,0.2,exemplar_mean,0.14916088640460046,335.84426140422806,385.4309868778824,322.7271790594423,4.333333333333333,3.6770833333333335,2.90625,3.1093749999999996
3,mi_concept,0.01,1.0,1.0,1.0,,0.5,True,0.2,exemplar_mean,0.14688959671942617,336.2922257756353,387.7709065055587,372.41073766150726,3.364583333333333,2.875,2.0416666666666665,2.1510416666666665
3,mi_concept,0.0316227766016837,1.0,1.0,1.0,,0.5,True,0.2,exemplar_mean,0.047798961054398355,355.2863596517664,390.61881924270165,385.9147264344135,2.1041666666666665,2.1041666666666665,1.4583333333333333,1.6291666666666669
3,mi_concept,0.1,1.0,1.0,1.0,,0.5,True,0.2,exemplar_mean,0.0024825656842384592,363.64235033815476,371.70049699392257,140.19363033924796,1.46875,1.6979166666666667,1.1979166666666667,1.3364583333333333
3,mi_concept,0.3162277660168379,1.0,1.0,1.0,,0.5,True,0.2,exemplar_mean,0.0064359608641820585,362.9210350491875,390.09237580142775,491.3989382146358,1.21875,1.2395833333333333,1.0833333333333333,1.1635416666666667
3,surprisal_b,0.01,1.0,1.0,1.0,,0.5,True,0.2,exemplar_mean,0.09148485174720657,347.0406076728233,350.0330479417825,83.69462930224611,74.88541666666667,75.80208333333333,73.08333333333333,75.30104166666668
3,surprisal_b,0.0273841963426436,1.0,1.0,1.0,,0.5,True,0.2,exemplar_mean,0.002017611759866514,364.09457553176964,366.3315586048024,-7.094180769923278,70.66666666666667,71.35416666666667,64.5,67.40729166666668
3,surprisal_b,0.0749894209332455,1.0,1.0,1.0,,0.5,True,0.2,exemplar_mean,0.0008379566553205483,363.9419958249091,373.79910824722003,3.2904575083359417,55.270833333333336,54.9375,48.38541666666666,50.740625
3,surprisal_b,0.2053525026457146,1.0,1.0,1.0,,0.5,True,0.2,exemplar_mean,0.12549729323798964,340.4824941634489,379.191740104071,34.78931711920832,32.802083333333336,37.38541666666666,26.84375,29.104166666666664
3,surprisal_b,0.5623413251903491,1.0,1.0,1.0,,0.5,True,0.2,exemplar_mean,0.18289511343527579,329.11911952502425,372.96325714536425,97.89858329458806,16.052083333333332,13.270833333333334,11.760416666666666,12.459375
3,surprisal_b,1.539926526059492,1.0,1.0,1.0,,0.5,True,0.2,exemplar_mean,0.07646678061067706,349.8972018616042,388.3951069912572,156.4358855085454,6.458333333333333,6.041666666666667,3.9479166666666665,4.926041666666666
3,surprisal_b,4.216965034285822,1.0,1.0,1.0,,0.5,True,0.2,exemplar_mean,0.03850831600335091,357.01542041552096,381.6054033318971,277.8586516210862,2.864583333333333,2.958333333333333,2.302083333333333,2.511458333333333
3,surprisal_b,11.547819846894582,1.0,1.0,1.0,,0.5,True,0.2,exemplar_mean,0.00011555912395071727,364.09457553176964,365.71663774695236,-41.03539690400852,1.6041666666666667,1.8020833333333333,1.4895833333333333,1.5864583333333333
3,surprisal_b,31.622776601683796,1.0,1.0,1.0,,0.5,True,0.2,exemplar_mean,0.030249842706346453,364.09457553176964,360.26577905524965,-1088.8752513505328,1.1770833333333333,1.3333333333333333,1.125,1.2239583333333335
4,eig_code,3.162277660168379e-06,1.0,10.0,0.1,,0.5,True,0.1,exemplar_mean,,,,,80.0,80.0,80.0,80.0
4,eig_code,1e-05,1.0,10.0,0.1,,0.5,True,0.1,exemplar_mean,0.05279763028598715,354.35257790521865,374.8858791461318,65.82779971404837,80.0,80.0,76.11458333333333,77.934375
4,eig_code,3.1622776601683795e-05,1.0,10.0,0.1,,0.5,True,0.1,exemplar_mean,0.011403732684006539,362.0126043464593,379.9530858842463,10.452772452526837,79.40625,77.97916666666667,67.96875,72.32604166666667
4,eig_code,0.0001,1.0,10.0,0.1,,0.5,True,0.1,exemplar_mean,0.0030995257427797037,363.5298773632139,378.36719406416756,3.0391649626412445,77.77083333333333,74.5625,60.1875,61.559375
4,eig_code,0.0003162277660168,1.0,10.0,0.1,,0.5,True,0.1,exemplar_mean,0.1136183900641979,342.787184660014,387.14562211974965,11.717397016811814,74.48958333333333,64.45833333333333,34.0,45.92708333333333
4,eig_code,0.001,1.0,10.0,0.1,,0.5,True,0.1,exemplar_mean,0.11715830210487449,342.1020111359999,390.70186888842767,13.241411969452859,58.26041666666666,44.07291666666666,20.0,28.48333333333333
4,eig_code,0.0031622776601683,1.0,10.0,0.1,,0.5,True,0.1,exemplar_mean,0.1423292854803216,337.18985473733846,385.63504954866494,16.680192404444266,49.78125,29.53125,14.072916666666666,15.733333333333334
4,eig_code,0.01,1.0,10.0,0.1,,0.5,True,0.1,exemplar_mean,0.1435566534103517,336.9485009316089,388.39176855194256,30.923528354498526,25.86458333333333,18.23958333333333,7.635416666666667,9.683333333333334
4,eig_code,0.0316227766016837,1.0,10.0,0.1,,0.5,True,0.1,exemplar_mean,0.1727380978383259,331.1583581715257,385.0191181495593,52.482788838328666,17.25,10.020833333333334,4.197916666666667,5.851041666666666
4,kl,3.162277660168379e-06,1.0,10.0,0.1,,0.5,True,0.1,exemplar_mean,0.08806881914714888,347.6924348574053,380.13342222703017,44.620525940678654,80.0,78.23958333333333,73.47916666666667,74.94791666666667
4,kl,1e-05,1.0,10.0,0.1,,0.5,True,0.1,exemplar_mean,0.030885871969757544,358.42778720423087,382.3261430665128,10.626450860750623,78.38541666666667,78.13541666666667,60.6875,65.45
4,kl,3.1622776601683795e-05,1.0,10.0,0.1,,0.5,True,0.1,exemplar_mean,0.12323716464891171,340.92219414640886,386.3043159894131,12.637242054986354,75.98958333333333,65.82291666666667,42.052083333333336,49.063541666666666
4,kl,0.0001,1.0,10.0,0.1,,0.5,True,0.1,exemplar_mean,0.13622042494244285,338.3885612418562,385.55462215647043,13.30378933666945,63.44791666666666,48.864583333333336,22.322916666666668,33.19479166666667
4,kl,0.0003162277660168,1.0,10.0,0.1,,0.5,True,0.1,exemplar_mean,0.15893948820262213,333.9087733804987,387.0612619962579,17.88113944989891,48.270833333333336,34.270833333333336,14.708333333333334,19.796875
4,kl,0.001,1.0,10.0,0.1,,0.5,True,0.1,exemplar_mean,0.24299418660189973,316.78442136659925,373.7531003492608,36.79612716736023,29.8125,19.95833333333333,9.0,12.671874999999998
4,kl,0.0031622776601683,1.0,10.0,0.1,,0.5,True,0.1,exemplar_mean,0.26778422031048615,311.55430068335,352.60785985505015,54.757473074767645,21.67708333333333,12.15625,5.78125,7.640625
4,kl,0.01,1.0,10.0,0.1,,0.5,True,0.1,exemplar_mean,0.276317815080763,309.73347813702014,364.82725057502057,100.80185403862461,12.4375,6.333333333333333,3.6666666666666665,5.008333333333334
4,kl,0.0316227766016837,1.0,10.0,0.1,,0.5,True,0.1,exemplar_mean,0.3002863126329387,304.5610726243252,336.0740052949727,169.65574516631096,7.666666666666667,4.645833333333333,1.9583333333333333,3.30625
4,mi,3.1622776601683795e-05,1.0,10.0,0.1,,0.5,True,0.1,exemplar_mean,0.08393060216145876,348.4804318927332,381.69535897115054,14.189064190985656,78.9375,76.70833333333333,54.57291666666666,64.40208333333332
4,mi,0.0001,1.0,10.0,0.1,,0.5,True,0.1,exemplar_mean,0.12502064597282883,340.5752714301287,386.25850024594456,11.994174548296844,74.55208333333333,65.88541666666667,35.177083333333336,46.793749999999996
4,mi,0.0003162277660168,1.0,10.0,0.1,,0.5,True,0.1,exemplar_mean,0.18884790929460382,327.91807404843297,382.18426853207757,14.709658634769255,64.94791666666667,44.90625,21.23958333333333,29.71770833333333
4,mi,0.001,1.0,10.0,0.1,,0.5,True,0.1,exemplar_mean,0.27840723685095736,309.286022274774,351.8786741030055,24.06384274254451,45.82291666666666,29.39583333333333,10.6875,18.273958333333333
4,mi,0.0031622776601683,1.0,10.0,0.1,,0.5,True,0.1,exemplar_mean,0.2253635273415085,320.45214228637593,375.7217516937639,30.78095661031048,32.635416666666664,16.75,7.177083333333333,9.990625
4,mi,0.01,1.0,10.0,0.1,,0.5,True,0.1,exemplar_mean,0.19955677307161176,325.74628817686835,380.5108293985737,50.554945968984335,18.40625,10.322916666666666,4.270833333333333,6.004166666666666
4,mi,0.0316227766016837,1.0,10.0,0.1,,0.5,True,0.1,exemplar_mean,0.24699085291028922,315.9470716927218,373.3625830364282,89.7770209246242,11.96875,6.489583333333333,2.770833333333333,3.8833333333333337
4,mi,0.1,1.0,10.0,0.1,,0.5,True,0.1,exemplar_mean,0.2584307122987642,313.53792235347674,368.41626148453844,146.39419008830336,7.895833333333333,3.7395833333333335,1.8645833333333333,2.4614583333333333
4,mi,0.3162277660168379,1.0,10.0,0.1,,0.5,True,0.1,exemplar_mean,0.20373767681557398,324.89444953984867,380.5131240020368,254.40443060306376,4.260416666666667,2.8229166666666665,1.5104166666666667,1.7875
4,mi_concept,3.1622776601683795e-05,1.0,10.0,0.1,,0.5,True,0.1,exemplar_mean,0.34398511627944084,294.89747569875846,327.1549896152568,49.361503510499126,40.583333333333336,35.239583333333336,22.166666666666668,28.354166666666668
4,mi_concept,0.0001,1.0,10.0,0.1,,0.5,True,0.1,exemplar_mean,0.5415875963245645,246.51445410800844,252.03406094934442,96.74026568610292,26.75,22.291666666666668,15.239583333333334,19.507291666666667
4,mi_concept,0.0003162277660168,1.0,10.0,0.1,,0.5,True,0.1,exemplar_mean,0.22590137451691106,320.3408744766361,365.5219583314621,86.82257068301959,17.5,15.53125,9.104166666666666,12.392708333333333
4,mi_concept,0.001,1.0,10.0,0.1,,0.5,True,0.1,exemplar_mean,0.28469278793558966,307.936032927984,340.64877196956695,146.79402005705498,11.927083333333334,9.354166666666666,6.78125,8.257291666666667
4,mi_concept,0.0031622776601683,1.0,10.0,0.1,,0.5,True,0.1,exemplar_mean,0.26459091391558764,312.23292986046465,351.2961641871721,200.08397683956406,7.4375,6.947916666666667,4.1875,5.471874999999999
4,mi_concept,0.01,1.0,10.0,0.1,,0.5,True,0.1,exemplar_mean,0.07339988737841176,350.4776942151109,391.59585269205843,171.0799218833863,4.885416666666667,4.052083333333333,3.052083333333333,3.3125
4,mi_concept,0.0316227766016837,1.0,10.0,0.1,,0.5,True,0.1,exemplar_mean,0.02376669295762643,359.74189582073,373.7817766022691,169.38300456811643,2.53125,2.770833333333333,1.7604166666666667,2.225
4,mi_concept,0.1,1.0,10.0,0.1,,0.5,True,0.1,exemplar_mean,0.009278044225476135,362.40159671070643,369.849229755169,223.51519192705672,1.6354166666666667,1.7604166666666667,1.2916666666666667,1.459375
4,mi_concept,0.3162277660168379,1.0,10.0,0.1,,0.5,True,0.1,exemplar_mean,0.01000087371399293,362.26936871417905,369.8430940445174,686.5949310902806,1.1354166666666667,1.2083333333333333,1.1145833333333333,1.209375
4,surprisal_b,0.01,1.0,10.0,0.1,,0.5,True,0.1,exemplar_mean,0.07305145383241768,350.5435838616376,366.3105343284163,42.19972393314244,73.66666666666667,75.75,74.4375,74.00312500000001
4,surprisal_b,0.0273841963426436,1.0,10.0,0.1,,0.5,True,0.1,exemplar_mean,0.23403747166495165,318.6529699871562,307.36956836359656,69.46681140091077,67.41666666666667,66.98958333333333,61.520833333333336,65.22291666666666
4,surprisal_b,0.0749894209332455,1.0,10.0,0.1,,0.5,True,0.1,exemplar_mean,0.3615150221724442,290.9306990576599,315.75597800460855,90.56856166648018,51.69791666666666,45.125,45.03125,47.34895833333333
4,surprisal_b,0.2053525026457146,1.0,10.0,0.1,,0.5,True,0.1,exemplar_mean,0.34417804278699227,294.85410951528075,297.63408403656814,91.65327893465513,25.447916666666668,26.58333333333333,23.510416666666668,25.129166666666666
4,surprisal_b,0.5623413251903491,1.0,10.0,0.1,,0.5,True,0.1,exemplar_mean,0.32629391121268864,298.84737458307393,286.54031607376737,272.0703744981867,9.145833333333334,10.479166666666666,8.604166666666666,9.990624999999998
4,surprisal_b,1.539926526059492,1.0,10.0,0.1,,0.5,True,0.1,exemplar_mean,0.6488071796966257,215.7679935312957,208.36907225100762,613.3428199576581,5.291666666666667,3.7395833333333335,3.6041666666666665,4.283333333333333
4,surprisal_b,4.216965034285822,1.0,10.0,0.1,,0.5,True,0.1,exemplar_mean,0.19106512895054403,327.46959839732625,331.67988851566486,1360.3439494674722,2.427083333333333,2.1875,2.2604166666666665,2.185416666666667
4,surprisal_b,11.547819846894582,1.0,10.0,0.1,,0.5,True,0.1,exemplar_mean,0.4183167188094428,277.6882473127272,298.90265240216786,2574.951115482049,1.6354166666666667,1.3854166666666667,1.3333333333333333,1.4916666666666667
4,surprisal_b,31.622776601683796,1.0,10.0,0.1,,0.5,True,0.1,exemplar_mean,0.0683105615761132,351.4388707932989,362.8241949761114,1486.4052663589334,1.125,1.2083333333333333,1.1041666666666667,1.203125
5,eig_code,3.162277660168379e-06,1.0,10.0,0.1,,0.5,True,0.2,exemplar_mean,,,,,80.0,80.0,80.0,80.0
5,eig_code,1e-05,1.0,10.0,0.1,,0.5,True,0.2,exemplar_mean,0.014422341118160395,361.45949192329147,382.63002107098885,32.193002595959506,79.41666666666667,78.13541666666667,76.09375,77.08020833333333
5,eig_code,3.1622776601683795e-05,1.0,10.0,0.1,,0.5,True,0.2,exemplar_mean,0.08505728194205014,348.26606677200687,385.49623938293416,24.933931989496497,79.23958333333333,77.04166666666667,66.26041666666667,71.915625
5,eig_code,0.0001,1.0,10.0,0.1,,0.5,True,0.2,exemplar_mean,0.09932254408477975,345.54041845637187,381.4567218107205,15.280988696664318,75.82291666666667,73.8125,56.177083333333336,61.103125
5,eig_code,0.0003162277660168,1.0,10.0,0.1,,0.5,True,0.2,exemplar_mean,0.1536564714359433,334.95583487701873,384.97279428449366,13.13789505529428,73.69791666666667,56.16666666666666,29.30208333333333,42.74374999999999
5,eig_code,0.001,1.0,10.0,0.1,,0.5,True,0.2,exemplar_mean,0.18938506712448017,327.8094797823194,381.70282827437757,16.04525290901839,61.44791666666666,40.34375,18.479166666666668,25.741666666666667
5,eig_code,0.0031622776601683,1.0,10.0,0.1,,0.5,True,0.2,exemplar_mean,0.19433894564911294,326.80628026771217,379.2335430441728,23.884791613305747,41.09375,22.92708333333333,11.125,15.133333333333331
5,eig_code,0.01,1.0,10.0,0.1,,0.5,True,0.2,exemplar_mean,0.1822896935331674,329.24102454197595,381.3666975948517,39.978412321066685,22.77083333333333,14.15625,6.25,9.292708333333334
5,eig_code,0.0316227766016837,1.0,10.0,0.1,,0.5,True,0.2,exemplar_mean,0.24864638183595347,315.5995677295239,361.06002661038605,72.0736673041786,15.354166666666666,7.25,3.239583333333333,5.3395833333333345
5,kl,3.162277660168379e-06,1.0,10.0,0.1,,0.5,True,0.2,exemplar_mean,,,,,80.0,80.0,80.0,80.0
5,kl,1e-05,1.0,10.0,0.1,,0.5,True,0.2,exemplar_mean,0.09014548920512735,347.2963227299,381.39694515009535,26.406609720802503,78.28125,74.79166666666667,67.875,68.7125
5,kl,3.1622776601683795e-05,1.0,10.0,0.1,,0.5,True,0.2,exemplar_mean,0.17852659747023206,329.9977371800335,373.8054744064552,17.955004198044275,75.47916666666667,69.79166666666667,47.114583333333336,56.021875
5,kl,0.0001,1.0,10.0,0.1,,0.5,True,0.2,exemplar_mean,0.1670536818967665,332.2941648448655,381.8334591348803,15.181228235860894,65.41666666666667,51.052083333333336,27.385416666666668,37.75416666666666
5,kl,0.0003162277660168,1.0,10.0,0.1,,0.5,True,0.2,exemplar_mean,0.24734713946723016,315.87231761217936,364.8595403939436,21.37251016583536,53.4375,31.854166666666668,15.520833333333334,22.469791666666662
5,kl,0.001,1.0,10.0,0.1,,0.5,True,0.2,exemplar_mean,0.25512887569295883,314.2351607648333,360.07154136892365,34.11144801329928,33.541666666666664,18.635416666666668,9.145833333333334,13.942708333333334
5,kl,0.0031622776601683,1.0,10.0,0.1,,0.5,True,0.2,exemplar_mean,0.26238342319966146,312.70119633094953,366.6600609357769,58.49514786916647,20.21875,11.520833333333334,6.114583333333333,8.534375
5,kl,0.01,1.0,10.0,0.1,,0.5,True,0.2,exemplar_mean,0.21726601044309818,322.1226811159992,375.21795942413524,80.683135934884,13.322916666666666,7.260416666666667,3.3541666666666665,4.8010416666666655
5,kl,0.0316227766016837,1.0,10.0,0.1,,0.5,True,0.2,exemplar_mean,0.20016903694161353,325.6216816903312,377.5504708262926,139.8783663746541,7.489583333333333,4.614583333333333,2.552083333333333,3.2645833333333334
5,mi,3.1622776601683795e-05,1.0,10.0,0.1,,0.5,True,0.2,exemplar_mean,0.14879480947242962,335.91650280298666,378.5374330624863,22.265407635081456,79.30208333333333,76.84375,55.84375,66.05416666666666
5,mi,0.0001,1.0,10.0,0.1,,0.5,True,0.2,exemplar_mean,0.14176715119715777,337.30033707409467,384.6464624797058,13.755935025265087,75.4375,64.39583333333333,35.552083333333336,50.06979166666666
5,mi,0.0003162277660168,1.0,10.0,0.1,,0.5,True,0.2,exemplar_mean,0.17425133351950714,330.8553404597562,387.00112489259044,13.665856665706677,66.29166666666667,52.69791666666666,21.61458333333333,32.271875
5,mi,0.001,1.0,10.0,0.1,,0.5,True,0.2,exemplar_mean,0.2277718606301029,319.95361402999725,376.2657352731559,20.7360050675143,49.76041666666666,29.791666666666668,12.770833333333334,18.99895833333333
5,mi,0.0031622776601683,1.0,10.0,0.1,,0.5,True,0.2,exemplar_mean,0.22470409636118308,320.5885101987736,376.48913159200964,34.2367402142237,30.885416666666668,16.8125,7.708333333333333,10.892708333333333
5,mi,0.01,1.0,10.0,0.1,,0.5,True,0.2,exemplar_mean,0.21350934737290417,322.8947556140706,376.58304798664386,52.88957282739311,19.14583333333333,9.53125,4.197916666666667,6.56875
5,mi,0.0316227766016837,1.0,10.0,0.1,,0.5,True,0.2,exemplar_mean,0.19176672127315877,327.3275597723626,384.17953577650826,80.3135732194836,11.322916666666666,7.052083333333333,2.6979166666666665,3.843749999999999
5,mi,0.1,1.0,10.0,0.1,,0.5,True,0.2,exemplar_mean,0.20260797602993033,325.1248405892954,381.53053099981713,146.02014814799745,6.604166666666667,4.0,1.7708333333333333,2.5104166666666665
5,mi,0.3162277660168379,1.0,10.0,0.1,,0.5,True,0.2,exemplar_mean,0.21776818095918196,322.0193340860657,375.2823774087907,307.56940203891276,3.84375,2.364583333333333,1.3020833333333333,1.7104166666666665
5,mi_concept,3.1622776601683795e-05,1.0,10.0,0.1,,0.5,True,0.2,exemplar_mean,0.23249677070460092,318.97328742175404,376.5000297559903,33.30262473434264,56.82291666666666,48.989583333333336,35.729166666666664,40.80833333333333
5,mi_concept,0.0001,1.0,10.0,0.1,,0.5,True,0.2,exemplar_mean,0.32085022316242456,300.0523205027599,331.8449410160121,44.50843435672335,41.020833333333336,35.1875,21.23958333333333,28.046875
5,mi_concept,0.0003162277660168,1.0,10.0,0.1,,0.5,True,0.2,exemplar_mean,0.1553723950908215,334.6161086068605,379.2852550399581,44.56344022364333,24.729166666666668,24.5,13.510416666666666,17.93645833333333
5,mi_concept,0.001,1.0,10.0,0.1,,0.5,True,0.2,exemplar_mean,0.21916246417849025,321.732215616591,366.48849241750895,74.07888568374325,17.645833333333332,13.28125,8.0,11.220833333333331
5,mi_concept,0.0031622776601683,1.0,10.0,0.1,,0.5,True,0.2,exemplar_mean,0.15108301927221218,335.4646935875466,366.882518075084,118.7601801591507,8.239583333333334,8.8125,4.770833333333333,6.898958333333335
5,mi_concept,0.01,1.0,10.0,0.1,,0.5,True,0.2,exemplar_mean,0.051951878808993976,354.51074228316224,379.77394021056887,126.37278438996262,4.947916666666667,5.427083333333333,2.927083333333333,4.066666666666666
5,mi_concept,0.0316227766016837,1.0,10.0,0.1,,0.5,True,0.2,exemplar_mean,0.005417559632743733,363.1069840939078,371.06426875151493,103.60931163932061,2.520833333333333,2.75,2.0104166666666665,2.4677083333333334
5,mi_concept,0.1,1.0,10.0,0.1,,0.5,True,0.2,exemplar_mean,0.0014803893014510106,363.8249748591599,373.5578461737229,143.02636055885398,1.71875,1.7708333333333333,1.4375,1.6166666666666665
5,mi_concept,0.3162277660168379,1.0,10.0,0.1,,0.5,True,0.2,exemplar_mean,0.0060535952124846845,364.09457553176964,371.2284904948991,-527.6656402041824,1.15625,1.2083333333333333,1.1458333333333333,1.2322916666666663
5,surprisal_b,0.01,1.0,10.0,0.1,,0.5,True,0.2,exemplar_mean,0.0023340288672026284,363.6694236828309,371.03458585613254,10.934687541660386,72.1875,70.05208333333333,70.79166666666667,72.43854166666667
5,surprisal_b,0.0273841963426436,1.0,10.0,0.1,,0.5,True,0.2,exemplar_mean,0.00011897273801225209,364.07291622326045,369.81959575522444,1.3571568549484179,58.28125,59.239583333333336,66.36458333333333,63.78645833333333
5,surprisal_b,0.0749894209332455,1.0,10.0,0.1,,0.5,True,0.2,exemplar_mean,0.002730496351834558,364.09457553176964,366.9331193293491,-6.03655809636443,42.927083333333336,39.84375,43.44791666666666,43.25833333333333
5,surprisal_b,0.2053525026457146,1.0,10.0,0.1,,0.5,True,0.2,exemplar_mean,0.08065043683222471,349.1037755017389,372.74925300591724,75.25308537969109,24.28125,21.80208333333333,22.635416666666668,21.728125
5,surprisal_b,0.5623413251903491,1.0,10.0,0.1,,0.5,True,0.2,exemplar_mean,0.11339131232937116,342.8310903276559,343.3546911739242,136.00436021196708,9.083333333333334,8.020833333333334,7.260416666666667,9.016666666666666
5,surprisal_b,1.539926526059492,1.0,10.0,0.1,,0.5,True,0.2,exemplar_mean,0.014800919686235528,361.3900636246021,377.54996070184126,114.66971226368565,3.8854166666666665,3.8020833333333335,3.25,3.947916666666667
5,surprisal_b,4.216965034285822,1.0,10.0,0.1,,0.5,True,0.2,exemplar_mean,0.3404461548169866,295.6918380748336,285.658164967661,1028.8325796390916,2.2604166666666665,2.375,1.9583333333333333,2.302083333333333
5,surprisal_b,11.547819846894582,1.0,10.0,0.1,,0.5,True,0.2,exemplar_mean,0.11582875369174521,342.35951487063215,354.53109557965536,1462.714620734492,1.5416666666666667,1.46875,1.4895833333333333,1.4166666666666667
5,surprisal_b,31.622776601683796,1.0,10.0,0.1,,0.5,True,0.2,exemplar_mean,0.0007132772202518206,364.09457553176964,375.037215707797,-213.5616099523414,1.125,1.1145833333333333,1.1875,1.146875
6,eig_code,3.162277660168379e-06,1.0,10.0,1.0,,0.5,True,0.1,exemplar_mean,,,,,80.0,80.0,80.0,80.0
6,eig_code,1e-05,1.0,10.0,1.0,,0.5,True,0.1,exemplar_mean,0.0006003555507504038,363.98526602345464,380.91996791855814,2.6770071201109014,79.84375,78.08333333333333,70.22916666666667,72.66041666666666
6,eig_code,3.1622776601683795e-05,1.0,10.0,1.0,,0.5,True,0.1,exemplar_mean,0.04119610761626836,356.5160637275399,377.269458197778,11.196589114034474,77.47916666666667,75.0625,55.833333333333336,64.33541666666666
6,eig_code,0.0001,1.0,10.0,1.0,,0.5,True,0.1,exemplar_mean,0.10677407800966253,344.10807784179735,387.38240428109106,12.135594834357784,74.46875,67.05208333333333,42.625,50.23229166666666
6,eig_code,0.0003162277660168,1.0,10.0,1.0,,0.5,True,0.1,exemplar_mean,0.11418202627732334,342.67818082202587,388.3047998124166,11.289233248004296,68.55208333333333,45.239583333333336,25.375,29.715625000000006
6,eig_code,0.001,1.0,10.0,1.0,,0.5,True,0.1,exemplar_mean,0.16874867075236918,331.9558947054834,384.51116310683267,17.96663564921236,50.270833333333336,31.416666666666668,13.760416666666666,17.739583333333336
6,eig_code,0.0031622776601683,1.0,10.0,1.0,,0.5,True,0.1,exemplar_mean,0.1921238162751294,327.25524157392965,382.7100779335441,27.60409415781648,33.354166666666664,18.104166666666668,7.479166666666667,10.498958333333334
6,eig_code,0.01,1.0,10.0,1.0,,0.5,True,0.1,exemplar_mean,0.21886289573658257,321.7939260056069,376.7549277422904,53.42840751555404,19.125,9.927083333333334,4.520833333333333,6.484375
6,eig_code,0.0316227766016837,1.0,10.0,1.0,,0.5,True,0.1,exemplar_mean,0.20249293121626397,325.1482936566395,377.3577393263636,87.21452562876051,11.59375,5.9375,2.989583333333333,4.030208333333334
6,kl,3.162277660168379e-06,1.0,10.0,1.0,,0.5,True,0.1,exemplar_mean,0.044940873985208254,355.819166525082,383.09918834978663,19.56300263964125,80.0,79.375,67.33333333333333,73.14270833333335
6,kl,1e-05,1.0,10.0,1.0,,0.5,True,0.1,exemplar_mean,0.11155852736737987,343.1852551859135,382.81864856407395,15.914985291637718,78.15625,70.53125,54.645833333333336,61.357291666666676
6,kl,3.1622776601683795e-05,1.0,10.0,1.0,,0.5,True,0.1,exemplar_mean,0.1040064232789128,344.64077384676574,386.48562580177025,10.096576429072202,76.23958333333333,63.645833333333336,36.19791666666666,44.059375
6,kl,0.0001,1.0,10.0,1.0,,0.5,True,0.1,exemplar_mean,0.14538896924956088,336.5878660728623,387.83284455591104,11.79962304516911,69.42708333333333,43.802083333333336,21.59375,27.255208333333336
6,kl,0.0003162277660168,1.0,10.0,1.0,,0.5,True,0.1,exemplar_mean,0.25156109932660503,314.98682200240347,364.55343092990523,22.367265155189447,49.66666666666666,25.979166666666668,12.0,16.73645833333333
6,kl,0.001,1.0,10.0,1.0,,0.5,True,0.1,exemplar_mean,0.24319139644648619,316.74315545114206,373.66808197217097,33.84816550069752,32.052083333333336,16.822916666666668,7.677083333333333,10.245833333333334
6,kl,0.0031622776601683,1.0,10.0,1.0,,0.5,True,0.1,exemplar_mean,0.21873908197582465,321.81942789078863,375.985470290903,52.45814575270581,19.916666666666668,9.958333333333334,4.520833333333333,6.271875
6,kl,0.01,1.0,10.0,1.0,,0.5,True,0.1,exemplar_mean,0.25797131677675755,313.6350242826252,368.2380305439115,91.0509532842885,12.65625,6.541666666666667,3.489583333333333,4.24375
6,kl,0.0316227766016837,1.0,10.0,1.0,,0.5,True,0.1,exemplar_mean,0.17508474770621626,330.6883349557632,385.2977777446899,137.14071451461948,6.4375,4.65625,1.8645833333333333,2.775
6,mi,3.1622776601683795e-05,1.0,10.0,1.0,,0.5,True,0.1,exemplar_mean,0.05792262833866628,353.39263549071114,383.4428299250308,9.861541836018437,78.3125,71.91666666666667,50.3125,60.61250000000001
6,mi,0.0001,1.0,10.0,1.0,,0.5,True,0.1,exemplar_mean,0.07452289246612442,350.2652468204426,388.3397304291554,8.0631163308223,74.73958333333333,64.34375,36.3125,42.88854166666666
6,mi,0.0003162277660168,1.0,10.0,1.0,,0.5,True,0.1,exemplar_mean,0.1416790618506738,337.31764694746704,388.65434604192416,11.83814400602641,62.59375,47.927083333333336,18.05208333333333,25.93541666666666
6,mi,0.001,1.0,10.0,1.0,,0.5,True,0.1,exemplar_mean,0.20593921343393445,324.4449983407879,381.2931298312396,18.33348799718888,50.57291666666666,26.697916666666668,8.708333333333334,14.925
6,mi,0.0031622776601683,1.0,10.0,1.0,,0.5,True,0.1,exemplar_mean,0.23061164138091034,319.36477575554414,374.7163527526863,33.445110402088396,30.072916666666668,15.125,5.364583333333333,9.191666666666666
6,mi,0.01,1.0,10.0,1.0,,0.5,True,0.1,exemplar_mean,0.21763041559128957,322.04768959259957,375.98498380054446,50.9522640306715,19.010416666666668,8.9375,3.6354166666666665,5.321875
6,mi,0.0316227766016837,1.0,10.0,1.0,,0.5,True,0.1,exemplar_mean,0.18000207965818169,329.701242724933,380.67396686375594,81.70157872347991,10.958333333333334,5.625,2.739583333333333,3.4
6,mi,0.1,1.0,10.0,1.0,,0.5,True,0.1,exemplar_mean,0.21404157272282248,322.7854842214972,380.3035728161637,143.3028383442402,6.979166666666667,4.072916666666667,1.75,2.442708333333333
6,mi,0.3162277660168379,1.0,10.0,1.0,,0.5,True,0.1,exemplar_mean,0.16927673954406097,331.8504371916859,386.4604928058281,247.75794298491962,3.7083333333333335,3.0104166666666665,1.3854166666666667,1.86875
6,mi_concept,3.1622776601683795e-05,1.0,10.0,1.0,,0.5,True,0.1,exemplar_mean,0.10582718611952126,344.2904207595144,387.65682302639186,61.13092394018952,18.8125,15.739583333333334,11.052083333333334,12.521875
6,mi_concept,0.0001,1.0,10.0,1.0,,0.5,True,0.1,exemplar_mean,0.16354551554969002,332.9932004866823,385.3856887344699,95.38997182155063,13.697916666666666,11.53125,7.552083333333333,8.70625
6,mi_concept,0.0003162277660168,1.0,10.0,1.0,,0.5,True,0.1,exemplar_mean,0.17529944515256618,330.64529867958504,384.94435350830815,139.63906324721984,9.333333333333334,7.572916666666667,5.041666666666667,5.967708333333334
6,mi_concept,0.001,1.0,10.0,1.0,,0.5,True,0.1,exemplar_mean,0.16785300199499723,332.13468688633543,384.11394261035747,167.2529145697804,7.052083333333333,5.427083333333333,3.125,3.954166666666667
6,mi_concept,0.0031622776601683,1.0,10.0,1.0,,0.5,True,0.1,exemplar_mean,0.17094135213579303,331.51778765135606,385.07522454028594,201.3490407272167,5.364583333333333,3.9270833333333335,2.3854166666666665,2.791666666666667
6,mi_concept,0.01,1.0,10.0,1.0,,0.5,True,0.1,exemplar_mean,0.14836721996158242,336.00086339026365,385.0092623248688,266.80852027475254,3.8333333333333335,2.8854166666666665,1.6354166666666667,2.0322916666666666
6,mi_concept,0.0316227766016837,1.0,10.0,1.0,,0.5,True,0.1,exemplar_mean,0.12037007882022122,341.47916084717974,391.1004363757507,397.6132856132583,2.5,2.1979166666666665,1.40625,1.5864583333333333
6,mi_concept,0.1,1.0,10.0,1.0,,0.5,True,0.1,exemplar_mean,0.05678515872825442,353.6059152766699,387.3363442876403,499.2830140882794,1.6770833333333333,1.6041666666666667,1.15625,1.2885416666666667
6,mi_concept,0.3162277660168379,1.0,10.0,1.0,,0.5,True,0.1,exemplar_mean,0.019385242019634753,360.5482742138496,374.2659046312351,576.7523298398833,1.28125,1.2708333333333333,1.0729166666666667,1.15
6,surprisal_b,0.01,1.0,10.0,1.0,,0.5,True,0.1,exemplar_mean,,,,,80.0,80.0,80.0,80.0
6,surprisal_b,0.0273841963426436,1.0,10.0,1.0,,0.5,True,0.1,exemplar_mean,4.851031964053587e-05,364.09457553176964,380.41197241514664,-1.1200412982254613,70.84375,70.64583333333333,63.125,67.85729166666667
6,surprisal_b,0.0749894209332455,1.0,10.0,1.0,,0.5,True,0.1,exemplar_mean,0.0077530337028728575,362.68041042327167,368.9062595970785,11.862105318675564,51.07291666666666,51.78125,51.34375,52.075
6,surprisal_b,0.2053525026457146,1.0,10.0,1.0,,0.5,True,0.1,exemplar_mean,0.01753963846606603,364.09457553176964,361.7819919288207,-17.601291947928637,27.09375,30.1875,31.15625,28.942708333333332
6,surprisal_b,0.5623413251903491,1.0,10.0,1.0,,0.5,True,0.1,exemplar_mean,0.015198304001856944,361.31717214997485,389.1730630856672,34.39002977250023,13.927083333333334,15.208333333333334,10.510416666666666,11.925
6,surprisal_b,1.539926526059492,1.0,10.0,1.0,,0.5,True,0.1,exemplar_mean,0.1612728914002864,333.44526038378,358.1366261889508,283.3062953939309,5.989583333333333,5.59375,4.989583333333333,5.394791666666666
6,surprisal_b,4.216965034285822,1.0,10.0,1.0,,0.5,True,0.1,exemplar_mean,0.39730538297751783,282.6590304362316,291.94440451449464,1050.850123361459,3.0729166666666665,2.2916666666666665,2.708333333333333,2.7
6,surprisal_b,11.547819846894582,1.0,10.0,1.0,,0.5,True,0.1,exemplar_mean,0.007451524592091791,362.73550917690915,392.07106882869135,330.60165104333436,1.6666666666666667,1.5,1.5,1.5708333333333333
6,surprisal_b,31.622776601683796,1.0,10.0,1.0,,0.5,True,0.1,exemplar_mean,3.895673322596275e-05,364.0874834950743,368.4872060391012,46.36413019563257,1.3229166666666667,1.15625,1.2916666666666667,1.2104166666666667
7,eig_code,3.162277660168379e-06,1.0,10.0,1.0,,0.5,True,0.2,exemplar_mean,,,,,80.0,80.0,80.0,80.0
7,eig_code,1e-05,1.0,10.0,1.0,,0.5,True,0.2,exemplar_mean,0.033298290608903845,357.98139155705627,389.1294911534628,23.083730852162727,79.95833333333333,79.54166666666667,71.28125,73.84895833333334
7,eig_code,3.1622776601683795e-05,1.0,10.0,1.0,,0.5,True,0.2,exemplar_mean,0.09308289324553101,346.73525812431023,389.9047185520871,19.89169846248548,77.85416666666667,71.32291666666667,58.46875,64.63645833333334
7,eig_code,0.0001,1.0,10.0,1.0,,0.5,True,0.2,exemplar_mean,0.06040931745342528,352.925923140932,389.0031920080324,8.68286634910376,73.25,62.79166666666666,39.88541666666666,47.465625
7,eig_code,0.0003162277660168,1.0,10.0,1.0,,0.5,True,0.2,exemplar_mean,0.11925002961132856,341.696497581388,389.44525619582765,10.81000325856216,67.39583333333333,52.91666666666666,23.70833333333333,30.009375
7,eig_code,0.001,1.0,10.0,1.0,,0.5,True,0.2,exemplar_mean,0.22452928436200414,320.6246509544372,370.0076524236277,20.653182732760857,50.46875,30.166666666666668,12.270833333333334,18.213541666666664
7,eig_code,0.0031622776601683,1.0,10.0,1.0,,0.5,True,0.2,exemplar_mean,0.1889123379257332,327.90505076191243,384.8926991321943,30.009879497282423,30.572916666666668,17.90625,7.59375,10.559375
7,eig_code,0.01,1.0,10.0,1.0,,0.5,True,0.2,exemplar_mean,0.17638023144630352,330.42856906639685,380.7035986575075,51.01432107906815,18.541666666666668,9.625,5.1875,6.345833333333333
7,eig_code,0.0316227766016837,1.0,10.0,1.0,,0.5,True,0.2,exemplar_mean,0.19570771878984608,326.52854944512734,377.7481497843791,84.3505679877892,11.677083333333334,6.114583333333333,2.8229166666666665,3.8624999999999994
7,kl,3.162277660168379e-06,1.0,10.0,1.0,,0.5,True,0.2,exemplar_mean,0.16284265696358383,333.1330753923764,365.7376397082336,51.17682733279751,79.46875,77.30208333333333,68.16666666666667,74.30000000000001
7,kl,1e-05,1.0,10.0,1.0,,0.5,True,0.2,exemplar_mean,0.05482015089738281,353.97405880447724,384.23725351584835,11.639066206313837,76.84375,72.98958333333333,53.802083333333336,64.18645833333332
7,kl,3.1622776601683795e-05,1.0,10.0,1.0,,0.5,True,0.2,exemplar_mean,0.1233808245922583,340.89426249400873,388.82717390496595,12.669556837084237,75.38541666666667,65.84375,36.0,47.2875
7,kl,0.0001,1.0,10.0,1.0,,0.5,True,0.2,exemplar_mean,0.10210817431898796,345.0056580770603,388.5817531400609,10.067331680306383,65.20833333333333,50.020833333333336,20.916666666666668,29.40625
7,kl,0.0003162277660168,1.0,10.0,1.0,,0.5,True,0.2,exemplar_mean,0.2239943622155894,320.7352158386548,378.5753191087985,20.584838432939453,50.72916666666666,27.041666666666668,12.427083333333334,18.637500000000003
7,kl,0.001,1.0,10.0,1.0,,0.5,True,0.2,exemplar_mean,0.19212395773783728,327.2552129220053,380.8621800103544,31.51183377734182,31.197916666666668,18.30208333333333,8.677083333333334,11.088541666666666
7,kl,0.0031622776601683,1.0,10.0,1.0,,0.5,True,0.2,exemplar_mean,0.24421285968706197,316.52932943683766,373.18242889116897,52.04413196842431,21.33333333333333,10.739583333333334,5.270833333333333,7.006249999999999
7,kl,0.01,1.0,10.0,1.0,,0.5,True,0.2,exemplar_mean,0.2398401756474435,317.4436653029503,371.04841575131235,101.98432922235929,11.3125,7.333333333333333,3.53125,4.632291666666665
7,kl,0.0316227766016837,1.0,10.0,1.0,,0.5,True,0.2,exemplar_mean,0.23435190474405873,318.5875586154389,377.2199229780672,156.67077571775258,7.041666666666667,4.385416666666667,2.364583333333333,2.935416666666667
7,mi,3.1622776601683795e-05,1.0,10.0,1.0,,0.5,True,0.2,exemplar_mean,0.11354878884391126,342.8006427111198,382.8591150393152,15.524478518356068,79.34375,74.76041666666667,49.85416666666666,62.18854166666667
7,mi,0.0001,1.0,10.0,1.0,,0.5,True,0.2,exemplar_mean,0.10086647055032501,345.2441315813417,387.80157315627395,9.725761304339118,74.04166666666667,62.09375,33.125,45.68749999999999
7,mi,0.0003162277660168,1.0,10.0,1.0,,0.5,True,0.2,exemplar_mean,0.2267634800752783,320.16244464000545,375.5571350210709,15.092002681432389,67.23958333333333,43.47916666666666,17.708333333333332,29.071875000000006
7,mi,0.001,1.0,10.0,1.0,,0.5,True,0.2,exemplar_mean,0.22144609302410484,321.26140388709285,377.906718859514,19.30589245610702,50.53125,27.67708333333333,9.927083333333334,15.880208333333334
7,mi,0.0031622776601683,1.0,10.0,1.0,,0.5,True,0.2,exemplar_mean,0.2342743501294124,318.6036935146443,373.0482606245146,31.464669231369015,33.145833333333336,15.125,6.59375,9.377083333333335
7,mi,0.01,1.0,10.0,1.0,,0.5,True,0.2,exemplar_mean,0.17045344611978222,331.61532341241696,385.9211595591287,54.30396071079223,16.25,10.229166666666666,4.229166666666667,5.729166666666667
7,mi,0.0316227766016837,1.0,10.0,1.0,,0.5,True,0.2,exemplar_mean,0.21782953238377972,322.00670564791795,376.7798083814624,83.42750754476761,11.854166666666666,5.6875,2.6354166666666665,3.453125
7,mi,0.1,1.0,10.0,1.0,,0.5,True,0.2,exemplar_mean,0.19447899431092594,326.7778745435217,381.90306060930044,153.086983578323,6.354166666666667,4.020833333333333,1.6145833333333333,2.473958333333333
7,mi,0.3162277660168379,1.0,10.0,1.0,,0.5,True,0.2,exemplar_mean,0.15988195126180135,333.72163768182367,384.4868391415111,243.74114210894848,3.9166666666666665,2.614583333333333,1.46875,1.7572916666666667
7,mi_concept,3.1622776601683795e-05,1.0,10.0,1.0,,0.5,True,0.2,exemplar_mean,0.16305201267690664,333.0914179464404,383.2269756431736,51.3807971680197,28.4375,23.61458333333333,18.14583333333333,20.25
7,mi_concept,0.0001,1.0,10.0,1.0,,0.5,True,0.2,exemplar_mean,0.1430351652529498,337.05106925301453,390.9433286382913,66.69664912868804,19.375,17.760416666666668,11.208333333333334,13.636458333333334
7,mi_concept,0.0003162277660168,1.0,10.0,1.0,,0.5,True,0.2,exemplar_mean,0.18207929158260894,329.2833796998493,375.2289241264269,99.86506013083087,13.416666666666666,11.302083333333334,7.520833333333333,9.283333333333335
7,mi_concept,0.001,1.0,10.0,1.0,,0.5,True,0.2,exemplar_mean,0.09613726937242796,346.150886584292,389.2095385338653,93.11482217420172,9.447916666666666,8.208333333333334,5.09375,5.8427083333333325
7,mi_concept,0.0031622776601683,1.0,10.0,1.0,,0.5,True,0.2,exemplar_mean,0.1246841257734387,340.64075836987297,385.5562447628764,169.53211273719512,6.197916666666667,5.333333333333333,3.552083333333333,3.975
7,mi_concept,0.01,1.0,10.0,1.0,,0.5,True,0.2,exemplar_mean,0.15027470260014042,335.62436596617965,389.05793092289383,288.9142557832327,4.135416666666667,3.6666666666666665,2.1875,2.798958333333333
7,mi_concept,0.0316227766016837,1.0,10.0,1.0,,0.5,True,0.2,exemplar_mean,0.20408549568010226,324.82348249894653,377.9354864706921,499.9163033538309,2.895833333333333,2.34375,1.625,1.9
7,mi_concept,0.1,1.0,10.0,1.0,,0.5,True,0.2,exemplar_mean,0.10264177586785878,344.90312740043396,383.9353861746985,663.3256909935366,1.8125,1.6666666666666667,1.2083333333333333,1.39375
7,mi_concept,0.3162277660168379,1.0,10.0,1.0,,0.5,True,0.2,exemplar_mean,0.019569780329521554,360.5143474861759,383.822363643986,726.767814793528,1.3125,1.3125,1.0729166666666667,1.1479166666666667
7,surprisal_b,0.01,1.0,10.0,1.0,,0.5,True,0.2,exemplar_mean,0.10386564540551776,364.09457553176964,360.26577905524965,-72.1988244982082,72.60416666666667,76.40625,74.53125,73.28333333333333
7,surprisal_b,0.0273841963426436,1.0,10.0,1.0,,0.5,True,0.2,exemplar_mean,0.003569119298526286,364.09457553176964,371.4387875477115,-9.519068379482242,64.1875,63.8125,60.3125,64.578125
7,surprisal_b,0.0749894209332455,1.0,10.0,1.0,,0.5,True,0.2,exemplar_mean,0.003501738292709819,363.4565345201116,365.3002396243193,7.656714955292265,44.84375,46.614583333333336,46.15625,47.23854166666667
7,surprisal_b,0.2053525026457146,1.0,10.0,1.0,,0.5,True,0.2,exemplar_mean,0.02008275525181083,360.42002205019276,411.91922086621054,23.78303881099236,27.48958333333333,25.572916666666668,21.46875,24.71770833333333
7,surprisal_b,0.5623413251903491,1.0,10.0,1.0,,0.5,True,0.2,exemplar_mean,0.11535197365392515,342.45180931247324,353.61876861178143,128.84822748546497,11.260416666666666,10.145833333333334,10.166666666666666,10.281249999999998
7,surprisal_b,1.539926526059492,1.0,10.0,1.0,,0.5,True,0.2,exemplar_mean,0.03882921820619008,356.9558376871011,377.5220084134177,177.48330624273635,4.291666666666667,5.25,3.7916666666666665,4.393750000000001
7,surprisal_b,4.216965034285822,1.0,10.0,1.0,,0.5,True,0.2,exemplar_mean,0.07979820036148086,349.2655475106889,357.1808426659686,614.9072222222129,2.333333333333333,2.375,2.114583333333333,2.2447916666666665
7,surprisal_b,11.547819846894582,1.0,10.0,1.0,,0.5,True,0.2,exemplar_mean,0.016356654655084773,364.09457553176964,361.0410604723506,-500.24408941663063,1.4583333333333333,1.53125,1.46875,1.403125
7,surprisal_b,31.622776601683796,1.0,10.0,1.0,,0.5,True,0.2,exemplar_mean,0.04313446422549401,364.09457553176964,360.26577905524965,-2327.492522111872,1.15625,1.15625,1.1458333333333333,1.1427083333333334
