setting,metric,world_EIGs,V_prior,alpha_prior,beta_prior,eps_fixed,sd_epsilon,infer_eps,sigma_true,window,cond_r2,cond_rmse,n_cond,cond_b,bg1,bg2,bg11,dev1,dev5,dev10
0,mi_concept,3.1622776601683795e-05,3.0,1.0,0.003,,0.5,True,0.1,exemplar_mean,0.7767141074249968,195.7679982935154,75,48.42955786560368,58.375,47.395833333333336,32.760416666666664,53.76041666666666,50.10416666666666,50.71875
0,mi_concept,0.0001,3.0,1.0,0.003,,0.5,True,0.1,exemplar_mean,0.692423018214386,227.34419491531716,75,65.05716983338645,40.04166666666666,33.114583333333336,21.46875,34.520833333333336,33.385416666666664,31.3125
0,mi_concept,0.0003162277660168,3.0,1.0,0.003,,0.5,True,0.1,exemplar_mean,0.8124809095422432,174.32259341152638,75,104.58646070307233,27.229166666666668,20.572916666666668,13.989583333333334,21.979166666666668,20.916666666666668,19.979166666666668
0,mi_concept,0.001,3.0,1.0,0.003,,0.5,True,0.1,exemplar_mean,0.6410944732434632,246.7527860549654,75,158.04789725129967,16.15625,13.885416666666666,8.395833333333334,15.40625,13.020833333333334,12.947916666666666
0,mi_concept,0.0031622776601683,3.0,1.0,0.003,,0.5,True,0.1,exemplar_mean,0.5008123098591916,290.6176891665445,75,206.31183772929248,9.96875,8.854166666666666,5.927083333333333,8.666666666666666,7.65625,6.645833333333333
0,mi_concept,0.01,3.0,1.0,0.003,,0.5,True,0.1,exemplar_mean,0.000971732009618568,407.3334836239689,75,-17.568849976266645,4.229166666666667,5.979166666666667,2.802083333333333,5.885416666666667,3.9479166666666665,4.260416666666667
0,mi_concept,0.0316227766016837,3.0,1.0,0.003,,0.5,True,0.1,exemplar_mean,0.2435256680672774,407.29263902803655,75,-495.4385686256565,2.0416666666666665,2.895833333333333,2.364583333333333,3.0,3.0104166666666665,2.364583333333333
0,mi_concept,0.1,3.0,1.0,0.003,,0.5,True,0.1,exemplar_mean,0.5330477578746686,407.29263902803655,75,-1033.1798268053872,1.1145833333333333,1.5625,1.6145833333333333,1.4270833333333333,1.8125,1.9166666666666667
0,mi_concept,0.3162277660168379,3.0,1.0,0.003,,0.5,True,0.1,exemplar_mean,0.4066877368854954,407.29263902803655,75,-1988.555044261752,1.0520833333333333,1.1041666666666667,1.3229166666666667,1.1041666666666667,1.375,1.2916666666666667
0,mi_concept,1.0,3.0,1.0,0.003,,0.5,True,0.1,exemplar_mean,0.12666633204971592,407.29263902803655,75,-2309.1544570446085,1.03125,1.03125,1.1875,1.0416666666666667,1.1145833333333333,1.0833333333333333
0,mi_concept,3.1622776601683795,3.0,1.0,0.003,,0.5,True,0.1,exemplar_mean,0.09167580868483129,407.29263902803655,75,-5154.909276016578,1.0208333333333333,1.03125,1.1458333333333333,1.03125,1.0416666666666667,1.0520833333333333
1,mi_concept,3.1622776601683795e-05,3.0,1.0,0.003,,0.5,True,0.2,exemplar_mean,0.4988002981373527,288.81946047754457,75,39.39948338798118,68.53125,65.41666666666667,45.32291666666666,66.625,57.833333333333336,56.5625
1,mi_concept,0.0001,3.0,1.0,0.003,,0.5,True,0.2,exemplar_mean,0.5025032118467232,292.3708822629912,75,42.589727119090284,50.10416666666666,45.65625,26.666666666666668,49.802083333333336,44.489583333333336,38.34375
1,mi_concept,0.0003162277660168,3.0,1.0,0.003,,0.5,True,0.2,exemplar_mean,0.700514119557883,220.91438716751964,75,80.88392030923934,31.979166666666668,26.14583333333333,17.84375,30.59375,26.0625,24.15625
1,mi_concept,0.001,3.0,1.0,0.003,,0.5,True,0.2,exemplar_mean,0.32584173887153955,335.3577066568813,75,106.3892523687474,16.302083333333332,16.302083333333332,12.020833333333334,17.760416666666668,14.479166666666666,12.5
1,mi_concept,0.0031622776601683,3.0,1.0,0.003,,0.5,True,0.2,exemplar_mean,0.08997120624297877,390.583649988027,75,123.24993572334012,8.166666666666666,9.1875,6.729166666666667,8.5625,7.427083333333333,7.21875
1,mi_concept,0.01,3.0,1.0,0.003,,0.5,True,0.2,exemplar_mean,0.21829172588284645,407.29263902803655,75,-390.5634666027136,3.25,4.572916666666667,3.395833333333333,4.90625,4.072916666666667,3.59375
1,mi_concept,0.0316227766016837,3.0,1.0,0.003,,0.5,True,0.2,exemplar_mean,0.5830897682208169,407.29263902803655,75,-1003.7227657537143,1.5,1.90625,2.083333333333333,2.020833333333333,2.270833333333333,2.2291666666666665
1,mi_concept,0.1,3.0,1.0,0.003,,0.5,True,0.2,exemplar_mean,0.26043649683590764,407.29263902803655,75,-878.7589783394311,1.1458333333333333,1.21875,1.5208333333333333,1.3125,1.84375,1.6354166666666667
1,mi_concept,0.3162277660168379,3.0,1.0,0.003,,0.5,True,0.2,exemplar_mean,0.28276121744563054,407.29263902803655,75,-2684.194688559183,1.0729166666666667,1.15625,1.3333333333333333,1.0416666666666667,1.15625,1.1875
1,mi_concept,1.0,3.0,1.0,0.003,,0.5,True,0.2,exemplar_mean,0.049156881501048764,407.29263902803655,75,-2988.454329161817,1.0,1.0,1.03125,1.0416666666666667,1.0729166666666667,1.1041666666666667
1,mi_concept,3.1622776601683795,3.0,1.0,0.003,,0.5,True,0.2,exemplar_mean,0.2325753639277281,407.29263902803655,75,-10524.015498394338,1.0,1.0104166666666667,1.0520833333333333,1.0104166666666667,1.0104166666666667,1.0104166666666667
2,mi_concept,3.1622776601683795e-05,3.0,1.0,0.003,,1.0,True,0.1,exemplar_mean,0.6872405192923376,230.25187054601324,75,46.38562348657779,57.53125,48.96875,38.15625,50.375,46.76041666666666,50.57291666666666
2,mi_concept,0.0001,3.0,1.0,0.003,,1.0,True,0.1,exemplar_mean,0.6831554195011124,231.31223362606747,75,74.95155128520476,37.875,33.302083333333336,22.010416666666668,35.0,32.0625,30.86458333333333
2,mi_concept,0.0003162277660168,3.0,1.0,0.003,,1.0,True,0.1,exemplar_mean,0.7365813275443227,212.32241890833816,75,96.97325091056425,26.92708333333333,20.08333333333333,13.0,25.1875,20.229166666666668,20.71875
2,mi_concept,0.001,3.0,1.0,0.003,,1.0,True,0.1,exemplar_mean,0.48673989479832463,293.9172308590375,75,129.79485969108538,15.59375,13.802083333333334,8.791666666666666,15.927083333333334,12.46875,12.104166666666666
2,mi_concept,0.0031622776601683,3.0,1.0,0.003,,1.0,True,0.1,exemplar_mean,0.09512480097071825,389.80609010144155,75,100.76655439521676,8.052083333333334,9.4375,5.78125,9.041666666666666,7.427083333333333,7.770833333333333
2,mi_concept,0.01,3.0,1.0,0.003,,1.0,True,0.1,exemplar_mean,0.10311590901924195,407.29263902803655,75,-181.83325945896792,3.40625,5.333333333333333,3.34375,5.5625,4.604166666666667,4.385416666666667
2,mi_concept,0.0316227766016837,3.0,1.0,0.003,,1.0,True,0.1,exemplar_mean,0.28496435975386525,407.29263902803655,75,-368.9587899742418,1.6458333333333333,2.25,2.364583333333333,2.270833333333333,3.0104166666666665,2.78125
2,mi_concept,0.1,3.0,1.0,0.003,,1.0,True,0.1,exemplar_mean,0.4926920105781355,407.29263902803655,75,-1121.1534457537605,1.1770833333333333,1.46875,1.6666666666666667,1.3020833333333333,1.8645833333333333,1.5
2,mi_concept,0.3162277660168379,3.0,1.0,0.003,,1.0,True,0.1,exemplar_mean,0.4944768286150602,407.29263902803655,75,-2051.606289495602,1.0,1.1145833333333333,1.5,1.0833333333333333,1.2916666666666667,1.34375
2,mi_concept,1.0,3.0,1.0,0.003,,1.0,True,0.1,exemplar_mean,0.14311264218811598,407.29263902803655,75,-2478.0152852590854,1.03125,1.0416666666666667,1.1354166666666667,1.03125,1.1145833333333333,1.1041666666666667
2,mi_concept,3.1622776601683795,3.0,1.0,0.003,,1.0,True,0.1,exemplar_mean,0.029281910326513727,407.29263902803655,75,-2825.485399741394,1.0104166666666667,1.0,1.09375,1.0104166666666667,1.0104166666666667,1.0625
3,mi_concept,3.1622776601683795e-05,3.0,1.0,0.003,,1.0,True,0.2,exemplar_mean,0.4226197560951265,311.69063848708885,75,37.78726097062744,67.75,65.38541666666667,44.520833333333336,62.32291666666666,58.21875,54.583333333333336
3,mi_concept,0.0001,3.0,1.0,0.003,,1.0,True,0.2,exemplar_mean,0.6748217461747266,227.5782444068953,75,45.53534897580204,53.51041666666666,44.65625,28.03125,51.72916666666666,42.91666666666666,35.666666666666664
3,mi_concept,0.0003162277660168,3.0,1.0,0.003,,1.0,True,0.2,exemplar_mean,0.4622315889489038,302.7753781698088,75,58.90257607075439,31.14583333333333,29.260416666666668,17.09375,32.260416666666664,22.58333333333333,22.666666666666668
3,mi_concept,0.001,3.0,1.0,0.003,,1.0,True,0.2,exemplar_mean,0.2815042052980815,348.7818124428061,75,91.93872640376767,16.864583333333332,17.104166666666668,10.15625,16.78125,14.739583333333334,12.34375
3,mi_concept,0.0031622776601683,3.0,1.0,0.003,,1.0,True,0.2,exemplar_mean,0.06807772351253188,407.29263902803655,75,-107.42691986349516,6.458333333333333,9.041666666666666,5.302083333333333,9.239583333333334,8.052083333333334,6.0625
3,mi_concept,0.01,3.0,1.0,0.003,,1.0,True,0.2,exemplar_mean,0.3045696873308623,407.29263902803655,75,-329.9226633480572,3.0625,4.552083333333333,3.4166666666666665,4.270833333333333,3.9583333333333335,3.53125
3,mi_concept,0.0316227766016837,3.0,1.0,0.003,,1.0,True,0.2,exemplar_mean,0.6349595211285604,407.29263902803655,75,-860.0190188685422,1.3645833333333333,1.9895833333333333,2.3854166666666665,1.71875,2.1666666666666665,1.9583333333333333
3,mi_concept,0.1,3.0,1.0,0.003,,1.0,True,0.2,exemplar_mean,0.3141506986938495,407.29263902803655,75,-1155.4334219041398,1.1041666666666667,1.3020833333333333,1.375,1.1354166666666667,1.5729166666666667,1.4270833333333333
3,mi_concept,0.3162277660168379,3.0,1.0,0.003,,1.0,True,0.2,exemplar_mean,0.3213063492852526,407.29263902803655,75,-2974.8839023329297,1.03125,1.0729166666666667,1.28125,1.09375,1.1458333333333333,1.2604166666666667
3,mi_concept,1.0,3.0,1.0,0.003,,1.0,True,0.2,exemplar_mean,0.10877271545240322,407.29263902803655,75,-4067.687492590333,1.0104166666666667,1.03125,1.1041666666666667,1.0104166666666667,1.1041666666666667,1.0833333333333333
3,mi_concept,3.1622776601683795,3.0,1.0,0.003,,1.0,True,0.2,exemplar_mean,0.05722507648376999,407.29263902803655,75,-5872.113221549303,1.0104166666666667,1.0,1.0416666666666667,1.0,1.0,1.03125
4,mi_concept,3.1622776601683795e-05,3.0,1.0,0.01,,0.5,True,0.1,exemplar_mean,0.667689649918745,238.00095562281064,75,58.75516530418221,45.22916666666666,39.40625,28.625,37.552083333333336,39.54166666666666,37.739583333333336
4,mi_concept,0.0001,3.0,1.0,0.01,,0.5,True,0.1,exemplar_mean,0.7338497060625881,214.20684369935447,75,113.15939399227294,29.34375,25.86458333333333,19.6875,26.322916666666668,25.885416666666668,25.197916666666668
4,mi_concept,0.0003162277660168,3.0,1.0,0.01,,0.5,True,0.1,exemplar_mean,0.5198060567080498,290.80664967118105,75,144.11214600136788,18.416666666666668,16.90625,12.53125,17.25,15.375,16.6875
4,mi_concept,0.001,3.0,1.0,0.01,,0.5,True,0.1,exemplar_mean,0.48413836370015023,293.8049611536745,75,230.80664595810939,11.697916666666666,10.46875,8.21875,10.791666666666666,10.197916666666666,8.802083333333334
4,mi_concept,0.0031622776601683,3.0,1.0,0.01,,0.5,True,0.1,exemplar_mean,0.3302881361180234,332.4304449910482,75,257.6402181458721,7.40625,7.625,4.90625,7.5625,6.59375,6.5625
4,mi_concept,0.01,3.0,1.0,0.01,,0.5,True,0.1,exemplar_mean,0.15244599057660135,379.44285773959166,75,525.3877354568361,4.03125,4.083333333333333,3.1354166666666665,4.583333333333333,3.84375,3.59375
4,mi_concept,0.0316227766016837,3.0,1.0,0.01,,0.5,True,0.1,exemplar_mean,0.08863424398425661,407.29263902803655,75,-461.0986738681625,2.1875,2.614583333333333,2.0,2.645833333333333,2.4375,2.09375
4,mi_concept,0.1,3.0,1.0,0.01,,0.5,True,0.1,exemplar_mean,0.30413805895674584,407.29263902803655,75,-2229.923957361782,1.4270833333333333,1.65625,1.4270833333333333,1.5416666666666667,1.6354166666666667,1.5104166666666667
4,mi_concept,0.3162277660168379,3.0,1.0,0.01,,0.5,True,0.1,exemplar_mean,0.4025176233424983,407.29263902803655,75,-3417.5681746953373,1.09375,1.2083333333333333,1.1979166666666667,1.1770833333333333,1.2708333333333333,1.2291666666666667
4,mi_concept,1.0,3.0,1.0,0.01,,0.5,True,0.1,exemplar_mean,0.3984804995790558,407.29263902803655,75,-5906.5656778880875,1.0208333333333333,1.0729166666666667,1.1354166666666667,1.0520833333333333,1.1458333333333333,1.0625
4,mi_concept,3.1622776601683795,3.0,1.0,0.01,,0.5,True,0.1,exemplar_mean,0.312191922717206,407.29263902803655,75,-10297.55351977321,1.0,1.0104166666666667,1.03125,1.0208333333333333,1.0520833333333333,1.09375
5,mi_concept,3.1622776601683795e-05,3.0,1.0,0.01,,0.5,True,0.2,exemplar_mean,0.5433684448271018,278.4696590997287,75,59.48689629191883,56.46875,54.708333333333336,39.1875,53.72916666666666,52.583333333333336,51.79166666666666
5,mi_concept,0.0001,3.0,1.0,0.01,,0.5,True,0.2,exemplar_mean,0.6431225025272644,243.88901013928336,75,64.04556129987911,43.3125,35.854166666666664,25.83333333333333,37.09375,33.802083333333336,29.041666666666668
5,mi_concept,0.0003162277660168,3.0,1.0,0.01,,0.5,True,0.2,exemplar_mean,0.35302081902686167,327.7061040867031,75,83.4311537624041,24.5625,24.17708333333333,16.677083333333332,23.45833333333333,20.80208333333333,17.520833333333332
5,mi_concept,0.001,3.0,1.0,0.01,,0.5,True,0.2,exemplar_mean,0.5439590859030606,272.40296372620617,75,148.71630350339834,16.65625,14.072916666666666,9.15625,15.979166666666666,13.364583333333334,9.625
5,mi_concept,0.0031622776601683,3.0,1.0,0.01,,0.5,True,0.2,exemplar_mean,0.002230501465230592,411.40708029803534,75,22.747468757826876,7.375,8.541666666666666,5.625,8.114583333333334,7.46875,6.302083333333333
5,mi_concept,0.01,3.0,1.0,0.01,,0.5,True,0.2,exemplar_mean,7.063420333071929e-05,409.6962215901639,75,9.945496702084444,4.270833333333333,4.6875,3.8229166666666665,4.552083333333333,4.760416666666667,3.5625
5,mi_concept,0.0316227766016837,3.0,1.0,0.01,,0.5,True,0.2,exemplar_mean,0.3821456034843772,407.29263902803655,75,-1180.5750398060447,2.0416666666666665,2.427083333333333,2.15625,2.34375,2.395833333333333,2.0416666666666665
5,mi_concept,0.1,3.0,1.0,0.01,,0.5,True,0.2,exemplar_mean,0.3589401730353152,407.29263902803655,75,-3101.564225068717,1.4479166666666667,1.65625,1.75,1.5,1.6666666666666667,1.5104166666666667
5,mi_concept,0.3162277660168379,3.0,1.0,0.01,,0.5,True,0.2,exemplar_mean,0.3112887228955595,407.29263902803655,75,-2680.2474099918168,1.0833333333333333,1.1354166666666667,1.3333333333333333,1.1145833333333333,1.25,1.2708333333333333
5,mi_concept,1.0,3.0,1.0,0.01,,0.5,True,0.2,exemplar_mean,0.266177923683364,407.29263902803655,75,-5386.617070626988,1.0208333333333333,1.0520833333333333,1.1666666666666667,1.0625,1.125,1.1354166666666667
5,mi_concept,3.1622776601683795,3.0,1.0,0.01,,0.5,True,0.2,exemplar_mean,0.0015715702725695125,408.51725504273384,75,1225.277106991207,1.0416666666666667,1.0208333333333333,1.0416666666666667,1.0104166666666667,1.03125,1.0208333333333333
6,mi_concept,3.1622776601683795e-05,3.0,1.0,0.01,,1.0,True,0.1,exemplar_mean,0.6024221199289176,260.9208107336034,75,76.87989082927292,41.239583333333336,39.395833333333336,29.229166666666668,40.614583333333336,37.114583333333336,40.82291666666666
6,mi_concept,0.0001,3.0,1.0,0.01,,1.0,True,0.1,exemplar_mean,0.7327790037366666,213.83335312186722,75,113.88846194575312,29.510416666666668,23.979166666666668,21.416666666666668,26.760416666666668,25.84375,25.58333333333333
6,mi_concept,0.0003162277660168,3.0,1.0,0.01,,1.0,True,0.1,exemplar_mean,0.5741536035654761,269.3077678178592,75,171.76134677576476,17.59375,15.916666666666666,11.510416666666666,17.739583333333332,15.46875,16.072916666666668
6,mi_concept,0.001,3.0,1.0,0.01,,1.0,True,0.1,exemplar_mean,0.5274973175721944,285.4673145571469,75,235.37710629111285,11.385416666666666,10.958333333333334,7.854166666666667,12.520833333333334,9.729166666666666,10.84375
6,mi_concept,0.0031622776601683,3.0,1.0,0.01,,1.0,True,0.1,exemplar_mean,0.19323438173343274,364.21980384890253,75,236.1707664564179,6.90625,7.53125,5.010416666666667,7.864583333333333,5.979166666666667,6.46875
6,mi_concept,0.01,3.0,1.0,0.01,,1.0,True,0.1,exemplar_mean,0.018562546930840848,405.9091563916398,75,113.93800468897354,3.9375,4.760416666666667,3.395833333333333,4.510416666666667,4.072916666666667,3.2604166666666665
6,mi_concept,0.0316227766016837,3.0,1.0,0.01,,1.0,True,0.1,exemplar_mean,0.40277471594747294,407.29263902803655,75,-756.9705531241273,1.65625,2.552083333333333,2.0416666666666665,2.4375,2.5625,2.3854166666666665
6,mi_concept,0.1,3.0,1.0,0.01,,1.0,True,0.1,exemplar_mean,0.598729160430403,407.29263902803655,75,-1843.6150948194434,1.2395833333333333,1.4895833333333333,1.6145833333333333,1.6041666666666667,1.6666666666666667,1.6875
6,mi_concept,0.3162277660168379,3.0,1.0,0.01,,1.0,True,0.1,exemplar_mean,0.49477020159519247,407.29263902803655,75,-3351.4389978759896,1.09375,1.21875,1.1770833333333333,1.1458333333333333,1.34375,1.21875
6,mi_concept,1.0,3.0,1.0,0.01,,1.0,True,0.1,exemplar_mean,0.3291281836474113,407.29263902803655,75,-5434.678156952645,1.0,1.0416666666666667,1.1145833333333333,1.0416666666666667,1.1145833333333333,1.0833333333333333
6,mi_concept,3.1622776601683795,3.0,1.0,0.01,,1.0,True,0.1,exemplar_mean,0.0022874998787678095,407.29263902803655,75,-790.1579869575736,1.03125,1.0,1.0625,1.0,1.03125,1.0208333333333333
7,mi_concept,3.1622776601683795e-05,3.0,1.0,0.01,,1.0,True,0.2,exemplar_mean,0.7475441450334227,208.80759774668232,75,69.11999904024881,58.458333333333336,50.38541666666666,35.416666666666664,58.03125,50.583333333333336,51.75
7,mi_concept,0.0001,3.0,1.0,0.01,,1.0,True,0.2,exemplar_mean,0.5754382175568288,268.76934085575374,75,65.37696689124405,40.69791666666666,33.552083333333336,25.59375,39.8125,36.1875,32.770833333333336
7,mi_concept,0.0003162277660168,3.0,1.0,0.01,,1.0,True,0.2,exemplar_mean,0.33436744126044793,333.7327095684506,75,79.62358151987218,23.96875,24.20833333333333,16.270833333333332,22.947916666666668,20.23958333333333,17.791666666666668
7,mi_concept,0.001,3.0,1.0,0.01,,1.0,True,0.2,exemplar_mean,0.6487142693111342,239.90138671948006,75,173.9625074458052,16.0625,13.416666666666666,8.4375,15.572916666666666,11.34375,10.947916666666666
7,mi_concept,0.0031622776601683,3.0,1.0,0.01,,1.0,True,0.2,exemplar_mean,0.003522431917904726,410.57633014817463,75,38.6189352342405,6.885416666666667,7.885416666666667,5.5,8.28125,7.677083333333333,5.802083333333333
7,mi_concept,0.01,3.0,1.0,0.01,,1.0,True,0.2,exemplar_mean,0.28041503780849436,407.29263902803655,75,-430.84428703756913,3.2916666666666665,4.625,3.03125,4.645833333333333,3.8958333333333335,3.96875
7,mi_concept,0.0316227766016837,3.0,1.0,0.01,,1.0,True,0.2,exemplar_mean,0.2225039489533267,407.29263902803655,75,-777.9124179968901,2.020833333333333,2.09375,2.145833333333333,2.53125,2.614583333333333,1.84375
7,mi_concept,0.1,3.0,1.0,0.01,,1.0,True,0.2,exemplar_mean,0.33464885962299434,407.29263902803655,75,-1401.8011049144473,1.3020833333333333,1.375,1.5416666666666667,1.4375,1.6666666666666667,1.4791666666666667
7,mi_concept,0.3162277660168379,3.0,1.0,0.01,,1.0,True,0.2,exemplar_mean,0.206537604290539,407.29263902803655,75,-2031.9116510055026,1.0625,1.1145833333333333,1.1354166666666667,1.1770833333333333,1.3645833333333333,1.1875
7,mi_concept,1.0,3.0,1.0,0.01,,1.0,True,0.2,exemplar_mean,0.22205947413986254,407.29263902803655,75,-4271.125472895784,1.0,1.03125,1.1875,1.0729166666666667,1.0729166666666667,1.0833333333333333
7,mi_concept,3.1622776601683795,3.0,1.0,0.01,,1.0,True,0.2,exemplar_mean,0.007064985958015536,407.29263902803655,75,-1899.5023838757045,1.0,1.0,1.0520833333333333,1.0208333333333333,1.0104166666666667,1.0520833333333333
8,mi_concept,3.1622776601683795e-05,3.0,1.0,0.03,,0.5,True,0.1,exemplar_mean,0.6663384945669075,233.45692888851676,75,161.21904479346162,29.08333333333333,26.20833333333333,22.885416666666668,28.0,29.541666666666668,29.229166666666668
8,mi_concept,0.0001,3.0,1.0,0.03,,0.5,True,0.1,exemplar_mean,0.7395244861716249,207.79693795484596,75,193.07941588660145,20.479166666666668,18.03125,14.770833333333334,18.70833333333333,19.947916666666668,19.17708333333333
8,mi_concept,0.0003162277660168,3.0,1.0,0.03,,0.5,True,0.1,exemplar_mean,0.6491009933233165,242.9966532641446,75,262.7693358062894,14.1875,12.416666666666666,10.625,12.052083333333334,11.614583333333334,12.354166666666666
8,mi_concept,0.001,3.0,1.0,0.03,,0.5,True,0.1,exemplar_mean,0.6671877617910206,236.38398962195205,75,374.83477774587345,9.489583333333334,8.083333333333334,6.072916666666667,8.947916666666666,7.770833333333333,7.416666666666667
8,mi_concept,0.0031622776601683,3.0,1.0,0.03,,0.5,True,0.1,exemplar_mean,0.4072680892294223,320.44072326354984,75,461.90343326189947,5.802083333333333,5.5625,4.260416666666667,5.416666666666667,5.40625,5.010416666666667
8,mi_concept,0.01,3.0,1.0,0.03,,0.5,True,0.1,exemplar_mean,0.10734206097291607,385.2877158987527,75,355.02230225281716,3.5625,3.6145833333333335,2.7291666666666665,3.90625,3.0729166666666665,2.65625
8,mi_concept,0.0316227766016837,3.0,1.0,0.03,,0.5,True,0.1,exemplar_mean,0.12854639290642375,379.47636349109365,75,755.2828471250707,2.3125,2.15625,1.8958333333333333,2.458333333333333,2.208333333333333,1.90625
8,mi_concept,0.1,3.0,1.0,0.03,,0.5,True,0.1,exemplar_mean,0.09865438749079423,395.6209290307792,75,966.0736750798326,1.6666666666666667,1.75,1.3854166666666667,1.53125,1.4791666666666667,1.4583333333333333
8,mi_concept,0.3162277660168379,3.0,1.0,0.03,,0.5,True,0.1,exemplar_mean,0.06985579624068722,397.3646599127076,75,2162.8694036588868,1.2604166666666667,1.2604166666666667,1.15625,1.1666666666666667,1.21875,1.1666666666666667
8,mi_concept,1.0,3.0,1.0,0.03,,0.5,True,0.1,exemplar_mean,0.32290851998167724,407.29263902803655,75,-7204.240390062229,1.0104166666666667,1.0520833333333333,1.03125,1.0729166666666667,1.09375,1.0520833333333333
8,mi_concept,3.1622776601683795,3.0,1.0,0.03,,0.5,True,0.1,exemplar_mean,0.18228538898993005,407.29263902803655,75,-11303.89121127834,1.0,1.0104166666666667,1.0208333333333333,1.0520833333333333,1.0520833333333333,1.0208333333333333
9,mi_concept,3.1622776601683795e-05,3.0,1.0,0.03,,0.5,True,0.2,exemplar_mean,0.6176686932831451,258.5811640093516,75,137.45811815993744,40.989583333333336,37.864583333333336,32.604166666666664,42.770833333333336,39.677083333333336,39.35416666666666
9,mi_concept,0.0001,3.0,1.0,0.03,,0.5,True,0.2,exemplar_mean,0.835538593158461,166.08446572222562,75,142.6215899588756,31.40625,24.75,22.322916666666668,26.729166666666668,27.625,24.604166666666668
9,mi_concept,0.0003162277660168,3.0,1.0,0.03,,0.5,True,0.2,exemplar_mean,0.2547440678702277,353.77966447011363,75,122.49994349945652,18.15625,18.92708333333333,14.072916666666666,20.375,17.270833333333332,15.34375
9,mi_concept,0.001,3.0,1.0,0.03,,0.5,True,0.2,exemplar_mean,0.32324331235980946,339.656876541765,75,227.97803500231396,11.583333333333334,11.635416666666666,8.697916666666666,11.229166666666666,9.739583333333334,9.416666666666666
9,mi_concept,0.0031622776601683,3.0,1.0,0.03,,0.5,True,0.2,exemplar_mean,0.4115848688186666,314.88192313809043,75,438.1853362680524,7.3125,6.875,5.5,7.364583333333333,6.208333333333333,5.46875
9,mi_concept,0.01,3.0,1.0,0.03,,0.5,True,0.2,exemplar_mean,0.09325062864421152,388.97407575964155,75,360.67388528499794,4.052083333333333,4.260416666666667,3.1041666666666665,4.84375,3.7083333333333335,3.28125
9,mi_concept,0.0316227766016837,3.0,1.0,0.03,,0.5,True,0.2,exemplar_mean,0.02714425425282708,407.29263902803655,75,-409.0040139850258,2.1979166666666665,2.395833333333333,2.0625,2.46875,2.21875,2.1041666666666665
9,mi_concept,0.1,3.0,1.0,0.03,,0.5,True,0.2,exemplar_mean,0.4260601173256855,407.29263902803655,75,-2259.5692538099465,1.4166666666666667,1.5625,1.46875,1.6770833333333333,1.6458333333333333,1.40625
9,mi_concept,0.3162277660168379,3.0,1.0,0.03,,0.5,True,0.2,exemplar_mean,0.015078596616451551,407.29263902803655,75,-1133.762667360745,1.2291666666666667,1.2604166666666667,1.0625,1.34375,1.375,1.1979166666666667
9,mi_concept,1.0,3.0,1.0,0.03,,0.5,True,0.2,exemplar_mean,0.1768512692905773,407.29263902803655,75,-6381.137480521167,1.0416666666666667,1.0520833333333333,1.1041666666666667,1.1145833333333333,1.0729166666666667,1.0833333333333333
9,mi_concept,3.1622776601683795,3.0,1.0,0.03,,0.5,True,0.2,exemplar_mean,0.22129774837329047,407.29263902803655,75,-12478.560702629231,1.0104166666666667,1.0208333333333333,1.0729166666666667,1.0,1.0208333333333333,1.03125
10,mi_concept,3.1622776601683795e-05,3.0,1.0,0.03,,1.0,True,0.1,exemplar_mean,0.6834695569252082,237.31193627483927,75,166.41608852060017,28.95833333333333,25.61458333333333,23.4375,26.416666666666668,27.010416666666668,30.135416666666668
10,mi_concept,0.0001,3.0,1.0,0.03,,1.0,True,0.1,exemplar_mean,0.7327284092436699,215.7813158479856,75,210.03044677496254,20.20833333333333,16.25,15.1875,17.604166666666668,18.28125,17.479166666666668
10,mi_concept,0.0003162277660168,3.0,1.0,0.03,,1.0,True,0.1,exemplar_mean,0.7319920079353988,212.6747815796232,75,348.52063655535073,13.385416666666666,11.875,10.083333333333334,12.416666666666666,12.979166666666666,13.0
10,mi_concept,0.001,3.0,1.0,0.03,,1.0,True,0.1,exemplar_mean,0.6290853890824276,256.53816093293835,75,375.2105810646153,9.416666666666666,7.895833333333333,6.427083333333333,7.989583333333333,7.510416666666667,7.677083333333333
10,mi_concept,0.0031622776601683,3.0,1.0,0.03,,1.0,True,0.1,exemplar_mean,0.5095287191286986,284.98606081789654,75,525.5932820086905,6.020833333333333,5.59375,3.9791666666666665,5.635416666666667,4.65625,4.791666666666667
10,mi_concept,0.01,3.0,1.0,0.03,,1.0,True,0.1,exemplar_mean,0.02504846117441468,405.4202249709183,75,163.96077330897774,3.4166666666666665,3.7291666666666665,2.6979166666666665,3.71875,3.2916666666666665,2.9166666666666665
10,mi_concept,0.0316227766016837,3.0,1.0,0.03,,1.0,True,0.1,exemplar_mean,0.0002963184116065388,409.9615975001569,75,27.886630567042662,2.1979166666666665,2.6666666666666665,1.9166666666666667,2.28125,2.1354166666666665,1.78125
10,mi_concept,0.1,3.0,1.0,0.03,,1.0,True,0.1,exemplar_mean,0.08760618219303021,407.29263902803655,75,-890.358182582645,1.3958333333333333,1.7395833333333333,1.3645833333333333,1.5833333333333333,1.3958333333333333,1.4895833333333333
10,mi_concept,0.3162277660168379,3.0,1.0,0.03,,1.0,True,0.1,exemplar_mean,0.2847720690285149,407.29263902803655,75,-2568.45899818258,1.09375,1.2708333333333333,1.1458333333333333,1.2604166666666667,1.125,1.09375
10,mi_concept,1.0,3.0,1.0,0.03,,1.0,True,0.1,exemplar_mean,0.11515061660924766,407.29263902803655,75,-4235.954330518115,1.0416666666666667,1.0625,1.0520833333333333,1.09375,1.0625,1.03125
10,mi_concept,3.1622776601683795,3.0,1.0,0.03,,1.0,True,0.1,exemplar_mean,0.23054081968467652,407.29263902803655,75,-9948.568280987593,1.0,1.0520833333333333,1.0208333333333333,1.0416666666666667,1.03125,1.03125
11,mi_concept,3.1622776601683795e-05,3.0,1.0,0.03,,1.0,True,0.2,exemplar_mean,0.39033810382120193,320.7563010857036,75,91.01844197227906,40.69791666666666,39.489583333333336,33.8125,38.958333333333336,41.71875,39.38541666666666
11,mi_concept,0.0001,3.0,1.0,0.03,,1.0,True,0.2,exemplar_mean,0.6138307583459889,257.74848634034834,75,133.4238195423535,28.96875,26.67708333333333,21.20833333333333,28.53125,26.125,28.30208333333333
11,mi_concept,0.0003162277660168,3.0,1.0,0.03,,1.0,True,0.2,exemplar_mean,0.6014786277794694,255.52465348778492,75,220.55690983298024,19.17708333333333,16.84375,14.354166666666666,17.302083333333332,17.114583333333332,15.177083333333334
11,mi_concept,0.001,3.0,1.0,0.03,,1.0,True,0.2,exemplar_mean,0.38499733854727347,324.63716801441166,75,260.65150023638586,12.333333333333334,11.135416666666666,8.9375,11.28125,10.833333333333334,9.375
11,mi_concept,0.0031622776601683,3.0,1.0,0.03,,1.0,True,0.2,exemplar_mean,0.04344896777531469,404.5401018740788,75,148.4751469381815,6.6875,7.270833333333333,5.114583333333333,7.041666666666667,6.333333333333333,6.270833333333333
11,mi_concept,0.01,3.0,1.0,0.03,,1.0,True,0.2,exemplar_mean,0.0002198957710337209,407.690395599074,75,-17.156044192623238,3.7604166666666665,4.5,3.0729166666666665,3.90625,3.5625,3.65625
11,mi_concept,0.0316227766016837,3.0,1.0,0.03,,1.0,True,0.2,exemplar_mean,9.216966090793075e-05,407.58717566196344,75,-21.267776729019054,2.270833333333333,2.583333333333333,1.9791666666666667,2.5416666666666665,2.1666666666666665,2.2916666666666665
11,mi_concept,0.1,3.0,1.0,0.03,,1.0,True,0.2,exemplar_mean,0.11315606216526963,407.29263902803655,75,-1572.3961810271396,1.5104166666666667,1.5208333333333333,1.3541666666666667,1.6041666666666667,1.6145833333333333,1.46875
11,mi_concept,0.3162277660168379,3.0,1.0,0.03,,1.0,True,0.2,exemplar_mean,0.1775672452823926,407.29263902803655,75,-2689.037043630644,1.1354166666666667,1.21875,1.25,1.21875,1.2291666666666667,1.3125
11,mi_concept,1.0,3.0,1.0,0.03,,1.0,True,0.2,exemplar_mean,0.05816855637050495,407.29263902803655,75,-2922.6401516469755,1.0520833333333333,1.1041666666666667,1.0729166666666667,1.0520833333333333,1.09375,1.0520833333333333
11,mi_concept,3.1622776601683795,3.0,1.0,0.03,,1.0,True,0.2,exemplar_mean,0.0001713900674060983,408.98227182060316,75,-376.28482102788377,1.03125,1.0416666666666667,1.03125,1.03125,1.0416666666666667,1.0
12,mi_concept,3.1622776601683795e-05,3.0,10.0,0.003,,0.5,True,0.1,exemplar_mean,0.4101517881578362,315.20940851269245,75,28.426576786915607,69.34375,67.07291666666667,40.16666666666666,68.79166666666667,56.96875,51.69791666666666
12,mi_concept,0.0001,3.0,10.0,0.003,,0.5,True,0.1,exemplar_mean,0.5488929092714054,274.96486637808897,75,37.98918386639752,52.875,47.5625,23.354166666666668,55.458333333333336,41.22916666666666,38.22916666666666
12,mi_concept,0.0003162277660168,3.0,10.0,0.003,,0.5,True,0.1,exemplar_mean,0.01462611128861051,407.7371046050376,75,10.569158571150831,22.65625,30.354166666666668,15.71875,31.11458333333333,24.6875,23.041666666666668
12,mi_concept,0.001,3.0,10.0,0.003,,0.5,True,0.1,exemplar_mean,0.46970420466240564,407.29263902803655,75,-83.55767439968102,4.708333333333333,9.9375,10.34375,7.59375,15.020833333333334,12.125
12,mi_concept,0.0031622776601683,3.0,10.0,0.003,,0.5,True,0.1,exemplar_mean,0.2645606399530682,407.29263902803655,75,-115.04053223193428,1.5729166666666667,2.1666666666666665,5.802083333333333,2.3229166666666665,5.458333333333333,6.479166666666667
12,mi_concept,0.01,3.0,10.0,0.003,,0.5,True,0.1,exemplar_mean,0.44392517774357565,407.29263902803655,75,-937.1397086392384,1.0729166666666667,1.3229166666666667,2.1354166666666665,1.3125,1.7083333333333333,1.8854166666666667
12,mi_concept,0.0316227766016837,3.0,10.0,0.003,,0.5,True,0.1,exemplar_mean,0.23336660190138225,407.29263902803655,75,-2174.18702185811,1.0520833333333333,1.0625,1.3854166666666667,1.0729166666666667,1.1354166666666667,1.2291666666666667
12,mi_concept,0.1,3.0,10.0,0.003,,0.5,True,0.1,exemplar_mean,0.22492568607790253,407.29263902803655,75,-4885.437181268413,1.0,1.0,1.09375,1.0208333333333333,1.09375,1.0625
12,mi_concept,0.3162277660168379,3.0,10.0,0.003,,0.5,True,0.1,exemplar_mean,0.07042322642664059,407.29263902803655,75,-7564.449280736376,1.0,1.0,1.0208333333333333,1.0,1.0625,1.03125
12,mi_concept,1.0,3.0,10.0,0.003,,0.5,True,0.1,exemplar_mean,0.0033773580352451627,407.29263902803655,75,-2707.219834116337,1.0,1.0,1.0104166666666667,1.0,1.03125,1.0104166666666667
12,mi_concept,3.1622776601683795,3.0,10.0,0.003,,0.5,True,0.1,exemplar_mean,0.01391288924673447,407.29263902803655,75,-14425.282679968666,1.0,1.0,1.0,1.0,1.0,1.0104166666666667
13,mi_concept,3.1622776601683795e-05,3.0,10.0,0.003,,0.5,True,0.2,exemplar_mean,0.010379399744630143,407.29263902803655,75,-10.411376948150243,53.75,59.3125,42.09375,64.65625,62.739583333333336,55.145833333333336
13,mi_concept,0.0001,3.0,10.0,0.003,,0.5,True,0.2,exemplar_mean,0.3350901078040132,407.29263902803655,75,-47.28758434109787,27.760416666666668,41.90625,28.46875,37.125,39.07291666666666,28.916666666666668
13,mi_concept,0.0003162277660168,3.0,10.0,0.003,,0.5,True,0.2,exemplar_mean,0.2574538845052024,407.29263902803655,75,-46.44881121922795,6.614583333333333,8.09375,16.208333333333332,10.09375,15.479166666666666,17.020833333333332
13,mi_concept,0.001,3.0,10.0,0.003,,0.5,True,0.2,exemplar_mean,0.16665114739953216,407.29263902803655,75,-183.78150196016207,2.90625,2.958333333333333,6.125,2.8541666666666665,3.5729166666666665,5.875
13,mi_concept,0.0031622776601683,3.0,10.0,0.003,,0.5,True,0.2,exemplar_mean,0.5258310619429379,407.29263902803655,75,-1397.2756042608266,1.3854166666666667,1.7083333333333333,1.96875,1.75,1.7708333333333333,2.03125
13,mi_concept,0.01,3.0,10.0,0.003,,0.5,True,0.2,exemplar_mean,0.17313385712920074,407.29263902803655,75,-2345.880468663595,1.125,1.15625,1.25,1.15625,1.125,1.1979166666666667
13,mi_concept,0.0316227766016837,3.0,10.0,0.003,,0.5,True,0.2,exemplar_mean,0.4229020520224269,407.29263902803655,75,-9308.165988657509,1.0104166666666667,1.0729166666666667,1.09375,1.03125,1.1145833333333333,1.0833333333333333
13,mi_concept,0.1,3.0,10.0,0.003,,0.5,True,0.2,exemplar_mean,0.16754862081441182,407.29263902803655,75,-11137.525119081713,1.0,1.0208333333333333,1.0104166666666667,1.0104166666666667,1.0208333333333333,1.0625
13,mi_concept,0.3162277660168379,3.0,10.0,0.003,,0.5,True,0.2,exemplar_mean,0.17476487102868118,407.29263902803655,75,-14461.621135388132,1.0,1.0,1.0,1.0104166666666667,1.0,1.0
13,mi_concept,1.0,3.0,10.0,0.003,,0.5,True,0.2,exemplar_mean,6.596547043546429e-05,408.0357160020874,75,-880.4532991877243,1.0,1.0,1.0,1.0104166666666667,1.0,1.0104166666666667
13,mi_concept,3.1622776601683795,3.0,10.0,0.003,,0.5,True,0.2,exemplar_mean,0.017574440691409256,407.29263902803655,75,-18111.155975411988,1.0,1.0,1.0,1.0,1.0,1.0
14,mi_concept,3.1622776601683795e-05,3.0,10.0,0.003,,1.0,True,0.1,exemplar_mean,0.10073778083134867,388.11785263848896,75,18.023197825759855,58.57291666666666,66.95833333333333,43.0,64.79166666666667,57.51041666666666,54.708333333333336
14,mi_concept,0.0001,3.0,10.0,0.003,,1.0,True,0.1,exemplar_mean,0.1725389752077279,369.81670696478585,75,22.017679463448985,43.53125,49.66666666666666,25.23958333333333,53.65625,43.51041666666666,41.38541666666666
14,mi_concept,0.0003162277660168,3.0,10.0,0.003,,1.0,True,0.1,exemplar_mean,0.019766214697396,407.29263902803655,75,-12.810434900638601,18.916666666666668,28.71875,14.895833333333334,28.822916666666668,25.23958333333333,23.6875
14,mi_concept,0.001,3.0,10.0,0.003,,1.0,True,0.1,exemplar_mean,0.3652618272225742,407.29263902803655,75,-78.11009736943187,4.822916666666667,8.291666666666666,9.770833333333334,7.885416666666667,15.802083333333334,13.34375
14,mi_concept,0.0031622776601683,3.0,10.0,0.003,,1.0,True,0.1,exemplar_mean,0.2630671625283748,407.29263902803655,75,-141.11176443916384,1.5,2.270833333333333,6.71875,1.7604166666666667,6.333333333333333,6.6875
14,mi_concept,0.01,3.0,10.0,0.003,,1.0,True,0.1,exemplar_mean,0.22054664491611198,407.29263902803655,75,-618.5960951001067,1.0833333333333333,1.2083333333333333,1.9895833333333333,1.1875,1.75,1.9895833333333333
14,mi_concept,0.0316227766016837,3.0,10.0,0.003,,1.0,True,0.1,exemplar_mean,0.3847691283531257,407.29263902803655,75,-2470.327338175275,1.0104166666666667,1.0833333333333333,1.15625,1.0625,1.1458333333333333,1.28125
14,mi_concept,0.1,3.0,10.0,0.003,,1.0,True,0.1,exemplar_mean,0.17236055382358226,407.29263902803655,75,-4403.041419738836,1.0,1.03125,1.0729166666666667,1.03125,1.1145833333333333,1.1354166666666667
14,mi_concept,0.3162277660168379,3.0,10.0,0.003,,1.0,True,0.1,exemplar_mean,0.025380225850678874,407.29263902803655,75,-6432.1828386944135,1.0104166666666667,1.0,1.0208333333333333,1.0,1.0,1.0104166666666667
14,mi_concept,1.0,3.0,10.0,0.003,,1.0,True,0.1,exemplar_mean,0.12632921355286364,407.29263902803655,75,-19858.358162399796,1.0,1.0,1.0208333333333333,1.0104166666666667,1.0104166666666667,1.0
14,mi_concept,3.1622776601683795,3.0,10.0,0.003,,1.0,True,0.1,exemplar_mean,0.0565381580370965,407.29263902803655,75,-24252.180022000677,1.0,1.0,1.0,1.0,1.0,1.0104166666666667
15,mi_concept,3.1622776601683795e-05,3.0,10.0,0.003,,1.0,True,0.2,exemplar_mean,0.10026492845565368,407.29263902803655,75,-29.161085518604786,51.76041666666666,58.22916666666666,48.26041666666666,60.51041666666666,61.708333333333336,50.5
15,mi_concept,0.0001,3.0,10.0,0.003,,1.0,True,0.2,exemplar_mean,0.3472493460320993,407.29263902803655,75,-52.89195382597842,26.95833333333333,37.28125,27.916666666666668,37.677083333333336,35.416666666666664,32.09375
15,mi_concept,0.0003162277660168,3.0,10.0,0.003,,1.0,True,0.2,exemplar_mean,0.4947366878299874,407.29263902803655,75,-92.71857143324955,6.958333333333333,13.229166666666666,17.447916666666668,10.427083333333334,15.302083333333334,18.041666666666668
15,mi_concept,0.001,3.0,10.0,0.003,,1.0,True,0.2,exemplar_mean,0.43303622206798476,407.29263902803655,75,-274.6601960002936,1.6458333333333333,2.6666666666666665,4.614583333333333,2.3229166666666665,4.46875,4.125
15,mi_concept,0.0031622776601683,3.0,10.0,0.003,,1.0,True,0.2,exemplar_mean,0.39199533893431854,407.29263902803655,75,-936.8542858368212,1.1458333333333333,1.34375,1.96875,1.3125,1.9270833333333333,1.875
15,mi_concept,0.01,3.0,10.0,0.003,,1.0,True,0.2,exemplar_mean,0.20952947269345565,407.29263902803655,75,-2097.1568599253283,1.0729166666666667,1.0729166666666667,1.375,1.1145833333333333,1.25,1.1979166666666667
15,mi_concept,0.0316227766016837,3.0,10.0,0.003,,1.0,True,0.2,exemplar_mean,0.14301414389614325,407.29263902803655,75,-4125.178635615995,1.0416666666666667,1.0416666666666667,1.125,1.0416666666666667,1.09375,1.125
15,mi_concept,0.1,3.0,10.0,0.003,,1.0,True,0.2,exemplar_mean,0.02546983327452315,407.29263902803655,75,-4566.748269464182,1.0104166666666667,1.0,1.03125,1.0208333333333333,1.0416666666666667,1.0104166666666667
15,mi_concept,0.3162277660168379,3.0,10.0,0.003,,1.0,True,0.2,exemplar_mean,0.023533592358389224,407.29263902803655,75,-8090.689758545006,1.0,1.0,1.0208333333333333,1.0208333333333333,1.0,1.0
15,mi_concept,1.0,3.0,10.0,0.003,,1.0,True,0.2,exemplar_mean,0.025888053682638246,407.29263902803655,75,-20714.583061081827,1.0,1.0,1.0,1.0,1.0,1.0104166666666667
15,mi_concept,3.1622776601683795,3.0,10.0,0.003,,1.0,True,0.2,exemplar_mean,0.052974213763468,407.29263902803655,75,-31443.991804363694,1.0,1.0,1.0104166666666667,1.0,1.0,1.0
16,mi_concept,3.1622776601683795e-05,3.0,10.0,0.01,,0.5,True,0.1,exemplar_mean,0.7068309000473929,219.94721288766604,75,43.83422238471043,64.125,54.34375,36.833333333333336,58.91666666666666,50.94791666666666,48.520833333333336
16,mi_concept,0.0001,3.0,10.0,0.01,,0.5,True,0.1,exemplar_mean,0.5684453939445578,267.67964592118284,75,49.20917831373542,44.63541666666666,39.614583333333336,22.55208333333333,41.01041666666666,32.645833333333336,31.916666666666668
16,mi_concept,0.0003162277660168,3.0,10.0,0.01,,0.5,True,0.1,exemplar_mean,0.2962389455485556,347.54936237065033,75,65.02121673129659,25.072916666666668,25.20833333333333,15.260416666666666,27.729166666666668,21.23958333333333,19.09375
16,mi_concept,0.001,3.0,10.0,0.01,,0.5,True,0.1,exemplar_mean,0.2490200713553974,350.2620233488744,75,112.35836174389594,14.385416666666666,14.875,8.541666666666666,16.822916666666668,13.53125,11.260416666666666
16,mi_concept,0.0031622776601683,3.0,10.0,0.01,,0.5,True,0.1,exemplar_mean,0.3853515690155013,407.29263902803655,75,-209.68154917214093,4.6875,6.583333333333333,5.583333333333333,6.572916666666667,7.6875,6.6875
16,mi_concept,0.01,3.0,10.0,0.01,,0.5,True,0.1,exemplar_mean,0.3698872619712213,407.29263902803655,75,-260.6257412532144,1.5625,2.0104166666666665,4.177083333333333,2.270833333333333,3.53125,4.03125
16,mi_concept,0.0316227766016837,3.0,10.0,0.01,,0.5,True,0.1,exemplar_mean,0.19781827617249265,407.29263902803655,75,-476.7922067137251,1.1666666666666667,1.1979166666666667,2.333333333333333,1.2604166666666667,1.59375,2.3229166666666665
16,mi_concept,0.1,3.0,10.0,0.01,,0.5,True,0.1,exemplar_mean,0.2878687454367641,407.29263902803655,75,-2234.7577738616715,1.0520833333333333,1.0833333333333333,1.3541666666666667,1.1145833333333333,1.3333333333333333,1.2395833333333333
16,mi_concept,0.3162277660168379,3.0,10.0,0.01,,0.5,True,0.1,exemplar_mean,0.11848783831137767,407.29263902803655,75,-4403.214676395579,1.0208333333333333,1.0208333333333333,1.09375,1.0208333333333333,1.0520833333333333,1.0520833333333333
16,mi_concept,1.0,3.0,10.0,0.01,,0.5,True,0.1,exemplar_mean,0.008872952941172255,407.29263902803655,75,-4332.298125739485,1.0104166666666667,1.0,1.0208333333333333,1.0208333333333333,1.0208333333333333,1.03125
16,mi_concept,3.1622776601683795,3.0,10.0,0.01,,0.5,True,0.1,exemplar_mean,0.09809572983202013,407.29263902803655,75,-20161.44018828839,1.0,1.0104166666666667,1.0208333333333333,1.0,1.0104166666666667,1.0104166666666667
17,mi_concept,3.1622776601683795e-05,3.0,10.0,0.01,,0.5,True,0.2,exemplar_mean,0.2777542358797157,352.0030547570585,75,33.31097557014277,65.5625,64.27083333333333,48.270833333333336,65.4375,60.020833333333336,54.333333333333336
17,mi_concept,0.0001,3.0,10.0,0.01,,0.5,True,0.2,exemplar_mean,0.5106259988434402,287.76731772186224,75,45.82737025200379,49.8125,42.46875,26.70833333333333,48.60416666666666,36.0,35.145833333333336
17,mi_concept,0.0003162277660168,3.0,10.0,0.01,,0.5,True,0.2,exemplar_mean,0.0008501597300069774,407.72996495494755,75,-5.667511233641578,20.791666666666668,23.70833333333333,17.697916666666668,28.135416666666668,20.760416666666668,16.822916666666668
17,mi_concept,0.001,3.0,10.0,0.01,,0.5,True,0.2,exemplar_mean,0.465898860200917,407.29263902803655,75,-170.65433021376103,6.302083333333333,9.302083333333334,11.25,8.979166666666666,10.21875,10.302083333333334
17,mi_concept,0.0031622776601683,3.0,10.0,0.01,,0.5,True,0.2,exemplar_mean,0.40284298057037865,407.29263902803655,75,-352.76776131519347,2.2604166666666665,3.15625,4.84375,3.208333333333333,4.583333333333333,4.6875
17,mi_concept,0.01,3.0,10.0,0.01,,0.5,True,0.2,exemplar_mean,0.6041770225522257,407.29263902803655,75,-1232.1218448814586,1.2291666666666667,1.6354166666666667,1.8229166666666667,1.53125,1.8645833333333333,1.8854166666666667
17,mi_concept,0.0316227766016837,3.0,10.0,0.01,,0.5,True,0.2,exemplar_mean,0.07326546916391123,407.29263902803655,75,-1402.4049272602433,1.1041666666666667,1.1354166666666667,1.40625,1.1875,1.2604166666666667,1.40625
17,mi_concept,0.1,3.0,10.0,0.01,,0.5,True,0.2,exemplar_mean,0.5955268332759563,407.29263902803655,75,-7967.410202921019,1.0,1.0416666666666667,1.1145833333333333,1.0520833333333333,1.0625,1.0416666666666667
17,mi_concept,0.3162277660168379,3.0,10.0,0.01,,0.5,True,0.2,exemplar_mean,0.2628189600148612,407.29263902803655,75,-12852.096236743018,1.0104166666666667,1.0104166666666667,1.0104166666666667,1.0208333333333333,1.0104166666666667,1.0208333333333333
17,mi_concept,1.0,3.0,10.0,0.01,,0.5,True,0.2,exemplar_mean,0.16954795011008658,407.29263902803655,75,-18162.984362687188,1.0,1.0104166666666667,1.0104166666666667,1.0,1.0104166666666667,1.03125
17,mi_concept,3.1622776601683795,3.0,10.0,0.01,,0.5,True,0.2,exemplar_mean,0.05800743888403916,407.29263902803655,75,-21644.84070190526,1.0,1.0,1.0,1.0,1.0,1.0
18,mi_concept,3.1622776601683795e-05,3.0,10.0,0.01,,1.0,True,0.1,exemplar_mean,0.5750023649213427,269.60204106682886,75,42.12059838025796,61.458333333333336,54.614583333333336,34.333333333333336,58.125,56.03125,49.84375
18,mi_concept,0.0001,3.0,10.0,0.01,,1.0,True,0.1,exemplar_mean,0.4365614131709583,305.18827662723004,75,43.34718347685942,42.270833333333336,40.72916666666666,22.83333333333333,43.0,31.572916666666668,33.645833333333336
18,mi_concept,0.0003162277660168,3.0,10.0,0.01,,1.0,True,0.1,exemplar_mean,0.3361102754576968,333.37512950012484,75,66.65567737491972,24.8125,25.166666666666668,13.28125,27.80208333333333,21.072916666666668,18.58333333333333
18,mi_concept,0.001,3.0,10.0,0.01,,1.0,True,0.1,exemplar_mean,0.07664256892747785,407.29263902803655,75,-54.119642222783426,9.458333333333334,14.1875,8.885416666666666,13.875,13.291666666666666,11.208333333333334
18,mi_concept,0.0031622776601683,3.0,10.0,0.01,,1.0,True,0.1,exemplar_mean,0.4990805168992662,407.29263902803655,75,-187.45493245357656,3.0625,5.739583333333333,5.239583333333333,6.697916666666667,8.40625,6.677083333333333
18,mi_concept,0.01,3.0,10.0,0.01,,1.0,True,0.1,exemplar_mean,0.40743558193579094,407.29263902803655,75,-240.17370672666095,1.3229166666666667,2.052083333333333,4.114583333333333,1.7291666666666667,4.197916666666667,3.583333333333333
18,mi_concept,0.0316227766016837,3.0,10.0,0.01,,1.0,True,0.1,exemplar_mean,0.24440545945810244,407.29263902803655,75,-619.6892995915833,1.09375,1.21875,2.09375,1.3125,1.8020833333333333,2.177083333333333
18,mi_concept,0.1,3.0,10.0,0.01,,1.0,True,0.1,exemplar_mean,0.30677338072760163,407.29263902803655,75,-1961.184169101888,1.0104166666666667,1.0625,1.3020833333333333,1.0833333333333333,1.3020833333333333,1.3541666666666667
18,mi_concept,0.3162277660168379,3.0,10.0,0.01,,1.0,True,0.1,exemplar_mean,0.03478475299783547,407.29263902803655,75,-2226.3787862988756,1.0208333333333333,1.03125,1.09375,1.03125,1.0833333333333333,1.1145833333333333
18,mi_concept,1.0,3.0,10.0,0.01,,1.0,True,0.1,exemplar_mean,0.19437975208627373,407.29263902803655,75,-14403.510949276086,1.0,1.0,1.03125,1.0104166666666667,1.0104166666666667,1.0104166666666667
18,mi_concept,3.1622776601683795,3.0,10.0,0.01,,1.0,True,0.1,exemplar_mean,0.02819704015552504,407.29263902803655,75,-10186.89944948924,1.0,1.0,1.0104166666666667,1.0104166666666667,1.0,1.0104166666666667
19,mi_concept,3.1622776601683795e-05,3.0,10.0,0.01,,1.0,True,0.2,exemplar_mean,0.2783172930419496,348.14786136295464,75,38.474986246669815,64.53125,62.35416666666666,45.6875,67.0625,50.88541666666666,55.020833333333336
19,mi_concept,0.0001,3.0,10.0,0.01,,1.0,True,0.2,exemplar_mean,0.23542818694289155,361.781851543376,75,36.369753858887854,43.54166666666666,40.9375,31.791666666666668,42.25,35.989583333333336,31.541666666666668
19,mi_concept,0.0003162277660168,3.0,10.0,0.01,,1.0,True,0.2,exemplar_mean,0.20107444570011374,407.29263902803655,75,-50.46246904993772,17.010416666666668,21.6875,14.395833333333334,23.8125,19.510416666666668,19.17708333333333
19,mi_concept,0.001,3.0,10.0,0.01,,1.0,True,0.2,exemplar_mean,0.6464635535321054,407.29263902803655,75,-201.91841103043856,5.927083333333333,8.885416666666666,9.4375,7.885416666666667,10.083333333333334,9.708333333333334
19,mi_concept,0.0031622776601683,3.0,10.0,0.01,,1.0,True,0.2,exemplar_mean,0.4224324467504551,407.29263902803655,75,-301.9694665944639,1.9270833333333333,2.8854166666666665,4.8125,3.15625,4.09375,4.84375
19,mi_concept,0.01,3.0,10.0,0.01,,1.0,True,0.2,exemplar_mean,0.22416627277211656,407.29263902803655,75,-637.2631347906155,1.1979166666666667,1.2083333333333333,1.9270833333333333,1.4583333333333333,2.083333333333333,1.96875
19,mi_concept,0.0316227766016837,3.0,10.0,0.01,,1.0,True,0.2,exemplar_mean,0.36878837952723464,407.29263902803655,75,-3247.7829067127295,1.0625,1.1145833333333333,1.3333333333333333,1.2083333333333333,1.25,1.1770833333333333
19,mi_concept,0.1,3.0,10.0,0.01,,1.0,True,0.2,exemplar_mean,0.20113506274201892,407.29263902803655,75,-5751.744866253916,1.0,1.0208333333333333,1.09375,1.0208333333333333,1.1354166666666667,1.0416666666666667
19,mi_concept,0.3162277660168379,3.0,10.0,0.01,,1.0,True,0.2,exemplar_mean,0.1438944547722689,407.29263902803655,75,-7938.395082601049,1.0104166666666667,1.0104166666666667,1.0416666666666667,1.0208333333333333,1.0208333333333333,1.0208333333333333
19,mi_concept,1.0,3.0,10.0,0.01,,1.0,True,0.2,exemplar_mean,0.18280238364780024,407.29263902803655,75,-26783.147118139488,1.0,1.0104166666666667,1.0,1.0,1.0,1.0104166666666667
19,mi_concept,3.1622776601683795,3.0,10.0,0.01,,1.0,True,0.2,exemplar_mean,0.05789585773571048,407.29263902803655,75,-24541.646816687975,1.0,1.0,1.0,1.0,1.0,1.0
20,mi_concept,3.1622776601683795e-05,3.0,10.0,0.03,,0.5,True,0.1,exemplar_mean,0.466593402125886,298.89953297098174,75,53.10109510351465,46.16666666666666,44.9375,28.53125,46.083333333333336,37.875,37.239583333333336
20,mi_concept,0.0001,3.0,10.0,0.03,,0.5,True,0.1,exemplar_mean,0.44759561791325586,305.6096677564148,75,73.86221024866074,31.104166666666668,30.03125,17.635416666666668,28.6875,26.08333333333333,24.23958333333333
20,mi_concept,0.0003162277660168,3.0,10.0,0.03,,0.5,True,0.1,exemplar_mean,0.3365657728181589,336.9979086960875,75,103.18661176442296,19.61458333333333,16.885416666666668,12.416666666666666,19.14583333333333,17.0,14.072916666666666
20,mi_concept,0.001,3.0,10.0,0.03,,0.5,True,0.1,exemplar_mean,0.3151556695208087,338.24373079825654,75,144.06495270511888,12.354166666666666,11.760416666666666,7.239583333333333,12.072916666666666,10.229166666666666,9.135416666666666
20,mi_concept,0.0031622776601683,3.0,10.0,0.03,,0.5,True,0.1,exemplar_mean,0.0005995402040527416,409.3383295806523,75,11.579422852992867,5.875,7.604166666666667,5.177083333333333,7.864583333333333,6.385416666666667,6.166666666666667
20,mi_concept,0.01,3.0,10.0,0.03,,0.5,True,0.1,exemplar_mean,0.5297815327834559,407.29263902803655,75,-540.5422774211158,2.458333333333333,3.302083333333333,3.083333333333333,3.9166666666666665,3.9791666666666665,2.8854166666666665
20,mi_concept,0.0316227766016837,3.0,10.0,0.03,,0.5,True,0.1,exemplar_mean,0.5880686449130857,407.29263902803655,75,-799.1203098958521,1.3125,2.020833333333333,2.0,1.5416666666666667,2.333333333333333,2.208333333333333
20,mi_concept,0.1,3.0,10.0,0.03,,0.5,True,0.1,exemplar_mean,0.3953287179716694,407.29263902803655,75,-1266.8486119091667,1.1041666666666667,1.1979166666666667,1.5,1.2083333333333333,1.4479166666666667,1.53125
20,mi_concept,0.3162277660168379,3.0,10.0,0.03,,0.5,True,0.1,exemplar_mean,0.1947805314618023,407.29263902803655,75,-2422.530842337797,1.0416666666666667,1.0729166666666667,1.25,1.0416666666666667,1.21875,1.28125
20,mi_concept,1.0,3.0,10.0,0.03,,0.5,True,0.1,exemplar_mean,0.22631948250239645,407.29263902803655,75,-5188.253512007409,1.0,1.0104166666666667,1.1458333333333333,1.0208333333333333,1.0625,1.0520833333333333
20,mi_concept,3.1622776601683795,3.0,10.0,0.03,,0.5,True,0.1,exemplar_mean,0.09542858174021032,407.29263902803655,75,-8898.862699511774,1.0,1.0,1.0729166666666667,1.0,1.03125,1.0208333333333333
21,mi_concept,3.1622776601683795e-05,3.0,10.0,0.03,,0.5,True,0.2,exemplar_mean,0.3380747879668818,333.1069276434765,75,40.03222139620132,58.57291666666666,58.35416666666666,41.91666666666666,58.41666666666666,51.19791666666666,45.19791666666666
21,mi_concept,0.0001,3.0,10.0,0.03,,0.5,True,0.2,exemplar_mean,0.40835158820557044,313.8265405752115,75,48.70187095850711,42.958333333333336,40.333333333333336,27.65625,41.16666666666666,33.354166666666664,29.416666666666668
21,mi_concept,0.0003162277660168,3.0,10.0,0.03,,0.5,True,0.2,exemplar_mean,0.18906211651600124,374.8083914683431,75,52.319024614853,24.27083333333333,26.166666666666668,13.729166666666666,25.260416666666668,18.80208333333333,17.291666666666668
21,mi_concept,0.001,3.0,10.0,0.03,,0.5,True,0.2,exemplar_mean,0.0010466508886551587,410.3335904186732,75,9.00944273415015,11.53125,14.333333333333334,8.3125,12.625,10.822916666666666,8.03125
21,mi_concept,0.0031622776601683,3.0,10.0,0.03,,0.5,True,0.2,exemplar_mean,0.06628502960862216,407.29263902803655,75,-166.40990252338176,5.333333333333333,7.15625,5.322916666666667,6.291666666666667,6.354166666666667,5.791666666666667
21,mi_concept,0.01,3.0,10.0,0.03,,0.5,True,0.2,exemplar_mean,0.5623142817578634,407.29263902803655,75,-832.3254455156863,2.1875,2.864583333333333,2.90625,2.645833333333333,2.9791666666666665,2.833333333333333
21,mi_concept,0.0316227766016837,3.0,10.0,0.03,,0.5,True,0.2,exemplar_mean,0.45641674014080963,407.29263902803655,75,-1604.5836201647649,1.3125,1.5625,1.6354166666666667,1.3125,1.90625,1.8229166666666667
21,mi_concept,0.1,3.0,10.0,0.03,,0.5,True,0.2,exemplar_mean,0.22314157001181842,407.29263902803655,75,-2695.2395154737123,1.1041666666666667,1.15625,1.3854166666666667,1.1458333333333333,1.2604166666666667,1.21875
21,mi_concept,0.3162277660168379,3.0,10.0,0.03,,0.5,True,0.2,exemplar_mean,0.21274132065738444,407.29263902803655,75,-6403.9850389078365,1.03125,1.0625,1.09375,1.03125,1.03125,1.0625
21,mi_concept,1.0,3.0,10.0,0.03,,0.5,True,0.2,exemplar_mean,0.0014081938979291502,407.44454080819963,75,-1252.5699956479293,1.0104166666666667,1.0,1.03125,1.0416666666666667,1.03125,1.0104166666666667
21,mi_concept,3.1622776601683795,3.0,10.0,0.03,,0.5,True,0.2,exemplar_mean,0.012942237781076903,407.29263902803655,75,-6971.178578953335,1.0,1.0,1.0,1.0,1.0,1.0104166666666667
22,mi_concept,3.1622776601683795e-05,3.0,10.0,0.03,,1.0,True,0.1,exemplar_mean,0.5507261548930531,272.6813643477939,75,49.764215299996685,48.770833333333336,45.29166666666666,29.48958333333333,45.66666666666666,39.04166666666666,38.489583333333336
22,mi_concept,0.0001,3.0,10.0,0.03,,1.0,True,0.1,exemplar_mean,0.47700178797689097,298.0363822856944,75,76.30500232967587,30.75,28.135416666666668,19.125,30.4375,26.979166666666668,25.447916666666668
22,mi_concept,0.0003162277660168,3.0,10.0,0.03,,1.0,True,0.1,exemplar_mean,0.5097671041877261,287.5585172138247,75,128.05664351440296,20.5,18.46875,13.0625,19.71875,16.947916666666668,15.645833333333334
22,mi_concept,0.001,3.0,10.0,0.03,,1.0,True,0.1,exemplar_mean,0.012731745647026995,407.42184135250636,75,31.528210333295572,9.96875,12.65625,7.479166666666667,12.78125,10.635416666666666,9.802083333333334
22,mi_concept,0.0031622776601683,3.0,10.0,0.03,,1.0,True,0.1,exemplar_mean,0.2169875695732395,407.29263902803655,75,-186.6475847723569,4.177083333333333,7.375,4.40625,7.90625,6.385416666666667,5.708333333333333
22,mi_concept,0.01,3.0,10.0,0.03,,1.0,True,0.1,exemplar_mean,0.4347307551851922,407.29263902803655,75,-371.9834573707012,2.0625,3.09375,3.052083333333333,3.3854166666666665,4.114583333333333,3.302083333333333
22,mi_concept,0.0316227766016837,3.0,10.0,0.03,,1.0,True,0.1,exemplar_mean,0.385134099561865,407.29263902803655,75,-509.8306667168307,1.21875,1.3958333333333333,2.15625,1.5,2.4166666666666665,2.114583333333333
22,mi_concept,0.1,3.0,10.0,0.03,,1.0,True,0.1,exemplar_mean,0.2820289528612498,407.29263902803655,75,-1168.5031676246542,1.1458333333333333,1.21875,1.6354166666666667,1.1041666666666667,1.46875,1.4895833333333333
22,mi_concept,0.3162277660168379,3.0,10.0,0.03,,1.0,True,0.1,exemplar_mean,0.23390596522791024,407.29263902803655,75,-1975.7747779633232,1.0,1.0104166666666667,1.1770833333333333,1.03125,1.1458333333333333,1.1979166666666667
22,mi_concept,1.0,3.0,10.0,0.03,,1.0,True,0.1,exemplar_mean,0.12344394581731502,407.29263902803655,75,-4694.371126182225,1.0,1.0,1.1145833333333333,1.0208333333333333,1.0729166666666667,1.0520833333333333
22,mi_concept,3.1622776601683795,3.0,10.0,0.03,,1.0,True,0.1,exemplar_mean,0.08333263592078066,407.29263902803655,75,-10047.22198606824,1.0,1.0104166666666667,1.0208333333333333,1.0104166666666667,1.0104166666666667,1.03125
23,mi_concept,3.1622776601683795e-05,3.0,10.0,0.03,,1.0,True,0.2,exemplar_mean,0.40540616495292225,316.6309081667187,75,36.16063981908331,63.895833333333336,59.864583333333336,38.802083333333336,53.927083333333336,50.96875,43.51041666666666
23,mi_concept,0.0001,3.0,10.0,0.03,,1.0,True,0.2,exemplar_mean,0.2960734608254479,345.9135368955398,75,40.82909033941252,41.10416666666666,42.66666666666666,26.71875,39.51041666666666,34.125,28.479166666666668
23,mi_concept,0.0003162277660168,3.0,10.0,0.03,,1.0,True,0.2,exemplar_mean,0.1529715889581395,380.3768493307945,75,71.42946080310016,22.05208333333333,22.822916666666668,15.25,21.39583333333333,19.86458333333333,17.25
23,mi_concept,0.001,3.0,10.0,0.03,,1.0,True,0.2,exemplar_mean,0.03226148716262312,407.29263902803655,75,-60.54989252446628,10.979166666666666,12.875,8.333333333333334,13.083333333333334,11.166666666666666,9.635416666666666
23,mi_concept,0.0031622776601683,3.0,10.0,0.03,,1.0,True,0.2,exemplar_mean,0.37665970508312996,407.29263902803655,75,-299.92182336248084,4.270833333333333,4.697916666666667,4.979166666666667,5.802083333333333,6.208333333333333,5.677083333333333
23,mi_concept,0.01,3.0,10.0,0.03,,1.0,True,0.2,exemplar_mean,0.3988982452226532,407.29263902803655,75,-595.5768085359289,1.8645833333333333,2.270833333333333,2.989583333333333,2.4791666666666665,3.145833333333333,3.1875
23,mi_concept,0.0316227766016837,3.0,10.0,0.03,,1.0,True,0.2,exemplar_mean,0.3775370618331676,407.29263902803655,75,-1117.5498140616542,1.1458333333333333,1.3125,1.8229166666666667,1.25,1.65625,1.6979166666666667
23,mi_concept,0.1,3.0,10.0,0.03,,1.0,True,0.2,exemplar_mean,0.2556035804781787,407.29263902803655,75,-2910.3089229419716,1.0520833333333333,1.0833333333333333,1.2395833333333333,1.125,1.2395833333333333,1.3229166666666667
23,mi_concept,0.3162277660168379,3.0,10.0,0.03,,1.0,True,0.2,exemplar_mean,0.41675220918644235,407.29263902803655,75,-9326.45128079614,1.0104166666666667,1.0416666666666667,1.125,1.03125,1.0625,1.0833333333333333
23,mi_concept,1.0,3.0,10.0,0.03,,1.0,True,0.2,exemplar_mean,0.16750651354437884,407.29263902803655,75,-10956.805613614024,1.0,1.0208333333333333,1.0833333333333333,1.0104166666666667,1.0104166666666667,1.03125
23,mi_concept,3.1622776601683795,3.0,10.0,0.03,,1.0,True,0.2,exemplar_mean,0.006379851079608111,407.29263902803655,75,-4992.50986224861,1.0,1.0104166666666667,1.0104166666666667,1.0104166666666667,1.0,1.0
