setting,metric,world_EIGs,pooled_rmse,pooled_r2,pooled_r,within_r2,within_rmse,within_b,pred_sd,pred_bg1,pred_bg10,pred_dev10,V_prior,alpha_prior,beta_prior,sigma_true,sd_epsilon,infer_eps,eps_fixed
0,eig_code,1e-07,4.860396520026076,0.00010000473924746228,0.010000236959565622,0.00022203646249795047,11.656772460929611,-0.027833147461786754,6.781765789800165,440.1192587898943,451.83906749465115,463.02508982705217,3.0,1.0,0.1,0.1,,False,0.0001
0,eig_code,2.1544346900318822e-07,4.8607438211901135,0.0004098343056486376,0.020244364787481914,0.00015829315780125478,11.65849913619397,-0.012805388209494242,12.449198924157912,383.19696555568277,404.23446750064414,425.2387405774609,3.0,1.0,0.1,0.1,,False,0.0001
0,eig_code,4.641588833612782e-07,4.860790596865186,0.001653114068834377,0.04065850549189403,6.2753699796665e-05,11.6619830523132,-0.005203367611716841,19.30089404568236,293.24787927606104,324.3835940082952,358.4079192347019,3.0,1.0,0.1,0.1,,False,0.0001
0,eig_code,1e-06,4.85935173281346,0.005841580399943491,0.07643023223792723,1.3409745621295245e-07,11.668454428570362,0.00021137871743941346,21.986388970898535,187.1302108699589,219.61944435654559,261.33155115264896,3.0,1.0,0.1,0.1,,False,0.0001
0,eig_code,2.1544346900318822e-06,4.855559814569412,0.014164089381179894,0.1190129798853045,0.00010920813068364392,11.676078384970882,0.008246504120213728,16.102440556218166,105.70784527744388,126.90047907135556,160.13317955594087,3.0,1.0,0.1,0.1,,False,0.0001
0,eig_code,4.641588833612773e-06,4.853747431599604,0.018321343322949834,0.1353563567881089,0.00020838136557818117,11.678524008205263,0.022018378194296324,8.331720153548144,62.59019763379865,73.05358513001956,90.86293519588521,3.0,1.0,0.1,0.1,,False,0.0001
0,eig_code,9.999999999999999e-06,4.855383044315168,0.016056408938336826,0.12671388613067167,0.00015552693956762708,11.67749841329901,0.03883355306093705,4.0802324561045324,41.54091829151064,46.79843103604762,55.408556055586324,3.0,1.0,0.1,0.1,,False,0.0001
0,eig_code,2.154434690031882e-05,4.858777228290532,0.010812008132481298,0.10398080655813985,5.2603375613097704e-05,11.673952888425637,0.04154647410073799,2.2170696276090167,30.248931832202004,33.29314275233169,37.792416960898926,3.0,1.0,0.1,0.1,,False,0.0001
0,eig_code,4.641588833612773e-05,4.862168086451348,0.005412439049846904,0.0735692806125417,1.2968568764795608e-07,11.668935238873978,0.0031605253667908698,1.4462828068081013,23.010274169328913,25.15502617133832,27.930550780191737,3.0,1.0,0.1,0.1,,False,0.0001
0,eig_code,9.999999999999999e-05,4.864303605082251,0.0025083289063292332,0.050083219807928014,2.323912232704855e-05,11.665037442208504,-0.05666213377704503,1.079366044046765,17.651011234066143,19.33976358561691,21.321246656863995,3.0,1.0,0.1,0.1,,False,0.0001
0,eig_code,0.00021544346900318823,4.864315905457947,0.0008577581808224197,0.029287508955567042,8.653900003943615e-05,11.661888334836263,-0.14154123408336375,0.8332410817243966,13.516591367019503,14.879186478987158,16.35141867093035,3.0,1.0,0.1,0.1,,False,0.0001
0,eig_code,0.00046415888336127773,4.863586697526001,1.953290655160554e-05,0.004419604795861904,0.00021415306142001715,11.65808311808954,-0.28745698489683386,0.6446687252408211,10.31867026050493,11.426609376882597,12.514632857465278,3.0,1.0,0.1,0.1,,False,0.0001
0,eig_code,0.001,4.8617660103050575,0.0006617612271612566,-0.025724720157102907,0.00044332449828411345,11.65373549645359,-0.5338070229898464,0.4985944895143768,7.847871589622926,8.755205293801518,9.549719076962601,3.0,1.0,0.1,0.1,,False,0.0001
0,eig_code,0.002154434690031882,4.859611978412433,0.0037958911160539364,-0.06161080356604624,0.0008184377339143008,11.651212026288341,-0.9367400786782166,0.3851228588592496,5.943576758137816,6.691186778604899,7.261077091336685,3.0,1.0,0.1,0.1,,False,0.0001
0,eig_code,0.004641588833612772,4.859611978412433,0.010531113749759314,-0.10262121491075475,0.001379356163626561,11.651121300615964,-1.5750131645251522,0.296563880891665,4.483098034266363,5.099406591686389,5.498173173239871,3.0,1.0,0.1,0.1,,False,0.0001
0,eig_code,0.01,4.859611978412433,0.021415647972770763,-0.14634086227971585,0.002132704405740494,11.651121300615964,-2.554783909910529,0.2268049584201599,3.3736032614807883,3.8766327722707103,4.147125310794463,3.0,1.0,0.1,0.1,,False,0.0001
0,eig_code,0.021544346900318822,4.859611978412433,0.03581323701328044,-0.18924385594592083,0.0030295798014488336,11.651121300615964,-4.037604416797017,0.17077468875112417,2.5459948762018767,2.9464202323488027,3.123401709429301,3.0,1.0,0.1,0.1,,False,0.0001
0,eig_code,0.046415888336127725,4.859611978412433,0.05159337717445272,-0.22714175568233314,0.003951625456968161,11.651121300615964,-6.326293243878603,0.12439134735242217,1.9491353553182738,2.25325451505948,2.364705975234976,3.0,1.0,0.1,0.1,,False,0.0001
0,eig_code,0.09999999999999999,4.859611978412433,0.06538437819640038,-0.2557036921837469,0.004725018330044515,11.651121300615964,-10.096370703575563,0.08521657534325883,1.5429268399944007,1.756850589140045,1.8242874452602298,3.0,1.0,0.1,0.1,,False,0.0001
0,kl,1e-07,4.185421215861112,0.6489156029881137,0.8055529796283505,0.03032685050060282,11.474592769398784,0.11948587830634236,19.50109945558765,300.80041843299045,253.2845115969075,307.1745653642533,3.0,1.0,0.1,0.1,,False,0.0001
0,kl,2.1544346900318822e-07,4.195283201729676,0.645299733931482,0.8033055047312212,0.029919150991955145,11.480158753709311,0.11987733931367242,19.17473102618801,209.84360137437238,165.58370605564173,221.60464653125734,3.0,1.0,0.1,0.1,,False,0.0001
0,kl,4.641588833612782e-07,4.2287864453969455,0.6228228308655297,0.789191251133418,0.028525681743168108,11.49227482048089,0.15495862291115736,14.484270858461038,126.60630663542958,96.1651714104733,139.7984610913828,3.0,1.0,0.1,0.1,,False,0.0001
0,kl,1e-06,4.27487694098999,0.591530986873524,0.7691105166837364,0.026833005251184847,11.505840228676977,0.26530839347755397,8.23527012285213,70.18962535266246,54.61497301370045,79.85841517688361,3.0,1.0,0.1,0.1,,False,0.0001
0,kl,2.1544346900318822e-06,4.316454599521433,0.5649085826032249,0.7516040065108919,0.025608845137439273,11.51513026332028,0.5677921769036339,3.754894818372945,41.16997397561976,34.61841419891229,46.30611016668886,3.0,1.0,0.1,0.1,,False,0.0001
0,kl,4.641588833612773e-06,4.33104334860581,0.5497941525001583,0.741481053365599,0.02494104864639296,11.519112191513402,1.2337665669745221,1.6932353961021867,28.09933205362347,25.199924679125957,30.545236694112287,3.0,1.0,0.1,0.1,,False,0.0001
0,kl,9.999999999999999e-06,4.3044250043970465,0.556122396506484,0.7457361440258102,0.025180325480291962,11.516525907686972,2.114333599144354,0.9901328970048733,21.414759001652342,19.62185861184202,22.746145743826023,3.0,1.0,0.1,0.1,,False,0.0001
0,kl,2.154434690031882e-05,4.282171908978235,0.5648290212620196,0.7515510769482135,0.02561785795987901,11.513144620336075,2.909995749560837,0.7272254145430386,16.898687609087965,15.515364414535405,17.804608734681512,3.0,1.0,0.1,0.1,,False,0.0001
0,kl,4.641588833612773e-05,4.277299055560309,0.5664952473856845,0.7526587854969106,0.025536430505872214,11.513799002679162,3.7767379852289484,0.5585699631452209,13.432060980550167,12.35084194408597,14.10447010904948,3.0,1.0,0.1,0.1,,False,0.0001
0,kl,9.999999999999999e-05,4.28386238560941,0.5627237864643617,0.7501491761405605,0.024908701879278128,11.518454744298483,4.826775042262236,0.4269766152983979,10.728440228464217,9.90732937688212,11.238729071537003,3.0,1.0,0.1,0.1,,False,0.0001
0,kl,0.00021544346900318823,4.296808843949297,0.5552986699112918,0.745183648446,0.02403750068077103,11.52542346086137,6.106713265955881,0.32707939293538707,8.615697842500593,8.006732033879182,9.012496232833414,3.0,1.0,0.1,0.1,,False,0.0001
0,kl,0.00046415888336127773,4.305216462812483,0.5515976627936598,0.7426962116462288,0.023562301869484152,11.530406202381949,7.854483568479186,0.2508036159238517,6.969815032739842,6.518501128336712,7.27192207929819,3.0,1.0,0.1,0.1,,False,0.0001
0,kl,0.001,4.30304299093795,0.5594378418134777,0.7479557753059185,0.02403355724748766,11.529017898561465,10.531147199623378,0.19108453144478912,5.688658943103552,5.344331361380618,5.913596571493066,3.0,1.0,0.1,0.1,,False,0.0001
0,kl,0.002154434690031882,4.288195488179916,0.5845187171454194,0.764538237856956,0.02577864899583587,11.518402292400376,14.587444049833179,0.14564748677510433,4.68460500078197,4.406663641906155,4.852030678818789,3.0,1.0,0.1,0.1,,False,0.0001
0,kl,0.004641588833612772,4.234528339745413,0.6471177484424848,0.8044362923454441,0.02967739172573337,11.492372406977596,20.375706128394164,0.11301182727628449,3.8933058462266152,3.644871291515732,4.008087622160921,3.0,1.0,0.1,0.1,,False,0.0001
0,kl,0.01,4.108674287342485,0.7643892596229861,0.8742935774801197,0.036532632896051756,11.447353608017526,27.41142231199622,0.09246811791446649,3.2696722720046316,3.01360941885137,3.3197535592285603,3.0,1.0,0.1,0.1,,False,0.0001
0,kl,0.021544346900318822,4.010270648999596,0.8391132327472627,0.9160312400498483,0.04128778146148233,11.41935913328262,30.36661917346138,0.08714991165341944,2.7752516378181618,2.478728185971567,2.743127064541755,3.0,1.0,0.1,0.1,,False,0.0001
0,kl,0.046415888336127725,4.07994053971961,0.7663906854198725,0.8754374251880442,0.03816912238769758,11.442907526707152,25.993448445730227,0.09674393299543894,2.3736406571606765,2.0205029716423617,2.2517645096684995,3.0,1.0,0.1,0.1,,False,0.0001
0,kl,0.09999999999999999,4.198055756334834,0.6597958041167606,0.8122781568630051,0.03297843058195703,11.476013333810478,21.794870378146967,0.1069281156316261,2.031916982050939,1.6441239826859082,1.8407103992071348,3.0,1.0,0.1,0.1,,False,0.0001
0,mi,9.999999999999999e-06,4.848385097054008,0.06396879923699311,0.25292053937352166,0.0018941585097396936,11.675368077413973,762.3227208148213,0.0007267231140021697,1.0048364924593438,1.0052305079853252,1.007064977189054,3.0,1.0,0.1,0.1,,False,0.0001
0,mi,1.8957356524063752e-05,4.8486711146277,0.06372701520922024,0.25244210268736916,0.0018850578054561411,11.67543980942275,1434.7498562928708,0.00038518958064536873,1.002555277164948,1.0027647674651183,1.0037367020778605,3.0,1.0,0.1,0.1,,False,0.0001
0,mi,3.5938136638046256e-05,4.848821924980241,0.06359981969816111,0.2521900467864684,0.0018802747012994898,11.675477558538867,2709.5218360500553,0.00020370437893560075,1.0013490327454184,1.0014600006777652,1.0019738889202294,3.0,1.0,0.1,0.1,,False,0.0001
0,mi,6.812920690579608e-05,4.8489014597030335,0.06353282099531905,0.2520571780277623,0.001877756520500854,11.675497446102394,5126.167267134597,0.00010759845745807559,1.0007119279097239,1.0007705924966779,1.0010420017959143,3.0,1.0,0.1,0.1,,False,0.0001
0,mi,0.00012915496650148838,4.848943409332239,0.06349750627207303,0.25198711528979617,0.001876429550476225,11.675507929779632,9707.495954214672,5.679843969663128e-05,1.0003756290869756,1.0004066106208385,1.0005498719297499,3.0,1.0,0.1,0.1,,False,0.0001
0,mi,0.00024484367468222265,4.8489655363833055,0.06347888531501827,0.2519501643480676,0.0018757299559431194,11.675513457962825,18392.488190080654,2.9972382874849186e-05,1.0001981685433559,1.0002145213167082,1.0002901175194576,3.0,1.0,0.1,0.1,,False,0.0001
0,mi,0.00046415888336127817,4.848977208023191,0.06346906486918415,0.25193067472855335,0.0018753610263918033,11.675516373533732,34856.93978053599,1.5813547846491275e-05,1.000104540614665,1.0001131694885173,1.000153053675903,3.0,1.0,0.1,0.1,,False,0.0001
0,mi,0.0008799225435691074,4.8489833647009295,0.06346388517287395,0.25192039451555714,0.0018751664457857394,11.675517911344185,66069.18880197294,8.342511589035746e-06,1.0000551470265415,1.0000596995317403,1.000080740436507,3.0,1.0,0.1,0.1,,False,0.0001
0,mi,0.001668100537200059,4.848986612347916,0.06346115304899226,0.2519149718635085,0.0018750638128837505,11.675518722496314,125239.36266967465,4.400914466306313e-06,1.0000290905643023,1.000031492225636,1.0000425918554567,3.0,1.0,0.1,0.1,,False,0.0001
0,mi,0.0031622776601683794,4.848988325349475,0.06345971189638126,0.2519121114523501,0.001875009676204594,11.675519150368542,237410.37113563763,2.3215484474396446e-06,1.0000153454099376,1.0000166123457441,1.0000224675527012,3.0,1.0,0.1,0.1,,False,0.0001
0,mi,0.005994842503189409,4.848989229060744,0.06345895170947864,0.2519106026142581,0.0018749811201003003,11.675519376066728,450056.95127922663,1.2246348681793117e-06,1.0000080947398098,1.0000087630648156,1.000011851728033,3.0,1.0,0.1,0.1,,False,0.0001
0,mi,0.011364636663857255,4.8489897056204185,0.06345855069795309,0.25190980667285084,0.0018749660561142864,11.675519495126284,853178.6544444758,6.459997491078414e-07,1.0000042699841625,1.0000046225300652,1.000006251811045,3.0,1.0,0.1,0.1,,False,0.0001
0,mi,0.021544346900318843,4.84898995740607,0.06345833915551431,0.25190938679516156,0.0018749581096343926,11.675519557936369,1617390.8394001457,3.407661292772458e-07,1.0000022524185335,1.0000024383876898,1.0000032978362785,3.0,1.0,0.1,0.1,,False,0.0001
0,mi,0.04084238652674522,4.848990089157608,0.06345822761818967,0.25190916541124436,0.0018749539194914179,11.675519591051561,3066135.125514638,1.7975443699925885e-07,1.0000011881509892,1.0000012862500252,1.0000017396098355,3.0,1.0,0.1,0.1,,False,0.0001
0,mi,0.07742636826811278,4.848990160474154,0.06345816860876491,0.2519090482868071,0.0018749517045685937,11.675519608520327,5812571.315459756,9.482052508173077e-08,1.0000006267495412,1.0000006784968543,1.0000009176442803,3.0,1.0,0.1,0.1,,False,0.0001
0,mi,0.14677992676220705,4.8489902001211,0.06345813763346618,0.2519089868056838,0.0018749505385744212,11.675519617763749,11019088.317061603,5.001783042440486e-08,1.0000003306102665,1.000000357906987,1.0000004840572563,3.0,1.0,0.1,0.1,,False,0.0001
0,mi,0.2782559402207126,4.848990214491078,0.06345812094121163,0.25190895367416305,0.0018749499177296086,11.675519622665707,20889268.205761135,2.638439954031391e-08,1.0000001743968374,1.0000001887958572,1.0000002553401073,3.0,1.0,0.1,0.1,,False,0.0001
0,mi,0.5274997063702619,4.848990232744835,0.06345811225743482,0.2519089364382193,0.001874949568900566,11.675519625563812,39600519.88847117,1.3917765442151493e-08,1.0000000919942857,1.0000000995897667,1.0000001346918446,3.0,1.0,0.1,0.1,,False,0.0001
0,mi,1.0,4.8489902397081845,0.06345810870491081,0.2519089293870124,0.0018749494428406718,11.675519626532205,75072108.24865636,7.3416178117609055e-09,1.0000000485269602,1.0000000525335746,1.000000071049912,3.0,1.0,0.1,0.1,,False,0.0001
0,surprisal,0.0031622776601683794,4.859611978412433,0.5206050506378239,-0.7215296602620186,0.023554116511463725,11.651121300615964,-0.10522208957495846,18.785852288442477,433.02520197778654,492.56112479302175,454.2891207225989,3.0,1.0,0.1,0.1,,False,0.0001
0,surprisal,0.005623413251903491,4.859611978412433,0.5126782751288418,-0.716015555088604,0.023132638573434065,11.651121300615964,-0.07476010596000178,26.072384820168594,410.6257274897466,490.0788871721831,428.8720924758375,3.0,1.0,0.1,0.1,,False,0.0001
0,surprisal,0.01,4.859611978412433,0.507934546883481,-0.7126952693006184,0.023120581183552348,11.651121300615964,-0.05527617713330526,35.92376391260179,376.6155814746382,486.3829675714596,402.27767739271866,3.0,1.0,0.1,0.1,,False,0.0001
0,surprisal,0.01778279410038923,4.859611978412433,0.5174464643277868,-0.7193375176701038,0.023666523542052016,11.651121300615964,-0.042146433160583516,47.923745340349804,333.3626125207338,478.59564563507905,371.4615413730389,3.0,1.0,0.1,0.1,,False,0.0001
0,surprisal,0.03162277660168379,4.859611978412433,0.522497943880049,-0.7228401924907393,0.024147477968727515,11.651121300615964,-0.03283206578817391,62.29050893950636,286.68001878021715,470.10955935251496,332.9672949751276,3.0,1.0,0.1,0.1,,False,0.0001
0,surprisal,0.056234132519034905,4.859611978412433,0.5203005981166907,-0.7213186522728292,0.02385361558537735,11.651121300615964,-0.025907560052037353,79.48155881586501,231.13909415291312,453.14672960863254,279.04903658046265,3.0,1.0,0.1,0.1,,False,0.0001
0,surprisal,0.09999999999999999,4.859611978412433,0.5248533613807338,-0.724467639981755,0.023988633071643166,11.651121300615964,-0.021533433346353933,94.34700371801112,165.12601351677336,426.09002566343065,225.57406282467437,3.0,1.0,0.1,0.1,,False,0.0001
0,surprisal,0.1778279410038923,4.859611978412433,0.5533622475473069,-0.743883221713803,0.025263181724382536,11.651121300615964,-0.019523164877219695,106.47206790409075,93.00628431794951,391.4750844517792,173.059555525202,3.0,1.0,0.1,0.1,,False,0.0001
0,surprisal,0.31622776601683794,4.859611978412433,0.5734338922188458,-0.7572541794000518,0.026323305089837948,11.651121300615964,-0.019495570876294326,108.46669101993089,24.60927098507378,339.96346196162216,118.39777895482645,3.0,1.0,0.1,0.1,,False,0.0001
0,surprisal,0.5623413251903491,4.859611978412433,0.6721344884213531,-0.8198380867106341,0.03227310482876936,11.651121300615964,-0.02788432992585584,85.77103086567527,1.7041088769108617,228.83153859196162,66.01972747997515,3.0,1.0,0.1,0.1,,False,0.0001
0,surprisal,1.0,4.859611978412433,0.7641840835044104,-0.874176231376952,0.03997633496420393,11.651121300615964,-0.09660872211522235,27.30525362725005,1.0535999893692012,70.32299793869383,13.957405427263973,3.0,1.0,0.1,0.1,,False,0.0001
0,surprisal,1.7782794100389228,4.859611978412433,0.6043217653349703,-0.7773813512909673,0.03230971451065215,11.651121300615964,-1.925356617451283,1.2119324207908106,1.034718070150387,4.945522279223554,2.217693463102681,3.0,1.0,0.1,0.1,,False,0.0001
0,surprisal,3.162277660168379,4.603368749052208,0.402595036950917,0.6345037722117316,0.020389741476166706,11.536014530478523,276.80506995203825,0.006903865211995759,1.0214751499677897,1.000957685121168,1.0146890916564468,3.0,1.0,0.1,0.1,,False,0.0001
0,surprisal,5.62341325190349,4.601068640682281,0.40063347197066373,0.63295613747768,0.020368100852397635,11.53591653261942,452.9757744906464,0.004199724736299892,1.0128325454549836,1.0005713723733025,1.0093193252035764,3.0,1.0,0.1,0.1,,False,0.0001
0,surprisal,10.0,4.599776989262484,0.3986016020230695,0.6313490334379783,0.02031699630572327,11.536089272108319,762.6116572655077,0.002483510571780698,1.0074886001854522,1.000332778716844,1.0056715941747723,3.0,1.0,0.1,0.1,,False,0.0001
0,surprisal,17.78279410038923,4.599100601893973,0.3969993565145903,0.6300788494423458,0.02026818934700892,11.536309852530568,1310.4417090074444,0.0014403568155745114,1.0043043927184476,1.000190983678089,1.0033502249423456,3.0,1.0,0.1,0.1,,False,0.0001
0,surprisal,31.622776601683796,4.598752658043068,0.3959063191671701,0.6292108701915202,0.020232175374104,11.536488067243354,2282.72163581983,0.0008249668806902997,1.0024514446447264,1.000108657277763,1.0019403736507557,3.0,1.0,0.1,0.1,,False,0.0001
0,surprisal,56.23413251903491,4.59857155763213,0.395219873528284,0.6286651521503988,0.020208681791800794,11.53660910250162,4010.4894267831287,0.000468888079754856,1.0013885924649142,1.0000615085419107,1.0011101287405708,3.0,1.0,0.1,0.1,,False,0.0001
0,surprisal,100.0,4.598475279586131,0.3948088175747883,0.6283381395194695,0.0201943321493269,11.536684540842177,7082.20682017677,0.00026529329213550377,1.0007840890418491,1.0000347186347465,1.0006304933796284,3.0,1.0,0.1,0.1,,False,0.0001
0,surprisal_b,0.0031622776601683794,4.292155825495321,0.5513152878824857,0.7425060860912089,0.028169769395642436,11.507785665855383,0.41966068721968347,5.108686301235679,441.5413787165905,423.6717306430849,430.8653956005562,3.0,1.0,0.1,0.1,,False,0.0001
0,surprisal_b,0.005623413251903491,4.293115879897748,0.5508483366409338,0.742191576778485,0.028099186097410255,11.507847652215476,0.2744181477695785,7.802390464513434,402.34255056773145,375.049105362388,386.0013351163441,3.0,1.0,0.1,0.1,,False,0.0001
0,surprisal_b,0.01,4.294872276486505,0.5499699531907666,0.7415995908782357,0.027977196857558465,11.50799093251534,0.1999665049908473,10.683195576218019,343.81020795939816,306.43397165821716,321.3536121146647,3.0,1.0,0.1,0.1,,False,0.0001
0,surprisal_b,0.01778279410038923,4.298017805408746,0.5483179475358029,0.7404849407893471,0.02777513509027615,11.508327523735819,0.17316075901894887,12.290725724188125,266.4914123390668,223.47431523367007,240.5071544880874,3.0,1.0,0.1,0.1,,False,0.0001
0,surprisal_b,0.03162277660168379,4.303183518228026,0.5453325599692497,0.73846635669423,0.02747333635686201,11.509085421871433,0.1915300373458071,11.049637033703963,181.99918862286697,143.28974407398772,158.4426315781828,3.0,1.0,0.1,0.1,,False,0.0001
0,surprisal_b,0.056234132519034905,4.310382422927997,0.5402778023827579,0.7350359191105955,0.027097757369565968,11.510643805031922,0.27619380897393536,7.609258047957192,110.41386513623712,83.71521298027922,94.00121503050723,3.0,1.0,0.1,0.1,,False,0.0001
0,surprisal_b,0.09999999999999999,4.319797679711534,0.5320427635951392,0.7294126154620163,0.026666650564332116,11.513435286281467,0.4665935342603186,4.468565452946019,63.23366721022126,47.53801353936797,53.43579980335948,3.0,1.0,0.1,0.1,,False,0.0001
0,surprisal_b,0.1778279410038923,4.330849832066104,0.5217805497677473,0.7223437891805725,0.026185274352077632,11.516957347076024,0.812562875276297,2.543280436099729,36.02954994905193,27.09439421997922,30.347054469125982,3.0,1.0,0.1,0.1,,False,0.0001
0,surprisal_b,0.31622776601683794,4.339298816549862,0.5140176455285573,0.716950239227631,0.025812373196649183,11.519704504902718,1.41952072369127,1.445912828431427,20.727537943539684,15.645594710404495,17.450070392167003,3.0,1.0,0.1,0.1,,False,0.0001
0,surprisal_b,0.5623413251903491,4.342253771443708,0.5115938300822238,0.7152578766306763,0.02567076172903714,11.520772689870189,2.492430950331753,0.8214657227670038,12.12685136781751,9.236338123428958,10.253151492864815,3.0,1.0,0.1,0.1,,False,0.0001
0,surprisal_b,1.0,4.341678815010187,0.5127827112636498,0.7160884800523255,0.025689288874083525,11.52065428216031,4.38215916844456,0.46747154845414896,7.288087334311615,5.640419552169746,6.221076241031163,3.0,1.0,0.1,0.1,,False,0.0001
0,surprisal_b,1.7782794100389228,4.340575805454698,0.5148239924350495,0.7175123639597087,0.025760491134220027,11.520093371569038,7.673421085591013,0.2673581785762138,4.561455754650411,3.617306079376384,3.9519536015438845,3.0,1.0,0.1,0.1,,False,0.0001
0,surprisal_b,3.162277660168379,4.339032031920636,0.5176249462655608,0.7194615669134529,0.025887992915320294,11.519121959616438,13.357986977798005,0.15394778042222412,3.021801519186267,2.476845311720304,2.6715735217360863,3.0,1.0,0.1,0.1,,False,0.0001
0,surprisal_b,5.62341325190349,4.336281801253163,0.5219084853927408,0.7224323396642351,0.026089978277406892,11.517676918724433,23.157747234116577,0.08913567928444961,2.149663982650638,1.833172306000912,1.9474437600132217,3.0,1.0,0.1,0.1,,False,0.0001
0,surprisal_b,10.0,4.3327839490175695,0.5270892974433453,0.7260091579610723,0.026322647324460484,11.516060850539763,40.12411756389954,0.05167579704817882,1.6538478656712623,1.4697569350954005,1.536933690868893,3.0,1.0,0.1,0.1,,False,0.0001
0,surprisal_b,17.78279410038923,4.3297069833729305,0.5317458729888288,0.7292090735782357,0.02652186752619857,11.514689064599148,69.72627033540417,0.029852739817223802,1.3713260592315828,1.2646689304699288,1.3039099367242395,3.0,1.0,0.1,0.1,,False,0.0001
0,surprisal_b,31.622776601683796,4.327601511718748,0.5351167341867418,0.7315167354112562,0.02666147661572773,11.513725693992388,121.79225698232223,0.01713688902736147,1.2103835677201957,1.1490259464238766,1.1717168369980977,3.0,1.0,0.1,0.1,,False,0.0001
0,surprisal_b,56.23413251903491,4.326343351159251,0.5372683354420941,0.7329859039859458,0.026749053910619436,11.513117452444897,213.900224677128,0.009773686740987617,1.1189152384125765,1.0838718564928247,1.096868416105303,3.0,1.0,0.1,0.1,,False,0.0001
0,surprisal_b,100.0,4.325633041748305,0.5385562553011977,0.7338639215148798,0.026801097080539283,11.512753608953137,377.34886001273276,0.0055455305725332325,1.0670884770401154,1.047187948753993,1.0545796082420373,3.0,1.0,0.1,0.1,,False,0.0001
0,mi_concept,9.999999999999999e-06,4.84838508202125,0.0639690334663688,0.25292100242243387,0.0018941695765311462,11.675368019455593,762.3252954614056,0.0007267227677118711,1.0048364922779311,1.0052305062528117,1.0070649751458451,3.0,1.0,0.1,0.1,,False,0.0001
0,mi_concept,1.8957356524063752e-05,4.848671099982115,0.06372724813771119,0.25244256403727006,0.001885068804043579,11.675439751856263,1434.7546956640583,0.00038518939729201594,1.0025552770690422,1.0027647665490909,1.0037367009974305,3.0,1.0,0.1,0.1,,False,0.0001
0,mi_concept,3.5938136638046256e-05,4.848821910539119,0.06360005194121414,0.2521905072385044,0.0018802856639856108,11.675477501178609,2709.530968842918,0.00020370428202461642,1.0013490326947692,1.0014600001939657,1.001973888349563,3.0,1.0,0.1,0.1,,False,0.0001
0,mi_concept,6.812920690579608e-05,4.8489014453704,0.06353305287673668,0.25205763800515285,0.0018777674642602386,11.675497388850854,5126.184539161595,0.00010759840628384673,1.00071192788299,1.000770592241308,1.001042001494681,3.0,1.0,0.1,0.1,,False,0.0001
0,mi_concept,0.00012915496650148838,4.848943395054692,0.06349773796322859,0.25198757501755636,0.0018764404842696828,11.67550787258528,9707.528656130868,5.679841268729533e-05,1.000375629072869,1.0004066104860845,1.000549871770792,3.0,1.0,0.1,0.1,,False,0.0001
0,mi_concept,0.00024484367468222265,4.848965522139978,0.06347911690551165,0.2519506239434855,0.0018757408844752386,11.675513400798703,18392.550142997796,2.997236862324909e-05,1.0001981685359134,1.0002145212456126,1.0002901174355912,3.0,1.0,0.1,0.1,,False,0.0001
0,mi_concept,0.00046415888336127817,4.848977193787993,0.06346929640785492,0.25193113425667524,0.0018753719521863166,11.675516316384934,34857.05718601647,1.581354032757167e-05,1.0001045406107385,1.0001131694510106,1.000153053631659,3.0,1.0,0.1,0.1,,False,0.0001
0,mi_concept,0.0008799225435691074,4.848983350473464,0.0634641166829386,0.2519208540056551,0.0018751773700805053,11.675517854204907,66069.41133004036,8.342507622462198e-06,1.0000551470244705,1.0000596995119546,1.000080740413167,3.0,1.0,0.1,0.1,,False,0.0001
0,mi_concept,0.001668100537200059,4.848986598088847,0.06346138453931904,0.2519154313243217,0.0018750747361876486,11.675518665362521,125239.78447457637,4.400912373892025e-06,1.0000290905632097,1.0000314922151987,1.0000425918431446,3.0,1.0,0.1,0.1,,False,0.0001
0,mi_concept,0.0031622776601683794,4.84898831118155,0.06345994338744215,0.2519125709198375,0.0018750205994428773,11.675519093234001,237411.17074921005,2.3215473436551707e-06,1.0000153454093614,1.0000166123402383,1.0000224675462064,3.0,1.0,0.1,0.1,,False,0.0001
0,mi_concept,0.005994842503189409,4.848989214892727,0.06345918318378418,0.251911062051241,0.0018749920426783667,11.675519318936692,450058.4670182689,1.2246342859484553e-06,1.0000080947395056,1.0000087630619114,1.0000118517246073,3.0,1.0,0.1,0.1,,False,0.0001
0,mi_concept,0.011364636663857255,4.848989691447599,0.06345878218910268,0.25191026614471806,0.001874976979079094,11.675519437994117,853181.5280333142,6.459994419587658e-07,1.0000042699840022,1.000004622528533,1.0000062518092379,3.0,1.0,0.1,0.1,,False,0.0001
0,mi_concept,0.021544346900318843,4.848989942905238,0.06345857069962293,0.25190984637290964,0.0018749690350714518,11.675519500776002,1617396.2879522971,3.407659672783668e-07,1.0000022524184489,1.0000024383868815,1.000003297835325,3.0,1.0,0.1,0.1,,False,0.0001
0,mi_concept,0.04084238652674522,4.848990075904662,0.0634584590557808,0.2519096247779763,0.0018749648405605958,11.675519533943826,3066145.4509972828,1.7975435152343734e-07,1.0000011881509445,1.0000012862495988,1.0000017396093326,3.0,1.0,0.1,0.1,,False,0.0001
0,mi_concept,0.07742636826811278,4.848990145823004,0.06345840025408309,0.2519095080660575,0.001874962631059523,11.675519551396397,5812590.89610716,9.48204800325469e-08,1.0000006267495176,1.0000006784966293,1.0000009176440152,3.0,1.0,0.1,0.1,,False,0.0001
0,mi_concept,0.14677992676220705,4.848990186185086,0.06345836892889777,0.25190944589057745,0.001874961454475368,11.675519560764444,11019125.409390556,5.00178066398859e-08,1.000000330610254,1.0000003579068684,1.0000004840571164,3.0,1.0,0.1,0.1,,False,0.0001
0,mi_concept,0.2782559402207126,4.848990199365209,0.06345835295578185,0.25190941418649254,0.0018749608581607419,11.675519565383532,20889338.681434885,2.6384387001104148e-08,1.000000174396831,1.0000001887957946,1.0000002553400333,3.0,1.0,0.1,0.1,,False,0.0001
0,mi_concept,0.5274997063702619,4.848990215884404,0.06345834418102576,0.25190939677000096,0.0018749605117435526,11.675519568303931,39600653.40535772,1.3917758833383074e-08,1.0000000919942822,1.0000000995897336,1.0000001346918057,3.0,1.0,0.1,0.1,,False,0.0001
0,mi_concept,1.0,4.848990213562733,0.063458338693899,0.2519093858789287,0.001874960313116575,11.675519570092746,75072359.72564222,7.341614369887583e-09,1.0000000485269585,1.0000000525335573,1.0000000710498915,3.0,1.0,0.1,0.1,,False,0.0001
1,eig_code,1e-07,4.1313538843523165,0.6913763316282135,0.8314904278632518,0.032657441788693814,11.471237117832278,1.0893060171206748,2.239199877632492,480.93408937896925,475.86484588946513,483.0711463521764,3.0,1.0,0.1,0.2,,False,0.0001
1,eig_code,2.1544346900318822e-07,4.135705648606346,0.6876748560289941,0.8292616330380865,0.03240522630829542,11.472699585416274,0.5370390145306777,4.524368909975843,460.1942264200688,450.05437661503356,464.6127277384192,3.0,1.0,0.1,0.2,,False,0.0001
1,eig_code,4.641588833612782e-07,4.1451272771498076,0.679654713954354,0.8244117381226167,0.03186699259707809,11.47583828416506,0.2830661241430583,8.512034161760306,419.7141328485988,401.0454258586058,428.42468679995915,3.0,1.0,0.1,0.2,,False,0.0001
1,eig_code,1e-06,4.165333069983122,0.6624180238550302,0.813890670701557,0.03074388491855965,11.482458567992527,0.17065049351483447,13.865907337880683,348.76999328017405,319.7210226833732,364.2754591198595,3.0,1.0,0.1,0.2,,False,0.0001
1,eig_code,2.1544346900318822e-06,4.20591962099979,0.6276076634041592,0.7922169295112035,0.028589336343618887,11.495384843544905,0.1319546181140101,17.27849473732521,247.95029994768254,214.92238753672754,270.30026318706825,3.0,1.0,0.1,0.2,,False,0.0001
1,eig_code,4.641588833612773e-06,4.267663217218416,0.5740987847963974,0.7576930676708066,0.025512171231999024,11.514235772427455,0.15048414760968473,14.283499903391142,147.73600736466335,124.10245655329368,169.72094617267047,3.0,1.0,0.1,0.2,,False,0.0001
1,eig_code,9.999999999999999e-06,4.309682233268783,0.5372979838752796,0.7330061281294172,0.023570587785443065,11.526253092469421,0.26039515310091954,7.92288885844961,83.6774490675266,71.87743698407364,97.223758699698,3.0,1.0,0.1,0.2,,False,0.0001
1,eig_code,2.154434690031882e-05,4.316394986417125,0.5310981730087373,0.7287648269563627,0.0232960437211108,11.527916226764777,0.5384493611525966,3.813146763289802,51.96023867519875,46.387831083820366,58.6179905444379,3.0,1.0,0.1,0.2,,False,0.0001
1,eig_code,4.641588833612773e-05,4.316450127535052,0.5303261410536231,0.7282349490745573,0.02330767505980355,11.527822970147326,1.0646969994378512,1.9349157237456216,36.06221343639303,33.2481580479898,39.45895228570445,3.0,1.0,0.1,0.2,,False,0.0001
1,eig_code,9.999999999999999e-05,4.320455641478963,0.525869592537817,0.7251686648896358,0.023116727424469557,11.529103701566251,1.8097945027993636,1.1393728258321882,26.9261488900235,25.305575713440586,28.95627500385312,3.0,1.0,0.1,0.2,,False,0.0001
1,eig_code,0.00021544346900318823,4.345330819531773,0.502905713662449,0.7091584545519068,0.02188329935234837,11.537150009079665,2.5779029270249247,0.7819400964473201,20.629046825453546,19.611966505647143,22.099169655873173,3.0,1.0,0.1,0.2,,False,0.0001
1,eig_code,0.00046415888336127773,4.393829516796775,0.4584837176781543,0.6771142574766494,0.01949876279053846,11.552739066979793,3.364932320125296,0.5670241610524126,15.840808293802588,15.224482606061855,17.005758882100857,3.0,1.0,0.1,0.2,,False,0.0001
1,eig_code,0.001,4.4613870767772505,0.39578946852201463,0.6291180084229148,0.01623920111676808,11.574173317879715,4.231988284144131,0.4117993077523995,12.136852141955332,11.807521183567474,13.075761161078242,3.0,1.0,0.1,0.2,,False,0.0001
1,eig_code,0.002154434690031882,4.549100777628463,0.31271431124451654,0.5592086473263057,0.012137272450261985,11.601191811508412,5.039001347461947,0.29880280209812327,9.27048981478278,9.14424004162697,10.032212318530979,3.0,1.0,0.1,0.2,,False,0.0001
1,eig_code,0.004641588833612772,4.654026065585185,0.21068337464494968,0.45900258675191546,0.007436473436294949,11.632136578722712,5.38457358313404,0.21850529400949228,7.054316319291849,7.06836329257152,7.674803620138342,3.0,1.0,0.1,0.2,,False,0.0001
1,eig_code,0.01,4.760491966712341,0.10404314444322621,0.3225571956153299,0.002999620065212928,11.661498061241815,4.570556640790084,0.16286676161982433,5.344932805071648,5.451318198714382,5.850255711910198,3.0,1.0,0.1,0.2,,False,0.0001
1,eig_code,0.021544346900318822,4.837699841924282,0.02438774276322453,0.15616575413074574,0.0003158518265646413,11.677320090767271,1.9201740597478598,0.12458676267136154,4.03385010520587,4.1946997672516195,4.442710851704467,3.0,1.0,0.1,0.2,,False,0.0001
1,eig_code,0.046415888336127725,4.8596354360869825,0.00021856914328344213,-0.014784084120548088,0.00035972655390540537,11.653594138631222,-2.581976809706055,0.09721698377254169,3.040276503287217,3.22368623564441,3.3657351995018487,3.0,1.0,0.1,0.2,,False,0.0001
1,eig_code,0.09999999999999999,4.859611978412433,0.025520473695244343,-0.15975128699088575,0.002437756425149448,11.651121300615964,-8.482315672356844,0.07560631003748904,2.3046187154974405,2.4825542139470547,2.555226366063692,3.0,1.0,0.1,0.2,,False,0.0001
1,kl,1e-07,4.149397306592146,0.6854731466878382,0.8279330568879577,0.0341185559190921,11.453465358434517,0.24775981568038305,9.851279633297558,417.13005373087475,384.40787843531365,412.945536139893,3.0,1.0,0.1,0.2,,False,0.0001
1,kl,2.1544346900318822e-07,4.154301487057786,0.682074087366281,0.8258777678120903,0.03334681584021819,11.457216644059006,0.17222846369783837,13.728373960609762,357.2636684665244,312.06383774931436,353.3337695495431,3.0,1.0,0.1,0.2,,False,0.0001
1,kl,4.641588833612782e-07,4.163543946426821,0.6717652219833041,0.8196128488398069,0.03194495928712119,11.465741374210756,0.14147513480646365,16.205987581765402,276.2611971702493,224.32943105313473,273.6741770157717,3.0,1.0,0.1,0.2,,False,0.0001
1,kl,1e-06,4.170217698878959,0.6643039858211509,0.8150484561185003,0.030623106974401595,11.474382907458097,0.15007496920856103,14.975026068244542,186.4319526180243,140.26358078642784,186.29313036252452,3.0,1.0,0.1,0.2,,False,0.0001
1,kl,2.1544346900318822e-06,4.174381886475036,0.6607289424532804,0.8128523497248934,0.02963165434174806,11.481501829326183,0.21523241894415754,10.305829355129802,109.73832812916844,79.50862119434483,111.58900396051035,3.0,1.0,0.1,0.2,,False,0.0001
1,kl,4.641588833612773e-06,4.166354645702534,0.6689443480661782,0.8178901809327327,0.029759705298844426,11.48225049680192,0.41660244265423363,5.33843490843284,61.18904939400307,46.27407785211057,62.9283818279551,3.0,1.0,0.1,0.2,,False,0.0001
1,kl,9.999999999999999e-06,4.1321635224710365,0.7008136672557942,0.8371461445027351,0.032144431150786745,11.468528089153038,0.9917396773649552,2.351827384347126,37.286318764453526,30.881099014872436,38.1123807301848,3.0,1.0,0.1,0.2,,False,0.0001
1,kl,2.154434690031882e-05,4.085613298679134,0.7434929080628382,0.8622603481912167,0.03617401693142435,11.443634303847022,2.224043021217946,1.1367079671203864,26.422199329354203,23.3244698000259,26.673748817677136,3.0,1.0,0.1,0.2,,False,0.0001
1,kl,4.641588833612773e-05,4.0649030766628975,0.7638582642165208,0.8739898536118831,0.038271052099516284,11.429277283880545,3.6254540943747218,0.7242129848370529,20.477491778185456,18.484318590962243,20.50106492869097,3.0,1.0,0.1,0.2,,False,0.0001
1,kl,9.999999999999999e-05,4.068246498823625,0.763656450356172,0.8738743904910888,0.03824814946112479,11.427590680565165,4.945858034866734,0.530022714800929,16.242325737145404,14.793859625513482,16.232113499611383,3.0,1.0,0.1,0.2,,False,0.0001
1,kl,0.00021544346900318823,4.075833099912094,0.7613149719252534,0.872533650884167,0.03831051526305496,11.426192415453727,6.716805696479587,0.3904480756383317,12.945166479475061,11.902538294546405,12.96101340364811,3.0,1.0,0.1,0.2,,False,0.0001
1,kl,0.00046415888336127773,4.081575015887841,0.7647528691719995,0.8745014975241606,0.039130627554277556,11.421350264401715,9.360589763126375,0.28392683955302167,10.364058647980672,9.641698183529316,10.40737890907779,3.0,1.0,0.1,0.2,,False,0.0001
1,kl,0.001,4.087732100132528,0.7693620348698073,0.8771328490427247,0.04022619513028808,11.41593548007446,13.17233467074707,0.20541556496523294,8.341493772570125,7.858909037769094,8.399875742614894,3.0,1.0,0.1,0.2,,False,0.0001
1,kl,0.002154434690031882,4.0973593380885465,0.7615052477260625,0.8726426804403178,0.04050551878747118,11.415631073427466,18.330837563214544,0.14927230297136643,6.7508946223032416,6.433391503903935,6.80716858984264,3.0,1.0,0.1,0.2,,False,0.0001
1,kl,0.004641588833612772,4.110712515297306,0.7409919328005776,0.8608088828541314,0.03977556925875049,11.421349160509608,25.093712900015905,0.10949099938680708,5.496621146518563,5.286317894738149,5.5310980142380295,3.0,1.0,0.1,0.2,,False,0.0001
1,kl,0.01,4.120367227338989,0.7297038035662062,0.8542270210934598,0.03935747458579374,11.426023928485577,33.24109120268314,0.08306770076550747,4.50299491404253,4.351936993770251,4.502929771211601,3.0,1.0,0.1,0.2,,False,0.0001
1,kl,0.021544346900318822,4.130669417053922,0.7349177190471805,0.8572734214048517,0.03931934634001941,11.429224848705982,39.50363715442341,0.06914321093928175,3.7048114478901972,3.5696612958124327,3.6655945731801904,3.0,1.0,0.1,0.2,,False,0.0001
1,kl,0.046415888336127725,4.181577293821403,0.721584019459533,0.8494610170334675,0.03751286026426772,11.44241660678544,39.58031889258611,0.06529951954925857,3.047118225819643,2.8975552310271357,2.971864049798398,3.0,1.0,0.1,0.2,,False,0.0001
1,kl,0.09999999999999999,4.267972162391851,0.6817032020905135,0.825653197226604,0.03456551642724613,11.460256582111956,37.576339269317764,0.0644058753580297,2.489470061592565,2.3239033828298536,2.395022948024113,3.0,1.0,0.1,0.2,,False,0.0001
1,mi,9.999999999999999e-06,4.859611978412433,0.0957894329866044,-0.3094986801047856,0.006030609797074125,11.651121300615964,-1127.3539862550726,0.0008803417080495335,1.005391231540237,1.0076817157782065,1.0080247188175728,3.0,1.0,0.1,0.2,,False,0.0001
1,mi,1.8957356524063752e-05,4.859611978412433,0.0959751714550944,-0.3097985982135723,0.0060380692760943966,11.651121300615964,-2119.8481719599013,0.0004683786532322038,1.002848928219626,1.004068788969379,1.0042503117826982,3.0,1.0,0.1,0.2,,False,0.0001
1,mi,3.5938136638046256e-05,4.859611978412433,0.09607230953933027,-0.30995533474894454,0.00604194911320997,11.651121300615964,-4001.352854471355,0.0002481950898201236,1.0015042207444358,1.0021509720133308,1.0022468905966366,3.0,1.0,0.1,0.2,,False,0.0001
1,mi,6.812920690579608e-05,4.859611978412433,0.09612331384400472,-0.31003760069385894,0.006043980245064601,11.651121300615964,-7568.187322255485,0.00013123792170066184,1.0007938696670913,1.0011359478445296,1.0011865911054127,3.0,1.0,0.1,0.2,,False,0.0001
1,mi,0.00012915496650148838,4.859611978412433,0.09615015254604642,-0.31008088065220407,0.006045047333944841,11.651121300615964,-14329.962034805678,6.931592196773603e-05,1.000418875671579,1.000599577843045,1.0006263050473245,3.0,1.0,0.1,0.2,,False,0.0001
1,mi,0.00024484367468222265,4.859611978412433,0.09616429151716131,-0.31010367865789873,0.006045609013781565,11.651121300615964,-27148.499136795537,3.658864463616846e-05,1.0002209873229562,1.0003163790337464,1.0003304812203302,3.0,1.0,0.1,0.2,,False,0.0001
1,mi,0.00046415888336127817,4.859611978412433,0.09617174468136705,-0.31011569563852626,0.006045904962680082,11.651121300615964,-51449.05677695307,1.93073271927015e-05,1.0001165792453908,1.0001669182219814,1.0001743581220912,3.0,1.0,0.1,0.2,,False,0.0001
1,mi,0.0008799225435691074,4.859611978412433,0.0961756747948483,-0.31012203210163625,0.006046060981916536,11.651121300615964,-97516.49018754078,1.018651022624435e-05,1.0000614978825357,1.000088057211559,1.0000919820352752,3.0,1.0,0.1,0.2,,False,0.0001
1,mi,0.001668100537200059,4.859611978412433,0.09617774752813386,-0.3101253738863266,0.006046143255764453,11.651121300615964,-184848.16607333953,5.373910194736889e-06,1.0000324407730596,1.0000464523514914,1.0000485227723852,3.0,1.0,0.1,0.2,,False,0.0001
1,mi,0.0031622776601683794,4.859611978412433,0.09617884078222438,-0.31012713648151524,0.00604618664784173,11.651121300615964,-350405.93760785356,2.834883278134822e-06,1.000017112681386,1.0000245042135145,1.0000255963815052,3.0,1.0,0.1,0.2,,False,0.0001
1,mi,0.005994842503189409,4.859611978412433,0.09617941743557895,-0.3101280661848891,0.006046209534711247,11.651121300615964,-664259.707616756,1.4954410668050809e-06,1.0000090269853625,1.0000129261356645,1.0000135022599632,3.0,1.0,0.1,0.2,,False,0.0001
1,mi,0.011364636663857255,4.859611978412433,0.09617972161868515,-0.3101285565998158,0.006046221607473976,11.651121300615964,-1259243.4890615996,7.888561242174046e-07,1.000004761746307,1.0000068185801367,1.000007122487206,3.0,1.0,0.1,0.2,,False,0.0001
1,mi,0.021544346900318843,4.859611978412433,0.09617988210312836,-0.31012881533828546,0.006046227976662372,11.651121300615964,-2387175.456351811,4.161245462324126e-07,1.0000025118237241,1.000003596812201,1.0000037571235556,3.0,1.0,0.1,0.2,,False,0.0001
1,mi,0.04084238652674522,4.859611978412433,0.09617996680475357,-0.3101289518970352,0.006046231339924298,11.651121300615964,-4525436.301564864,2.1950645866956824e-07,1.0000013249873747,1.0000018973210476,1.0000019818853694,3.0,1.0,0.1,0.2,,False,0.0001
1,mi,0.07742636826811278,4.859611978412433,0.09618001123421202,-0.3101290235276473,0.006046233100292134,11.651121300615964,-8579013.612076927,1.1578983809740327e-07,1.0000006989307566,1.000001000837316,1.000001045445007,3.0,1.0,0.1,0.2,,False,0.0001
1,mi,0.14677992676220705,4.859611978412433,0.0961800346369046,-0.3101290612582197,0.006046234026975415,11.651121300615964,-16263524.649788313,6.107917391419836e-08,1.000000368685854,1.0000005279416742,1.000000551472228,3.0,1.0,0.1,0.2,,False,0.0001
1,mi,0.2782559402207126,4.859611978412433,0.09618004763634583,-0.3101290822163343,0.006046234552732545,11.651121300615964,-30831326.266430978,3.221926533673049e-08,1.0000001944817034,1.0000002784891573,1.0000002909015202,3.0,1.0,0.1,0.2,,False,0.0001
1,mi,0.5274997063702619,4.859611978412433,0.0961800546904138,-0.3101290935891275,0.006046234851457396,11.651121300615964,-58448027.229250215,1.699565831647589e-08,1.000000102589048,1.0000001469029707,1.0000001534504892,3.0,1.0,0.1,0.2,,False,0.0001
1,mi,1.0,4.859611978412433,0.09618005837086534,-0.3101290995228686,0.006046234994491063,11.651121300615964,-110801992.09620753,8.965206210695509e-09,1.0000000541156946,1.00000007749128,1.0000000809450944,3.0,1.0,0.1,0.2,,False,0.0001
1,surprisal,0.0031622776601683794,4.859611978412433,0.2635046224743427,-0.5133270131936782,0.01326428785641886,11.651121300615964,-0.044739044697026414,30.692068201385407,252.5665327261178,366.5447791663211,364.7120094696418,3.0,1.0,0.1,0.2,,False,0.0001
1,surprisal,0.005623413251903491,4.859611978412433,0.31305366121100014,-0.5595119848680635,0.015346666736287038,11.651121300615964,-0.043230981463798356,33.77718146863897,192.44778323997286,320.7261687259096,308.2601215802506,3.0,1.0,0.1,0.2,,False,0.0001
1,surprisal,0.01,4.859611978412433,0.3716390019816874,-0.6096220156635482,0.0177709369981287,11.651121300615964,-0.04551415155234678,35.553084083267336,133.42274920123384,266.7615578499413,247.02483677275995,3.0,1.0,0.1,0.2,,False,0.0001
1,surprisal,0.01778279410038923,4.859611978412433,0.42250125644525355,-0.6500009664956303,0.02070440808381683,11.651121300615964,-0.05154782864357121,34.94944398408662,80.7637320450668,206.0963839823173,183.85958221930613,3.0,1.0,0.1,0.2,,False,0.0001
1,surprisal,0.03162277660168379,4.859611978412433,0.4577030187647418,-0.6765375220671369,0.022994718854483523,11.651121300615964,-0.06787608250398175,28.33726553461743,41.38764653624749,140.06969443368143,116.75675297624922,3.0,1.0,0.1,0.2,,False,0.0001
1,surprisal,0.056234132519034905,4.859611978412433,0.47946905318362426,-0.6924370391476934,0.02435649493949016,11.651121300615964,-0.11105518675617569,17.78179830409651,16.91193379823866,79.4526019426224,62.65437648334242,3.0,1.0,0.1,0.2,,False,0.0001
1,surprisal,0.09999999999999999,4.859611978412433,0.5125513253506331,-0.7159268994461886,0.02640576050049989,11.651121300615964,-0.24623660687002644,8.25831758704923,7.223693824260064,36.52550548305346,26.519882660396423,3.0,1.0,0.1,0.2,,False,0.0001
1,surprisal,0.1778279410038923,4.859611978412433,0.5288097070421331,-0.7271930328613807,0.027132709551539663,11.651121300615964,-0.702635998622045,2.8606295872695626,4.0943861651990305,15.455963362952303,10.875368721632489,3.0,1.0,0.1,0.2,,False,0.0001
1,surprisal,0.31622776601683794,4.859611978412433,0.3945182771005023,-0.6281068994211911,0.020670982455095695,11.651121300615964,-1.51886994812049,1.2056648699902472,2.516427120792623,6.430895439244491,5.943264133187758,3.0,1.0,0.1,0.2,,False,0.0001
1,surprisal,0.5623413251903491,4.859611978412433,0.3222002489819112,-0.5676268571710743,0.01755343646299986,11.651121300615964,-2.2007901751787435,0.7640813899095226,1.54642921285976,4.071473223736104,3.7639760406921963,3.0,1.0,0.1,0.2,,False,0.0001
1,surprisal,1.0,4.859611978412433,0.29803449597165427,-0.5459253575092975,0.01749748166477394,11.651121300615964,-3.8671220876275436,0.4308041080743908,1.2614295560471558,2.4268019390780293,2.321848452009562,3.0,1.0,0.1,0.2,,False,0.0001
1,surprisal,1.7782794100389228,4.859611978412433,0.1238309138153121,-0.3518961690830295,0.006502992146989624,11.651121300615964,-7.613343391732489,0.13701551368871162,1.1724731253831215,1.4521227280439322,1.448686343164911,3.0,1.0,0.1,0.2,,False,0.0001
1,surprisal,3.162277660168379,4.882132021371106,0.14732737585401115,0.38383248410473436,0.007913211270852632,11.641400498311047,43.21973808933508,0.02773439012987628,1.108903385793012,1.0938897928785585,1.157232903157531,3.0,1.0,0.1,0.2,,False,0.0001
1,surprisal,5.62341325190349,4.8974776567690625,0.1221266748173817,0.3494662713587417,0.00633675448294147,11.654102016866705,56.93625154246702,0.01890361589527774,1.0662733825797963,1.0613920723788575,1.1044599490975082,3.0,1.0,0.1,0.2,,False,0.0001
1,surprisal,10.0,4.905485541822886,0.10590948249548104,0.32543737108002985,0.005325694100614561,11.662030964430375,80.66194497040783,0.012256457969938874,1.039238477385012,1.0383482579448142,1.0662125907559494,3.0,1.0,0.1,0.2,,False,0.0001
1,surprisal,17.78279410038923,4.909341193741015,0.09589048070077082,0.30966188125239247,0.004709782913307459,11.666732003626338,122.47793295514393,0.00759877055808813,1.0227880992968663,1.0231121461806476,1.0403842250319333,3.0,1.0,0.1,0.2,,False,0.0001
1,surprisal,31.622776601683796,4.911112217190239,0.08986997223731479,0.29978320873143444,0.004345494458427001,11.669444259600802,196.59342026083044,0.0045499181313877705,1.0130664433934318,1.0135747957303434,1.0239261166823677,3.0,1.0,0.1,0.2,,False,0.0001
1,surprisal,56.23413251903491,4.911916917925078,0.08632813274507027,0.29381649501869406,0.004134003474437637,11.670987334603783,328.22427502359625,0.0026589701200890738,1.0074323268266576,1.0078368429316942,1.013892715911101,3.0,1.0,0.1,0.2,,False,0.0001
1,surprisal,100.0,4.912290609991316,0.08427749540455132,0.2903058652603342,0.0040127079019339415,11.671859433780437,562.1903504969239,0.0015297471479518842,1.0042072059370717,1.0044755125514486,1.0079625797363154,3.0,1.0,0.1,0.2,,False,0.0001
1,surprisal_b,0.0031622776601683794,4.277844605186548,0.630432811660425,0.7939979922269482,0.031109348228514997,11.47921245012958,0.6498858518399471,3.5755827784774477,424.5964231639059,412.3166677105364,418.99420392832855,3.0,1.0,0.1,0.2,,False,0.0001
1,surprisal_b,0.005623413251903491,4.279003593518114,0.6382780489323678,0.7989230557020919,0.03136688274823243,11.476428921768647,0.4583743948727375,5.09078317022485,376.4800399673455,359.0232085082959,368.9032437051955,3.0,1.0,0.1,0.2,,False,0.0001
1,surprisal_b,0.01,4.28393507123925,0.6487001619478306,0.8054192460748816,0.03171110029650109,11.472493925671122,0.3755072716802961,6.248157057841578,308.4320687300163,287.1058052320141,300.0161854934064,3.0,1.0,0.1,0.2,,False,0.0001
1,surprisal_b,0.01778279410038923,4.2976574224346,0.6575141095614224,0.8108724372929582,0.03200957070115143,11.46835902358564,0.3803969434317734,6.1944164100441705,225.83235272644222,204.9522478601884,218.95500082804017,3.0,1.0,0.1,0.2,,False,0.0001
1,surprisal_b,0.03162277660168379,4.315269780221838,0.6592160946879966,0.8119212367514453,0.0320982998396115,11.46592810876097,0.49106256902046336,4.799885915233614,145.46476658781773,129.63034402120198,141.51785973193145,3.0,1.0,0.1,0.2,,False,0.0001
1,surprisal_b,0.056234132519034905,4.295738245194028,0.6688452656980961,0.8178296067629834,0.032529196945615596,11.463043672414534,0.7643146625372443,3.099847991509291,85.24240919713777,75.02471210749736,82.8315274633756,3.0,1.0,0.1,0.2,,False,0.0001
1,surprisal_b,0.09999999999999999,4.24968125963039,0.6733764944547188,0.8205952074285584,0.03256557527110251,11.464841627997115,1.2331191843719738,1.9132575790708781,48.459102895775054,41.934327424326874,46.199405448738155,3.0,1.0,0.1,0.2,,False,0.0001
1,surprisal_b,0.1778279410038923,4.255025414824049,0.6332490237791718,0.7957694539118549,0.030770127060066866,11.479128945545357,1.9103571767241534,1.1902125369389538,27.65527911636887,23.52369915997534,25.684825729540908,3.0,1.0,0.1,0.2,,False,0.0001
1,surprisal_b,0.31622776601683794,4.283458968847523,0.5917947776673748,0.7692819883939664,0.029069536643457485,11.491799387188502,3.057046341393484,0.7183085360024853,16.009525323689573,13.526139051738744,14.617645403175949,3.0,1.0,0.1,0.2,,False,0.0001
1,surprisal_b,0.5623413251903491,4.295823935278342,0.580285900176552,0.7617649901226441,0.0286640284222359,11.494782025433548,5.235767059886991,0.4154951747834962,9.485461345752716,8.065620403008925,8.643018737075337,3.0,1.0,0.1,0.2,,False,0.0001
1,surprisal_b,1.0,4.296502385933548,0.5887406875151313,0.767294394294088,0.029092026061038258,11.491559336302652,9.273889562761777,0.23636415799257593,5.814856507963937,5.020041708358635,5.341471232493995,3.0,1.0,0.1,0.2,,False,0.0001
1,surprisal_b,1.7782794100389228,4.299092163447277,0.6012999900673106,0.7754353551826939,0.029661035864972426,11.487038800636077,16.515072264333966,0.13428428760940517,3.7395812867407225,3.297447380057879,3.4808473036083023,3.0,1.0,0.1,0.2,,False,0.0001
1,surprisal_b,3.162277660168379,4.309909056134235,0.610558752061067,0.7813825900678022,0.03003960540792461,11.483600586125988,29.41527243216078,0.07622740572476444,2.560750198998717,2.3166167271931277,2.4225571224482088,3.0,1.0,0.1,0.2,,False,0.0001
1,surprisal_b,5.62341325190349,4.32991703483925,0.6145672220676132,0.7839433793760957,0.030179611952884877,11.48188587231402,52.42399644062563,0.04318875290724811,1.8885000123180282,1.7549559578289384,1.81700801370295,3.0,1.0,0.1,0.2,,False,0.0001
1,surprisal_b,10.0,4.35598312534427,0.6138352068385362,0.783476360101909,0.030176097646342385,11.481502933992871,93.36558815546873,0.024456728873351874,1.5046683231876619,1.4320339003467153,1.468890518907824,3.0,1.0,0.1,0.2,,False,0.0001
1,surprisal_b,17.78279410038923,4.383483251104861,0.609006330963426,0.7803885769047533,0.030079337607623585,11.482079657588065,165.75206007398424,0.013862669417577047,1.2858609640509433,1.2463303583409966,1.26830185162538,3.0,1.0,0.1,0.2,,False,0.0001
1,surprisal_b,31.622776601683796,4.407723906121816,0.6020149935714502,0.7758962518091257,0.02992427317557065,11.483217531826472,293.32413292151347,0.007861091364781699,1.1615228653631713,1.139888854409398,1.1528879707352175,3.0,1.0,0.1,0.2,,False,0.0001
1,surprisal_b,56.23413251903491,4.426019619407993,0.5952678239562469,0.7715360159812676,0.029762238639391526,11.48443868220178,518.5448358024101,0.00445320049521126,1.0911010235587064,1.0791732118000115,1.0867670231893445,3.0,1.0,0.1,0.2,,False,0.0001
1,surprisal_b,100.0,4.438335912760309,0.5900693909968652,0.7681597431503848,0.02963024725631852,11.48543473769083,917.433172040424,0.002517996026988275,1.0513205804152184,1.0446999201801694,1.0490815391400952,3.0,1.0,0.1,0.2,,False,0.0001
1,mi_concept,9.999999999999999e-06,4.859611978412433,0.09578942791607593,-0.30949867191326674,0.006030608618967865,11.651121300615964,-1127.3540992769929,0.0008803415610121023,1.005391231017175,1.0076817145456807,1.0080247173428336,3.0,1.0,0.1,0.2,,False,0.0001
1,mi_concept,1.8957356524063752e-05,4.859611978412433,0.09597516610077854,-0.30979858957196454,0.006038068086125414,11.651121300615964,-2119.848381626324,0.00046837857513596504,1.0028489279433346,1.0040687883161012,1.0042503110019316,3.0,1.0,0.1,0.2,,False,0.0001
1,mi_concept,3.5938136638046256e-05,4.859611978412433,0.09607230403519373,-0.30995532587002556,0.006041947916985889,11.651121300615964,-4001.353247399835,0.00024819504847339727,1.0015042205985865,1.0021509716678474,1.0022468901839814,3.0,1.0,0.1,0.2,,False,0.0001
1,mi_concept,6.812920690579608e-05,4.859611978412433,0.09612330826087262,-0.31003759168989914,0.00604397904554867,11.651121300615964,-7568.188062636339,0.0001312378998478611,1.0007938695901266,1.0011359476620405,1.0011865908875126,3.0,1.0,0.1,0.2,,False,0.0001
1,mi_concept,0.00012915496650148838,4.859611978412433,0.09615014692148577,-0.3100808715826982,0.006045046132705427,11.651121300615964,-14329.963433883278,6.931591042856507e-05,1.000418875630972,1.0005995777467132,1.0006263049323196,3.0,1.0,0.1,0.2,,False,0.0001
1,mi_concept,0.00024484367468222265,4.859611978412433,0.09616428587051626,-0.31010366955345153,0.006045607811615985,11.651121300615964,-27148.501784589578,3.6588638545941515e-05,1.0002209873015337,1.0003163789829121,1.0003304811596476,3.0,1.0,0.1,0.2,,False,0.0001
1,mi_concept,0.00046415888336127817,4.859611978412433,0.09617173902307068,-0.3101156865156464,0.006045903760031948,11.651121300615964,-51449.06179187613,1.930732397922484e-05,1.0001165792340896,1.000166918195161,1.0001743580900762,3.0,1.0,0.1,0.2,,False,0.0001
1,mi_concept,0.0008799225435691074,4.859611978412433,0.0961756691300598,-0.31012202296847574,0.006046059779011795,11.651121300615964,-97516.4996903401,1.0186508530845562e-05,1.0000614978765743,1.0000880571974096,1.000091982018386,3.0,1.0,0.1,0.2,,False,0.0001
1,mi_concept,0.001668100537200059,4.859611978412433,0.09617774185932752,-0.31012536474678676,0.006046142052645777,11.651121300615964,-184848.18408260576,5.373909300338935e-06,1.000032440769915,1.0000464523440271,1.0000485227634757,3.0,1.0,0.1,0.2,,False,0.0001
1,mi_concept,0.0031622776601683794,4.859611978412433,0.0961788351118805,-0.31012712733954845,0.006046185444624436,11.651121300615964,-350405.9717465302,2.834882806306921e-06,1.0000171126797273,1.0000245042095772,1.0000255963768054,3.0,1.0,0.1,0.2,,False,0.0001
1,mi_concept,0.005994842503189409,4.859611978412433,0.09617941177636394,-0.3101280570608921,0.006046208332278737,11.651121300615964,-664259.7723640872,1.4954408179251474e-06,1.0000090269844872,1.0000129261335875,1.000013502257484,3.0,1.0,0.1,0.2,,False,0.0001
1,mi_concept,0.011364636663857255,4.859611978412433,0.09617971597092113,-0.3101285474942949,0.0060462204052781745,11.651121300615964,-1259243.6118291512,7.888559929259365e-07,1.0000047617458454,1.0000068185790412,1.0000071224858982,3.0,1.0,0.1,0.2,,False,0.0001
1,mi_concept,0.021544346900318843,4.859611978412433,0.0961798764364633,-0.31012880620229927,0.0060462267737790435,11.651121300615964,-2387175.6890644883,4.1612447695413654e-07,1.0000025118234808,1.000003596811623,1.0000037571228657,3.0,1.0,0.1,0.2,,False,0.0001
1,mi_concept,0.04084238652674522,4.859611978412433,0.09617996092638409,-0.31012894241973626,0.0060462301268433246,11.651121300615964,-4525436.739014795,2.1950642212028077e-07,1.0000013249872464,1.0000018973207425,1.0000019818850057,3.0,1.0,0.1,0.2,,False,0.0001
1,mi_concept,0.07742636826811278,4.859611978412433,0.09618000565184208,-0.3101290145275706,0.006046231902474979,11.651121300615964,-8579014.448426526,1.157898188777494e-07,1.0000006989306889,1.0000010008371552,1.0000010454448152,3.0,1.0,0.1,0.2,,False,0.0001
1,mi_concept,0.14677992676220705,4.859611978412433,0.09618002898748178,-0.3101290521500393,0.006046232826234293,11.651121300615964,-16263526.226494668,6.107916378120766e-08,1.000000368685818,1.0000005279415893,1.0000005514721269,3.0,1.0,0.1,0.2,,False,0.0001
1,mi_concept,0.2782559402207126,4.859611978412433,0.09618004166302321,-0.31012907258595285,0.006046233327750849,11.651121300615964,-30831329.21479495,3.221925997657824e-08,1.0000001944816845,1.0000002784891124,1.000000290901467,3.0,1.0,0.1,0.2,,False,0.0001
1,mi_concept,0.5274997063702619,4.859611978412433,0.09618004857281234,-0.31012908372613546,0.006046233610040832,11.651121300615964,-58448032.669869386,1.6995655472605548e-08,1.000000102589038,1.000000146902947,1.000000153450461,3.0,1.0,0.1,0.2,,False,0.0001
1,mi_concept,1.0,4.859611978412433,0.0961800515984106,-0.31012908860410143,0.006046233727060007,11.651121300615964,-110802001.93866861,8.965204742696332e-09,1.0000000541156893,1.0000000774912676,1.0000000809450795,3.0,1.0,0.1,0.2,,False,0.0001
