sigma_true,metric,world_EIGs,pooled_rmse,pooled_r2,pooled_r,bg1,bg10,dev10
0.1,eig_code,1e-07,4.8611961316504155,0.00030587079853307937,0.017489162316505595,442.8098769507507,453.8787293941202,465.1302970591326
0.1,eig_code,2.1544346900318822e-07,4.861630333907466,0.0007611245710597644,0.027588486204570276,387.9820346520025,408.0243193122448,429.2989695925023
0.1,eig_code,4.641588833612782e-07,4.861710871281572,0.002285726528900273,0.0478092724155082,300.20534928682855,330.39004827931444,365.3652773430878
0.1,eig_code,1e-06,4.860097489186705,0.007017575981826955,0.08377097338474082,194.19878821026273,226.68423346561096,270.8669525656788
0.1,eig_code,2.1544346900318822e-06,4.8555763356431285,0.016616535254299344,0.12890514052705324,110.27106877081792,132.23998204371856,169.2440035692505
0.1,eig_code,4.641588833612773e-06,4.852644528852318,0.02258324700001427,0.15027723380477254,64.98031929545839,75.96727578033453,96.65448348141935
0.1,eig_code,1e-05,4.854273988490133,0.020553353015598994,0.14336440637619574,42.92476988534094,48.43940959479073,58.46676030602
0.1,eig_code,2.1544346900318823e-05,4.858344798090501,0.014572962012438318,0.12071852389935157,31.247433638036792,34.42571716227329,39.573437953281335
0.1,eig_code,4.641588833612772e-05,4.862726811669149,0.007716731501360933,0.08784492871737636,23.89538528934408,26.135695475482596,29.225199953479727
0.1,eig_code,0.0001,4.865315537394853,0.003813003634129944,0.061749523351439274,18.504902501194554,20.28960630964089,22.46254822209023
0.1,eig_code,0.00021544346900318823,4.865700538660007,0.00177677894003579,0.042151855712836535,14.356035150634483,15.812081333324898,17.432078411529737
0.1,eig_code,0.00046415888336127773,4.865172796494857,0.0004889950417963598,0.022113232278352248,11.147475974898107,12.334598223673723,13.549232349683601
0.1,eig_code,0.001,4.8641655600873674,9.428548020284988e-08,-0.0003070594082630426,8.661262334545276,9.629430416892822,10.542884301238736
0.1,eig_code,0.002154434690031882,4.862405067861996,0.0006975218446858129,-0.02641063885417793,6.73091472453227,7.525737923344297,8.21420357544278
0.1,eig_code,0.004641588833612773,4.859621960323903,0.0031698417839821904,-0.05630134797659991,5.232249500992485,5.890868967778779,6.406561847100355
0.1,eig_code,0.01,4.859611978412433,0.007720183666588832,-0.08786457572075809,4.072656706000411,4.620275383190004,5.001693672582504
0.1,eig_code,0.021544346900318822,4.859611978412433,0.013657660089359177,-0.11686599201375555,3.1808045716218363,3.6322854231067367,3.913311954171471
0.1,eig_code,0.046415888336127725,4.859611978412433,0.0201101297616791,-0.14181018920260666,2.500514129812522,2.866238882558655,3.07424899073629
0.1,eig_code,0.1,4.859611978412433,0.027194064831399474,-0.1649062304201981,1.9895295283738523,2.2793583507179056,2.4322773692745607
0.1,kl,1e-07,4.420206477559572,0.44681600859766873,0.6684429733325564,298.7219323837068,260.92800380851094,307.2226137833359
0.1,kl,2.1544346900318822e-07,4.38968631739012,0.4759078914873127,0.6898607768871287,208.0758052200396,171.02071053855332,222.02099542685235
0.1,kl,4.641588833612782e-07,4.380154845715662,0.49138589463753984,0.7009892257642337,125.59464020966702,98.7151381005991,140.29216423646605
0.1,kl,1e-06,4.389563075563153,0.49275300706090175,0.7019636793032114,69.910113819807,55.52455116490612,80.33343002648017
0.1,kl,2.1544346900318822e-06,4.391442351949376,0.49541511473522487,0.7038573113460035,41.20261424868623,34.892533263225594,46.595052126682425
0.1,kl,4.641588833612773e-06,4.365105791906105,0.5143213180108054,0.7171619886823376,28.19921643924569,25.343571715547366,30.61755004163716
0.1,kl,1e-05,4.330464073736879,0.5372738123866543,0.7329896400268249,21.51643940464834,19.802641043897754,22.75605280354992
0.1,kl,2.1544346900318823e-05,4.32229070929421,0.5402848296379076,0.7350406993071251,16.995776953354508,15.718512537625662,17.815394234922607
0.1,kl,4.641588833612772e-05,4.3328364607136685,0.5295870461228778,0.7277273157734824,13.51700013101546,12.526076834736164,14.121241018343454
0.1,kl,0.0001,4.353490655653987,0.5113623918841202,0.7150960717862462,10.775082557778726,10.02910270025162,11.269595811366493
0.1,kl,0.00021544346900318823,4.379616872490516,0.4898852237781735,0.6999180121829796,8.613475242321423,8.078659272749162,9.063308031995811
0.1,kl,0.00046415888336127773,4.405890082572774,0.46962327173354684,0.6852906476332118,6.93179378976103,6.551682450908501,7.350908678822552
0.1,kl,0.001,4.422225277817801,0.459072930151814,0.6775492086570643,5.632885937105414,5.352796280568949,6.0065721480840155
0.1,kl,0.002154434690031882,4.414086618353443,0.4724289733658447,0.6873346880274883,4.625330436895342,4.407261261938278,4.931254498962298
0.1,kl,0.004641588833612773,4.353647211694538,0.5363118695252078,0.7323331683907317,3.83962010541387,3.649661526218781,4.057998687654723
0.1,kl,0.01,4.20653216332159,0.6748335032531932,0.821482503315313,3.226957424342307,3.0242010243859627,3.3409797047341883
0.1,kl,0.021544346900318822,4.089219606170692,0.7664583421993576,0.8754760660345647,2.745646463737771,2.4915228394810134,2.745979849473562
0.1,kl,0.046415888336127725,4.158973682328758,0.6908102154031001,0.8311499355730589,2.356293387015297,2.0333855387821207,2.2479528718995287
0.1,kl,0.1,4.266260958277662,0.5923414755958872,0.7696372363626173,2.0241709401755603,1.6568189882668543,1.8380959977492493
0.1,mi,1e-05,4.863108767274622,0.03773006345201751,0.19424228028937857,1.00481182661192,1.0054143827437456,1.0070866953846254
0.1,mi,1.8957356524063752e-05,4.863299977250955,0.037543277282466314,0.1937608765526888,1.0025422147734526,1.002862517876925,1.0037487248312857
0.1,mi,3.5938136638046256e-05,4.863400763003711,0.03744506492787513,0.19350727357873432,1.0013421280284105,1.0015117762257952,1.0019803900818796
0.1,mi,6.812920690579608e-05,4.863453906192676,0.0373933466580336,0.1933735934868916,1.000708281681159,1.0007979633942956,1.0010454756753313
0.1,mi,0.0001291549665014884,4.86348193333567,0.03736609003576804,0.19330310405104217,1.0003737045899996,1.0004210653027272,1.0005517168216973
0.1,mi,0.00024484367468222265,4.863496716014977,0.037351719071799086,0.19326592837797119,1.0001971530619806,1.000222150765465,1.0002910941608028
0.1,mi,0.0004641588833612782,4.8635045134265,0.03734414031375838,0.19324632031104338,1.0001040048623038,1.0001171953036005,1.0001535698178126
0.1,mi,0.0008799225435691075,4.863508626426574,0.037340143055092395,0.19323597764156755,1.0000548643933285,1.0000618235051661,1.0000810129695283
0.1,mi,0.0016681005372000592,4.863510796024892,0.03733803464870055,0.19323052204219848,1.0000289414686865,1.0000326127203916,1.0000427356912216
0.1,mi,0.0031622776601683794,4.863511940460938,0.0373369225115252,0.19322764427360076,1.0000152667601856,1.0000172034340589,1.0000225434468064
0.1,mi,0.005994842503189409,4.863512544204961,0.03733633585709861,0.19322612622805077,1.0000080532515712,1.0000090748714252,1.0000118917679341
0.1,mi,0.011364636663857255,4.86351286252996,0.03733602641005051,0.19322532548827678,1.0000042480989852,1.0000047870101019,1.0000062729336905
0.1,mi,0.021544346900318846,4.86351303073554,0.03733586318946176,0.19322490312964777,1.0000022408740687,1.0000025251514568,1.0000033089789153
0.1,mi,0.04084238652674522,4.8635131188261775,0.03733577692662177,0.19322467991077583,1.0000011820612762,1.0000013320180527,1.0000017454876977
0.1,mi,0.07742636826811278,4.863513165145397,0.03733573156632098,0.19322456253365144,1.0000006235372163,1.0000007026395215,1.0000009207448857
0.1,mi,0.14677992676220705,4.863513191410353,0.037335707775141204,0.1932245009700923,1.0000003289157653,1.0000003706422496,1.0000004856928342
0.1,mi,0.2782559402207126,4.863513203773934,0.03733569515402958,0.19322446831089893,1.0000001735029882,1.0000001955137081,1.000000256202877
0.1,mi,0.527499706370262,4.863513209654183,0.03733568812423065,0.19322445012014047,1.0000000915227805,1.000000103133432,1.000000135146956
0.1,mi,1.0,4.863513223237449,0.03733568532121495,0.19322444286687684,1.0000000482782412,1.0000000544028573,1.0000000712899835
0.1,surprisal_b,0.0031622776601683794,4.306790185262118,0.5405485218692074,0.7352200499640957,441.56384802870735,423.6898090385868,430.7756278058951
0.1,surprisal_b,0.005623413251903491,4.307391679636815,0.5405631195360678,0.7352299773105473,402.3769830062037,375.07458530472996,385.8770687143761
0.1,surprisal_b,0.01,4.308532469797448,0.5405009172514679,0.7351876748500806,343.85746754279535,306.46486012485894,321.21348448541244
0.1,surprisal_b,0.01778279410038923,4.3106509402647095,0.5401660185208813,0.7349598754495931,266.5454363691681,223.50546585415574,240.40241270004913
0.1,surprisal_b,0.03162277660168379,4.31417738027139,0.5390965745702865,0.7342319623731226,182.04580699754592,143.31860766736142,158.423547465474
0.1,surprisal_b,0.05623413251903491,4.318914537354916,0.5363357378235682,0.7323494642747875,110.44177887806661,83.74350874747363,94.04997826517202
0.1,surprisal_b,0.1,4.325152362335974,0.5302464444280748,0.7281802279848546,63.24486924151097,47.56355860059005,53.4970042555069
0.1,surprisal_b,0.1778279410038923,4.333245982675354,0.5215885521600406,0.7222108779020436,36.03060950709378,27.115907803281278,30.395228023929658
0.1,surprisal_b,0.31622776601683794,4.34019164692501,0.5143180560464694,0.7171597144614785,20.723333121047602,15.662833421236103,17.48066710598833
0.1,surprisal_b,0.5623413251903491,4.343579347129101,0.5109838674715226,0.714831355965533,12.121375812561412,9.248432562666247,10.27100710218769
0.1,surprisal_b,1.0,4.344778199926443,0.510152834070872,0.7142498400915971,7.283939731706291,5.648071771023491,6.23239203586339
0.1,surprisal_b,1.7782794100389228,4.346416022590592,0.5090558185831344,0.7134814773931657,4.558963737638614,3.622677372674092,3.9596091671880895
0.1,surprisal_b,3.1622776601683795,4.3487103145301855,0.5074253799195296,0.712337967484206,3.020274548802723,2.481260593752755,2.676401785803367
0.1,surprisal_b,5.623413251903491,4.350800732382918,0.5062198202112634,0.7114912650280841,2.148710054687698,1.8367767931274688,1.950013483856182
0.1,surprisal_b,10.0,4.352412759557462,0.5056733206298456,0.7111071091121545,1.6532950296170645,1.4724248051851856,1.5381149235798812
0.1,surprisal_b,17.78279410038923,4.353708938920919,0.5053975504733229,0.7109131806861672,1.3710251915135274,1.2664664070218368,1.3044336733095843
0.1,surprisal_b,31.622776601683793,4.3547190156920506,0.5051923082794059,0.7107688149316949,1.2102232540122726,1.1501595410743068,1.171963354795231
0.1,surprisal_b,56.23413251903491,4.355425630429384,0.5050445264808581,0.7106648482096593,1.1188297650325574,1.0845562308954226,1.096994263711615
0.1,surprisal_b,100.0,4.35587730015879,0.504950905787606,0.7105989767707283,1.067042471974073,1.0475896271131202,1.054647389239729
0.1,mi_concept,1e-05,4.863108777808971,0.03773028663721951,0.19424285479064476,1.0048118263345838,1.005414380849172,1.0070866936285114
0.1,mi_concept,1.8957356524063752e-05,4.863299988209468,0.03754349921023261,0.19376144923650993,1.0025422146266443,1.0028625168751641,1.003748723902473
0.1,mi_concept,3.5938136638046256e-05,4.863400774184813,0.03744528619360903,0.1935078453024813,1.0013421279508254,1.0015117756967014,1.0019803895912396
0.1,mi_concept,6.812920690579608e-05,4.863453917491076,0.037393567574676656,0.19337416470324223,1.0007082816401927,1.0007979631150128,1.0010454754163252
0.1,mi_concept,0.0001291549665014884,4.8634819446957795,0.037366310768522926,0.19330367500004475,1.000373704568379,1.000421065155354,1.0005517166850177
0.1,mi_concept,0.00024484367468222265,4.863496727407556,0.03735193970779353,0.1932664991864693,1.0001971530505724,1.0002221506877111,1.0002910940886893
0.1,mi_concept,0.0004641588833612782,4.863504524833285,0.037344360897712266,0.1932468910428115,1.0001040048562853,1.0001171952625814,1.0001535697797685
0.1,mi_concept,0.0008799225435691075,4.863508637852732,0.0373403636135541,0.1932365483379221,1.0000548643901535,1.0000618234835275,1.000081012949459
0.1,mi_concept,0.0016681005372000592,4.863510807433395,0.03733825519531788,0.1932310927240176,1.0000289414670116,1.0000326127089767,1.0000427356806347
0.1,mi_concept,0.0031622776601683794,4.863511951899143,0.03733714304506907,0.19322821493009004,1.000015266759302,1.0000172034280377,1.0000225434412215
0.1,mi_concept,0.005994842503189409,4.863512555520158,0.037336556392345184,0.19322669689342925,1.0000080532511053,1.000009074868249,1.0000118917649883
0.1,mi_concept,0.011364636663857255,4.863512874044611,0.03733624694103421,0.19322589614498936,1.0000042480987392,1.0000047870084265,1.0000062729321364
0.1,mi_concept,0.021544346900318846,4.86351304213233,0.03733608367186929,0.1932254736619095,1.000002240873939,1.000002525150573,1.0000033089780955
0.1,mi_concept,0.04084238652674522,4.8635131307617225,0.0373359975597711,0.1932252508337642,1.0000011820612078,1.0000013320175865,1.0000017454872654
0.1,mi_concept,0.07742636826811278,4.863513178383753,0.03733595225031835,0.19322513358856386,1.0000006235371803,1.0000007026392754,1.0000009207446576
0.1,mi_concept,0.14677992676220705,4.863513202612891,0.037335928294125346,0.19322507159818922,1.0000003289157464,1.0000003706421199,1.000000485692714
0.1,mi_concept,0.2782559402207126,4.863513217943331,0.037335915263249544,0.19322503787876338,1.0000001735029782,1.0000001955136397,1.0000002562028134
0.1,mi_concept,0.527499706370262,4.863513218419924,0.037335909741956906,0.1932250235915548,1.0000000915227754,1.0000001031333958,1.0000001351469225
0.1,mi_concept,1.0,4.86351323388952,0.03733590457615328,0.1932250102242287,1.0000000482782385,1.0000000544028385,1.0000000712899657
0.2,eig_code,1e-07,4.144119665665839,0.6809553955594466,0.8252002154383181,481.62417119278274,477.28186658602203,483.77871598527196
0.2,eig_code,2.1544346900318822e-07,4.148901807256209,0.6768779994053192,0.8227259564431642,461.5985320674158,452.8985150187728,466.0683976925322
0.2,eig_code,4.641588833612782e-07,4.15923615602733,0.6680531855377678,0.8173452058572117,422.3943055525746,406.3204193857927,431.2700870354269
0.2,eig_code,1e-06,4.181330524598792,0.6491249579713313,0.8056829140371113,353.25307182607816,328.0583748006703,369.29266162685803
0.2,eig_code,2.1544346900318822e-06,4.225606541647489,0.6109548719259813,0.7816360226639899,253.76516421164524,224.71312458917396,277.5897862696732
0.2,eig_code,4.641588833612773e-06,4.2940817241705105,0.5514273526181583,0.7425815461066605,152.7377094435228,131.53349896354132,177.426392540597
0.2,eig_code,1e-05,4.3463258249883605,0.5059749970409597,0.7113191949054656,86.5797406602026,75.90412277455489,102.69135334734125
0.2,eig_code,2.1544346900318823e-05,4.359109107523901,0.49438763491112064,0.7031270403782809,53.55681379176176,48.55748018792261,61.61330000314209
0.2,eig_code,4.641588833612772e-05,4.362798984976486,0.4892770410570173,0.6994834101370935,37.10826687593964,34.637281916607094,41.16171037009551
0.2,eig_code,0.0001,4.372041176361854,0.4782373442762817,0.6915470658431584,27.78713385732586,26.414433323811256,30.145582073965457
0.2,eig_code,0.00021544346900318823,4.402808479030789,0.4480822157054519,0.6693894350118262,21.441850618776552,20.621955578324418,23.124084577379662
0.2,eig_code,0.00046415888336127773,4.454531781027851,0.3992288923785835,0.6318456238501486,16.63061558633494,16.17687150685214,17.97825526377333
0.2,eig_code,0.001,4.516996801290507,0.3402096633438461,0.5832749466108125,12.907969570987325,12.713296764511798,14.016824536017344
0.2,eig_code,0.002154434690031882,4.587628747294439,0.2732122682579545,0.5226971094792419,10.028871911276914,10.00960900273897,10.947942841654873
0.2,eig_code,0.004641588833612773,4.665566859967779,0.19881754293236006,0.44588960845971737,7.805001584538325,7.896833637197292,8.56861526867191
0.2,eig_code,0.01,4.746274308970418,0.12008482489976698,0.34653257408181265,6.0862741363479635,6.245511189954557,6.721217598572019
0.2,eig_code,0.021544346900318822,4.816102929707718,0.04971589567345804,0.22297061616602767,4.754753386037648,4.954412057389374,5.284336727338478
0.2,eig_code,0.046415888336127725,4.856725611496939,0.007725488185246644,0.08789475630119606,3.723477811632869,3.9433607295809385,4.164811802878753
0.2,eig_code,0.1,4.8599329716337865,0.001385195524643866,-0.037218214957784664,2.9294519045552456,3.1520040593759955,3.294372438959327
0.2,kl,1e-07,4.1799675649477095,0.7235548561089474,0.8506202772735596,415.59218145695195,388.5902202135365,406.34459670861537
0.2,kl,2.1544346900318822e-07,4.155603719919478,0.7408987609600338,0.8607547623801066,355.20306660138493,318.928842149721,343.9990683110074
0.2,kl,4.641588833612782e-07,4.159768107342405,0.7307541751808504,0.8548416082414627,274.57484317226056,232.31749210253983,262.9786884867074
0.2,kl,1e-06,4.184613198347192,0.6994253793670017,0.8363165545216725,186.29371802844489,146.32549865574964,176.72478498335065
0.2,kl,2.1544346900318822e-06,4.206511492730921,0.667927726435342,0.8172684543253471,110.85948045041745,82.22996401575269,105.19738104111866
0.2,kl,4.641588833612773e-06,4.204393693083812,0.6586457007867714,0.8115698988915073,62.194572596873684,46.979293637706,59.866884965313005
0.2,kl,1e-05,4.17008795087083,0.6812741199668364,0.8253933122862315,37.7826497518262,30.985073445899292,36.940186625649346
0.2,kl,2.1544346900318823e-05,4.126120715613221,0.7114588334438731,0.8434801914946628,26.594470626695678,23.28630926234895,26.194645223946996
0.2,kl,4.641588833612772e-05,4.119633453285813,0.7123498029695369,0.8440081770750428,20.496854377089907,18.41621062544559,20.240574632866636
0.2,kl,0.0001,4.1341830265435995,0.7004563188481691,0.8369326847770787,16.19814774084199,14.718435803181569,16.04822635158196
0.2,kl,0.00021544346900318823,4.143172392179418,0.6971905755604269,0.8349793863086842,12.888066537362528,11.828102757932983,12.817212655847031
0.2,kl,0.00046415888336127773,4.1502421298041,0.6984641225032178,0.835741660145776,10.313294334085537,9.572288761989128,10.303586103423838
0.2,kl,0.001,4.163731921121007,0.6959365929462202,0.8342281420248422,8.298525294178399,7.797752136921542,8.333724192660794
0.2,kl,0.002154434690031882,4.176888459834437,0.6938059327768562,0.8329501382296879,6.713146859849609,6.380065310857778,6.7733667749270365
0.2,kl,0.004641588833612773,4.166981723219715,0.70883344810767,0.841922471554044,5.464334297827144,5.232338402507656,5.519328806846276
0.2,kl,0.01,4.134364179292211,0.7358405201316189,0.8578114712054269,4.47706190279076,4.292730366883167,4.494329548140528
0.2,kl,0.021544346900318822,4.136370265123674,0.727324218507496,0.8528330543004862,3.6855594385744297,3.508808479657922,3.643142419148898
0.2,kl,0.046415888336127725,4.217381702700692,0.6576392139135622,0.8109495754444676,3.036078654094515,2.8424981429398883,2.9315184699474304
0.2,kl,0.1,4.314447965898317,0.5922694506667374,0.7695904434611551,2.4880439047653247,2.282840206786162,2.348570981303496
0.2,mi,1e-05,4.859611978412433,0.061755670111386954,-0.24850688141656552,1.0054040411704888,1.0076065145957875,1.0075751692190509
0.2,mi,1.8957356524063752e-05,4.859611978412433,0.061836470991463444,-0.24866940099550536,1.0028557629961938,1.0040268559105314,1.0040110239309465
0.2,mi,3.5938136638046256e-05,4.859611978412433,0.06187760942792942,-0.24875210436884634,1.0015078477989146,1.0021282126752207,1.0021200591695985
0.2,mi,6.812920690579608e-05,4.859611978412433,0.06189889001475756,-0.24879487537880993,1.0007957889921533,1.0011237628860095,1.0011195173150367
0.2,mi,0.0001291549665014884,4.859611978412433,0.06190999762354301,-0.2488171972021689,1.0004198898017707,1.0005931001471409,1.0005908760762923
0.2,mi,0.00024484367468222265,4.859611978412433,0.06191582392285361,-0.24882890491832657,1.0002215227459827,1.0003129480699509,1.0003117791844067
0.2,mi,0.0004641588833612782,4.859611978412433,0.061918888099466475,-0.24883506203802244,1.0001168618116052,1.0001651044946909,1.000164489108623
0.2,mi,0.0008799225435691075,4.859611978412433,0.06192050189120039,-0.24883830471050952,1.000061646972512,1.0000870993864963,1.000086775104794
0.2,mi,0.0016681005372000592,4.859611978412433,0.061921352450275476,-0.24884001376441747,1.0000325194281028,1.000045946797199,1.000045775831732
0.2,mi,0.0031622776601683794,4.859611978412433,0.061921800925021524,-0.2488409148934747,1.0000171541747154,1.000024237449767,1.0000241472914244
0.2,mi,0.005994842503189409,4.859611978412433,0.061922037434602575,-0.24884139011547612,1.0000090488738653,1.0000127853944885,1.0000127378431942
0.2,mi,0.011364636663857255,4.859611978412433,0.0619221621909004,-0.24884164078968055,1.000004773292704,1.0000067443327023,1.0000067192514135
0.2,mi,0.021544346900318846,4.859611978412433,0.06192222800659314,-0.2488417730337757,1.000002517914506,1.000003557644891,1.0000035444150763
0.2,mi,0.04084238652674522,4.859611978412433,0.061922262624927935,-0.24884184259269568,1.0000013282002773,1.0000018766597993,1.0000018696812314
0.2,mi,0.07742636826811278,4.859611978412433,0.06192228082598834,-0.24884187916423622,1.0000007006255665,1.0000009899383735,1.0000009862572241
0.2,mi,0.14677992676220705,4.859611978412433,0.06192229089274118,-0.24884189939144327,1.000000369579867,1.0000005221924464,1.000000520250653
0.2,mi,0.2782559402207126,4.859611978412433,0.06192229583873131,-0.24884190932946024,1.0000001949532953,1.0000002754564303,1.0000002744321381
0.2,mi,0.527499706370262,4.859611978412433,0.06192229864508835,-0.24884191496829539,1.0000001028378127,1.000000145303205,1.0000001447628923
0.2,mi,1.0,4.859611978412433,0.06192230073023131,-0.24884191915798937,1.0000000542469178,1.0000000766474033,1.0000000763623886
0.2,surprisal_b,0.0031622776601683794,4.419274926033099,0.5403738998768722,0.7351012854545095,424.38899096798264,413.65285682652853,416.381741895483
0.2,surprisal_b,0.005623413251903491,4.430156158542234,0.5415062549237311,0.735871085804933,376.1859267908169,361.04105956832586,365.1031037820208
0.2,surprisal_b,0.01,4.449340736994344,0.5418468880920821,0.7361024983601687,308.07907491708664,289.7897950381426,295.17797927853945
0.2,surprisal_b,0.01778279410038923,4.478183385754917,0.5391961469144201,0.7342997663859223,225.50924055946305,207.83587860300895,213.90176892892092
0.2,surprisal_b,0.03162277660168379,4.497793163910597,0.5361737802436577,0.7322388819529169,145.26201350669547,131.8736745739931,137.47359613364827
0.2,surprisal_b,0.05623413251903491,4.452995231716708,0.5554137556421193,0.7452608641557125,85.14549309503163,76.19286129481453,80.4706776828741
0.2,surprisal_b,0.1,4.35638110030766,0.5892464836417716,0.7676239207071205,48.40296371877556,42.33488351143098,45.195475775441224
0.2,surprisal_b,0.1778279410038923,4.304632928145608,0.5908639701373317,0.7686767657067122,27.61470936381345,23.588397514330634,25.359704337181764
0.2,surprisal_b,0.31622776601683794,4.299746016784043,0.5745630894757868,0.7579993993901227,15.977778871219458,13.495876758001645,14.522239821966624
0.2,surprisal_b,0.5623413251903491,4.30448652066888,0.5663564039677371,0.7525665445445586,9.4594158778256,8.029104843908184,8.594208143221856
0.2,surprisal_b,1.0,4.306496075434042,0.5701446047670103,0.7550792043004564,5.793416885409697,4.992530956637553,5.2997388883857335
0.2,surprisal_b,1.7782794100389228,4.3101333279862075,0.5796466330182244,0.7613452784500764,3.7233699758231746,3.2777534227349787,3.4458762869168655
0.2,surprisal_b,3.1622776601683795,4.32203227930467,0.5894162114168405,0.7677344667375827,2.5506643517648433,2.303323355506306,2.3960122098445553
0.2,surprisal_b,5.623413251903491,4.347810816520955,0.595170498176195,0.771472940663634,1.8837402932165634,1.7468994098990998,1.7986284191561073
0.2,surprisal_b,10.0,4.389035038368851,0.5934917905662535,0.7703841837461706,1.5031493023665838,1.4278751986091376,1.4571828194079604
0.2,surprisal_b,17.78279410038923,4.438985657189425,0.584060881011798,0.7642387591661378,1.2857493165736036,1.2445628863737193,1.261310702166681
0.2,surprisal_b,31.622776601683793,4.486032973892662,0.5707754027738945,0.7554967920341519,1.1618127977936001,1.1392904436482747,1.1488736133477429
0.2,surprisal_b,56.23413251903491,4.522490144874036,0.5582528122557809,0.7471631764586508,1.0914049586163201,1.079034412386085,1.0845032148044995
0.2,surprisal_b,100.0,4.547262643260227,0.5487728547302608,0.7407920455365735,1.0515423473778271,1.0447038871017347,1.047812391570567
0.2,mi_concept,1e-05,4.859611978412433,0.061755673686568195,-0.24850688860988984,1.0054040404558326,1.0076065132474537,1.007575167653313
0.2,mi_concept,1.8957356524063752e-05,4.859611978412433,0.06183647464366483,-0.24866940833899298,1.0028557626181678,1.0040268551968692,1.0040110231010761
0.2,mi_concept,3.5938136638046256e-05,4.859611978412433,0.06187761312124335,-0.24875211179253,1.0015078475992134,1.0021282122980864,1.002120058730733
0.2,mi_concept,6.812920690579608e-05,4.859611978412433,0.06189889372974519,-0.24879488284477475,1.0007957888867294,1.0011237626868819,1.001119517083225
0.2,mi_concept,0.0001291549665014884,4.859611978412433,0.0619100013501902,-0.2488172046908939,1.0004198897461367,1.0005931000420483,1.000590875953925
0.2,mi_concept,0.00024484367468222265,4.859611978412433,0.0619158276566239,-0.2488289124210125,1.0002215227166296,1.0003129480144999,1.000311779119834
0.2,mi_concept,0.0004641588833612782,4.859611978412433,0.061918891838209575,-0.24883506955051488,1.0001168617961194,1.0001651044654365,1.000164489074554
0.2,mi_concept,0.0008799225435691075,4.859611978412433,0.061920505630468886,-0.24883831222395977,1.0000616469643429,1.0000870993710633,1.0000867750868205
0.2,mi_concept,0.0016681005372000592,4.859611978412433,0.061921356190929,-0.24884002128059907,1.0000325194237936,1.000045946789058,1.0000457758222505
0.2,mi_concept,0.0031622776601683794,4.859611978412433,0.061921804661185846,-0.24884092240060887,1.000017154172442,1.0000242374454722,1.0000241472864229
0.2,mi_concept,0.005994842503189409,4.859611978412433,0.06192204115986832,-0.2488413976006973,1.0000090488726663,1.000012785392223,1.0000127378405559
0.2,mi_concept,0.011364636663857255,4.859611978412433,0.06192216590671216,-0.2488416482558982,1.0000047732920716,1.0000067443315073,1.0000067192500217
0.2,mi_concept,0.021544346900318846,4.859611978412433,0.06192223171443511,-0.24884178048397562,1.0000025179141723,1.0000035576442607,1.0000035444143422
0.2,mi_concept,0.04084238652674522,4.859611978412433,0.061922266358501676,-0.24884185009459658,1.0000013282001012,1.0000018766594667,1.0000018696808441
0.2,mi_concept,0.07742636826811278,4.859611978412433,0.061922284569220935,-0.24884188668554363,1.0000007006254736,1.000000989938198,1.0000009862570198
0.2,mi_concept,0.14677992676220705,4.859611978412433,0.06192229438087307,-0.24884190640017423,1.0000003695798179,1.0000005221923538,1.0000005202505453
0.2,mi_concept,0.2782559402207126,4.859611978412433,0.06192229987754207,-0.24884191744467424,1.0000001949532695,1.0000002754563815,1.0000002744320813
0.2,mi_concept,0.527499706370262,4.859611978412433,0.06192230037590918,-0.24884191844604714,1.0000001028377992,1.0000001453031793,1.0000001447628624
0.2,mi_concept,1.0,4.859611978412433,0.06192230294630107,-0.2488419236107555,1.0000000542469107,1.0000000766473898,1.0000000763623729
