"0","x4_sim_df <- read_csv(here(""scaled_vs_unscaled/x4_sim_df.csv""))
"
"2","New names:"
"2","[1mRows: [22m[34m250[39m [1mColumns: [22m[34m3[39m"
"2","[36m──[39m [1mColumn specification[22m [36m────────────────────────────────────────────────────────────────────────────────────────────────────────────────────────[39m
[1mDelimiter:[22m "",""
[32mdbl[39m (3): ...1, sample_n, run_id"
"2","
[36mℹ[39m Use `spec()` to retrieve the full column specification for this data.
[36mℹ[39m Specify the column types or set `show_col_types = FALSE` to quiet this message."
