setting,metric,world_EIGs,V_prior,alpha_prior,beta_prior,eps_fixed,sd_epsilon,infer_eps,sigma_true,n_capped,window,bg_1,bg_2,bg_3,bg_4,bg_5,bg_6,bg_7,bg_8,bg_9,bg_10,bg_11,dev_1,dev_2,dev_3,dev_4,dev_5,dev_6,dev_7,dev_8,dev_9,dev_10
0,mi_concept,1e-07,1.0,1.0,0.1,,0.5,True,0.1,-1,exemplar_mean,80.0,80.0,80.0,80.0,80.0,80.0,80.0,80.0,80.0,80.0,80.0,80.0,80.0,80.0,80.0,80.0,80.0,80.0,80.0,80.0,80.0
0,mi_concept,3.162277660168379e-07,1.0,1.0,0.1,,0.5,True,0.1,1244,exemplar_mean,73.28125,70.73958333333333,70.11458333333333,73.55208333333333,71.14583333333333,70.02083333333333,69.32291666666667,68.26041666666667,67.86458333333333,71.0,68.15625,74.41666666666667,71.80208333333333,68.78125,74.76041666666667,73.36458333333333,72.94791666666667,73.45833333333333,74.22916666666667,73.97916666666667,73.34375
0,mi_concept,1e-06,1.0,1.0,0.1,,0.5,True,0.1,457,exemplar_mean,65.07291666666667,56.135416666666664,58.177083333333336,57.114583333333336,56.979166666666664,56.71875,52.447916666666664,55.677083333333336,62.020833333333336,51.4375,55.958333333333336,62.927083333333336,60.84375,55.729166666666664,60.0,58.760416666666664,59.989583333333336,61.666666666666664,63.114583333333336,62.020833333333336,61.739583333333336
0,mi_concept,3.162277660168379e-06,1.0,1.0,0.1,,0.5,True,0.1,30,exemplar_mean,46.90625,44.302083333333336,42.260416666666664,40.916666666666664,40.59375,42.197916666666664,40.0625,39.791666666666664,40.479166666666664,39.229166666666664,36.020833333333336,43.21875,42.5625,43.09375,44.666666666666664,42.8125,41.489583333333336,41.020833333333336,46.770833333333336,47.479166666666664,42.65625
0,mi_concept,1e-05,1.0,1.0,0.1,,0.5,True,0.1,0,exemplar_mean,33.1875,30.083333333333332,28.458333333333332,28.53125,28.270833333333332,27.541666666666668,24.6875,26.9375,25.78125,24.802083333333332,24.302083333333332,29.583333333333332,30.583333333333332,30.1875,29.927083333333332,29.604166666666668,29.59375,30.666666666666668,31.03125,30.739583333333332,29.177083333333332
1,mi_concept,1e-07,1.0,1.0,0.1,,0.5,True,0.2,-1,exemplar_mean,80.0,80.0,80.0,80.0,80.0,80.0,80.0,80.0,80.0,80.0,80.0,80.0,80.0,80.0,80.0,80.0,80.0,80.0,80.0,80.0,80.0
1,mi_concept,3.162277660168379e-07,1.0,1.0,0.1,,0.5,True,0.2,1775,exemplar_mean,77.98958333333333,78.58333333333333,77.89583333333333,77.98958333333333,77.42708333333333,76.13541666666667,77.5,75.94791666666667,76.625,75.77083333333333,77.53125,76.88541666666667,77.88541666666667,75.0,78.11458333333333,78.21875,77.64583333333333,79.02083333333333,79.36458333333333,78.3125,77.375
1,mi_concept,1e-06,1.0,1.0,0.1,,0.5,True,0.2,1355,exemplar_mean,73.19791666666667,73.8125,72.125,74.63541666666667,70.69791666666667,69.23958333333333,71.42708333333333,72.11458333333333,71.0,70.33333333333333,71.44791666666667,73.82291666666667,74.28125,70.90625,71.03125,75.33333333333333,74.375,73.66666666666667,73.58333333333333,72.67708333333333,73.21875
1,mi_concept,3.162277660168379e-06,1.0,1.0,0.1,,0.5,True,0.2,589,exemplar_mean,65.11458333333333,63.666666666666664,59.052083333333336,60.989583333333336,60.90625,57.46875,57.90625,60.90625,60.0625,56.291666666666664,61.0,64.20833333333333,62.510416666666664,59.59375,62.9375,60.6875,58.34375,57.40625,63.34375,60.489583333333336,60.895833333333336
1,mi_concept,1e-05,1.0,1.0,0.1,,0.5,True,0.2,49,exemplar_mean,52.125,46.3125,46.322916666666664,47.520833333333336,42.520833333333336,42.760416666666664,41.614583333333336,42.166666666666664,40.458333333333336,41.572916666666664,38.666666666666664,45.1875,47.0625,46.510416666666664,44.197916666666664,44.125,44.875,46.770833333333336,49.65625,45.645833333333336,44.875
2,mi_concept,1e-07,1.0,1.0,0.1,,1.0,True,0.1,1731,exemplar_mean,78.125,77.65625,76.66666666666667,76.23958333333333,76.13541666666667,77.21875,77.53125,76.40625,76.94791666666667,74.10416666666667,76.48958333333333,78.28125,78.125,78.47916666666667,77.77083333333333,77.1875,77.84375,77.88541666666667,76.625,76.58333333333333,77.79166666666667
2,mi_concept,3.162277660168379e-07,1.0,1.0,0.1,,1.0,True,0.1,1249,exemplar_mean,74.98958333333333,69.64583333333333,72.05208333333333,71.13541666666667,70.6875,69.05208333333333,68.67708333333333,68.92708333333333,68.4375,71.44791666666667,71.78125,72.19791666666667,74.5625,72.20833333333333,73.8125,71.71875,69.78125,70.67708333333333,74.20833333333333,71.34375,74.05208333333333
2,mi_concept,1e-06,1.0,1.0,0.1,,1.0,True,0.1,450,exemplar_mean,65.42708333333333,59.90625,60.510416666666664,57.583333333333336,52.84375,55.96875,55.447916666666664,54.802083333333336,57.1875,57.979166666666664,54.520833333333336,61.895833333333336,58.239583333333336,58.614583333333336,57.739583333333336,61.6875,59.770833333333336,57.958333333333336,60.364583333333336,59.135416666666664,61.020833333333336
2,mi_concept,3.162277660168379e-06,1.0,1.0,0.1,,1.0,True,0.1,32,exemplar_mean,46.708333333333336,42.833333333333336,42.260416666666664,39.677083333333336,37.4375,39.03125,39.21875,39.239583333333336,35.760416666666664,37.239583333333336,36.791666666666664,41.958333333333336,40.927083333333336,41.229166666666664,42.6875,43.583333333333336,41.125,42.739583333333336,44.479166666666664,43.020833333333336,42.541666666666664
2,mi_concept,1e-05,1.0,1.0,0.1,,1.0,True,0.1,0,exemplar_mean,33.4375,28.5,28.729166666666668,28.8125,28.041666666666668,27.864583333333332,26.770833333333332,28.75,27.270833333333332,26.25,26.708333333333332,30.75,29.041666666666668,30.84375,29.239583333333332,30.1875,30.25,31.760416666666668,29.5,30.375,29.270833333333332
3,mi_concept,1e-07,1.0,1.0,0.1,,1.0,True,0.2,-1,exemplar_mean,80.0,80.0,80.0,80.0,80.0,80.0,80.0,80.0,80.0,80.0,80.0,80.0,80.0,80.0,80.0,80.0,80.0,80.0,80.0,80.0,80.0
3,mi_concept,3.162277660168379e-07,1.0,1.0,0.1,,1.0,True,0.2,-1,exemplar_mean,80.0,80.0,80.0,80.0,80.0,80.0,80.0,80.0,80.0,80.0,80.0,80.0,80.0,80.0,80.0,80.0,80.0,80.0,80.0,80.0,80.0
3,mi_concept,1e-06,1.0,1.0,0.1,,1.0,True,0.2,1312,exemplar_mean,74.04166666666667,72.09375,72.88541666666667,70.65625,73.41666666666667,70.625,71.1875,68.26041666666667,70.05208333333333,68.91666666666667,73.1875,74.22916666666667,73.21875,71.3125,72.82291666666667,70.35416666666667,75.625,73.90625,69.39583333333333,71.35416666666667,74.05208333333333
3,mi_concept,3.162277660168379e-06,1.0,1.0,0.1,,1.0,True,0.2,569,exemplar_mean,66.94791666666667,61.802083333333336,62.65625,59.864583333333336,59.6875,59.822916666666664,54.4375,53.447916666666664,60.447916666666664,56.604166666666664,55.208333333333336,64.41666666666667,63.489583333333336,60.8125,62.625,61.229166666666664,62.083333333333336,60.302083333333336,62.364583333333336,62.614583333333336,62.864583333333336
3,mi_concept,1e-05,1.0,1.0,0.1,,1.0,True,0.2,50,exemplar_mean,50.875,46.854166666666664,49.114583333333336,41.729166666666664,42.072916666666664,42.333333333333336,42.28125,40.635416666666664,40.135416666666664,40.927083333333336,40.197916666666664,48.427083333333336,45.114583333333336,45.447916666666664,42.041666666666664,43.447916666666664,45.791666666666664,44.15625,41.916666666666664,44.59375,44.614583333333336
4,mi_concept,1e-07,1.0,1.0,1.0,,0.5,True,0.1,407,exemplar_mean,64.8125,61.15625,62.979166666666664,60.010416666666664,54.916666666666664,56.864583333333336,56.0,55.885416666666664,55.572916666666664,55.885416666666664,53.541666666666664,58.697916666666664,59.270833333333336,63.229166666666664,60.822916666666664,55.625,56.583333333333336,60.427083333333336,55.447916666666664,56.875,57.9375
4,mi_concept,3.162277660168379e-07,1.0,1.0,1.0,,0.5,True,0.1,20,exemplar_mean,48.25,45.625,44.28125,41.0,38.427083333333336,42.364583333333336,35.5625,42.59375,39.666666666666664,33.979166666666664,36.1875,42.114583333333336,38.958333333333336,41.645833333333336,43.875,42.03125,42.427083333333336,43.09375,39.229166666666664,39.8125,42.697916666666664
4,mi_concept,1e-06,1.0,1.0,1.0,,0.5,True,0.1,0,exemplar_mean,33.427083333333336,30.041666666666668,29.395833333333332,28.15625,27.9375,27.541666666666668,27.625,28.0,27.6875,25.833333333333332,26.041666666666668,30.6875,29.729166666666668,28.854166666666668,28.052083333333332,26.854166666666668,26.895833333333332,27.020833333333332,27.395833333333332,24.479166666666668,27.677083333333332
4,mi_concept,3.162277660168379e-06,1.0,1.0,1.0,,0.5,True,0.1,0,exemplar_mean,22.927083333333332,20.791666666666668,20.020833333333332,19.34375,18.145833333333332,19.875,18.21875,17.958333333333332,18.6875,17.1875,18.354166666666668,21.770833333333332,20.572916666666668,18.041666666666668,18.583333333333332,18.916666666666668,17.947916666666668,17.270833333333332,17.895833333333332,19.020833333333332,17.78125
4,mi_concept,1e-05,1.0,1.0,1.0,,0.5,True,0.1,0,exemplar_mean,16.03125,13.854166666666666,12.416666666666666,13.59375,12.947916666666666,13.135416666666666,12.520833333333334,12.260416666666666,11.635416666666666,12.5625,12.020833333333334,14.270833333333334,13.479166666666666,12.604166666666666,13.75,12.09375,12.958333333333334,12.427083333333334,12.28125,13.09375,12.854166666666666
5,mi_concept,1e-07,1.0,1.0,1.0,,0.5,True,0.2,1349,exemplar_mean,78.97916666666667,74.8125,75.52083333333333,70.84375,72.60416666666667,72.9375,70.38541666666667,70.32291666666667,71.26041666666667,71.78125,74.65625,74.6875,74.51041666666667,73.25,71.02083333333333,71.61458333333333,70.78125,71.04166666666667,70.0625,71.29166666666667,70.72916666666667
5,mi_concept,3.162277660168379e-07,1.0,1.0,1.0,,0.5,True,0.2,547,exemplar_mean,68.90625,61.8125,60.979166666666664,62.166666666666664,59.260416666666664,58.427083333333336,62.34375,56.791666666666664,55.666666666666664,59.354166666666664,59.09375,64.875,64.54166666666667,62.833333333333336,59.9375,60.614583333333336,58.666666666666664,57.822916666666664,59.625,60.739583333333336,58.84375
5,mi_concept,1e-06,1.0,1.0,1.0,,0.5,True,0.2,46,exemplar_mean,52.166666666666664,49.947916666666664,46.104166666666664,44.270833333333336,43.333333333333336,43.5625,42.854166666666664,44.291666666666664,43.114583333333336,41.552083333333336,42.010416666666664,49.5,45.520833333333336,46.479166666666664,42.84375,45.041666666666664,44.0,41.0625,42.729166666666664,42.4375,41.354166666666664
5,mi_concept,3.162277660168379e-06,1.0,1.0,1.0,,0.5,True,0.2,0,exemplar_mean,36.3125,33.114583333333336,32.5625,31.260416666666668,30.71875,29.6875,29.770833333333332,31.010416666666668,28.979166666666668,30.875,27.302083333333332,33.53125,31.760416666666668,29.875,30.375,30.229166666666668,30.895833333333332,28.958333333333332,29.90625,30.604166666666668,27.65625
5,mi_concept,1e-05,1.0,1.0,1.0,,0.5,True,0.2,0,exemplar_mean,25.166666666666668,22.46875,20.28125,20.520833333333332,21.177083333333332,20.177083333333332,19.822916666666668,20.854166666666668,18.875,19.6875,18.854166666666668,23.427083333333332,20.875,22.135416666666668,20.302083333333332,20.5,20.947916666666668,19.291666666666668,20.135416666666668,19.635416666666668,18.8125
6,mi_concept,1e-07,1.0,1.0,1.0,,1.0,True,0.1,414,exemplar_mean,66.52083333333333,64.40625,61.291666666666664,60.770833333333336,57.572916666666664,55.760416666666664,56.34375,52.666666666666664,51.854166666666664,58.875,57.239583333333336,58.583333333333336,59.541666666666664,55.322916666666664,56.09375,56.760416666666664,57.979166666666664,57.458333333333336,55.333333333333336,54.416666666666664,58.104166666666664
6,mi_concept,3.162277660168379e-07,1.0,1.0,1.0,,1.0,True,0.1,18,exemplar_mean,48.510416666666664,44.333333333333336,42.729166666666664,41.354166666666664,38.96875,38.458333333333336,40.833333333333336,41.4375,39.302083333333336,40.125,38.760416666666664,47.083333333333336,43.583333333333336,41.708333333333336,41.489583333333336,43.385416666666664,38.28125,40.052083333333336,40.5625,39.96875,40.34375
6,mi_concept,1e-06,1.0,1.0,1.0,,1.0,True,0.1,0,exemplar_mean,31.104166666666668,28.03125,29.114583333333332,28.291666666666668,29.0625,28.322916666666668,26.958333333333332,27.708333333333332,26.78125,26.895833333333332,25.65625,30.770833333333332,30.427083333333332,27.635416666666668,27.791666666666668,28.979166666666668,27.1875,26.1875,28.416666666666668,27.666666666666668,27.9375
6,mi_concept,3.162277660168379e-06,1.0,1.0,1.0,,1.0,True,0.1,0,exemplar_mean,22.822916666666668,20.96875,19.395833333333332,20.552083333333332,18.3125,18.59375,19.166666666666668,17.166666666666668,18.90625,18.90625,17.291666666666668,20.177083333333332,20.03125,18.958333333333332,20.489583333333332,19.239583333333332,18.65625,19.4375,17.729166666666668,18.677083333333332,19.03125
6,mi_concept,1e-05,1.0,1.0,1.0,,1.0,True,0.1,0,exemplar_mean,16.885416666666668,14.21875,14.364583333333334,12.833333333333334,12.625,13.020833333333334,12.395833333333334,12.0625,12.71875,12.697916666666666,12.739583333333334,14.583333333333334,14.28125,12.625,13.395833333333334,11.895833333333334,12.822916666666666,13.083333333333334,13.083333333333334,12.541666666666666,13.416666666666666
7,mi_concept,1e-07,1.0,1.0,1.0,,1.0,True,0.2,1341,exemplar_mean,75.83333333333333,74.625,72.83333333333333,70.29166666666667,70.90625,75.4375,71.30208333333333,68.48958333333333,72.86458333333333,70.65625,71.28125,74.02083333333333,72.75,75.04166666666667,73.46875,75.64583333333333,73.27083333333333,73.01041666666667,72.07291666666667,71.15625,71.73958333333333
7,mi_concept,3.162277660168379e-07,1.0,1.0,1.0,,1.0,True,0.2,555,exemplar_mean,68.51041666666667,64.95833333333333,60.8125,57.3125,59.8125,58.0,59.78125,57.03125,58.583333333333336,58.333333333333336,61.708333333333336,64.8125,61.375,58.520833333333336,60.90625,60.520833333333336,63.520833333333336,58.5625,61.114583333333336,61.604166666666664,62.572916666666664
7,mi_concept,1e-06,1.0,1.0,1.0,,1.0,True,0.2,49,exemplar_mean,49.697916666666664,46.8125,44.583333333333336,44.416666666666664,42.791666666666664,43.239583333333336,40.71875,40.697916666666664,41.927083333333336,43.979166666666664,42.854166666666664,47.75,46.625,44.979166666666664,46.489583333333336,44.052083333333336,42.989583333333336,44.291666666666664,45.104166666666664,40.645833333333336,42.28125
7,mi_concept,3.162277660168379e-06,1.0,1.0,1.0,,1.0,True,0.2,0,exemplar_mean,37.270833333333336,33.0625,31.416666666666668,29.677083333333332,29.8125,30.645833333333332,30.302083333333332,29.3125,28.791666666666668,27.25,27.791666666666668,32.791666666666664,31.552083333333332,30.614583333333332,31.197916666666668,30.645833333333332,28.989583333333332,28.864583333333332,29.229166666666668,30.479166666666668,28.083333333333332
7,mi_concept,1e-05,1.0,1.0,1.0,,1.0,True,0.2,0,exemplar_mean,26.666666666666668,21.510416666666668,23.46875,20.645833333333332,20.5,19.197916666666668,18.833333333333332,19.072916666666668,21.135416666666668,20.291666666666668,18.416666666666668,23.333333333333332,21.958333333333332,20.28125,20.479166666666668,20.729166666666668,20.65625,20.84375,19.645833333333332,19.0,20.75
8,mi_concept,1e-07,1.0,10.0,0.1,,0.5,True,0.1,-1,exemplar_mean,80.0,80.0,80.0,80.0,80.0,80.0,80.0,80.0,80.0,80.0,80.0,80.0,80.0,80.0,80.0,80.0,80.0,80.0,80.0,80.0,80.0
8,mi_concept,3.162277660168379e-07,1.0,10.0,0.1,,0.5,True,0.1,-1,exemplar_mean,80.0,80.0,80.0,80.0,80.0,80.0,80.0,80.0,80.0,80.0,80.0,80.0,80.0,80.0,80.0,80.0,80.0,80.0,80.0,80.0,80.0
8,mi_concept,1e-06,1.0,10.0,0.1,,0.5,True,0.1,1193,exemplar_mean,75.20833333333333,74.76041666666667,74.11458333333333,73.8125,70.77083333333333,69.05208333333333,69.32291666666667,68.57291666666667,70.03125,65.83333333333333,67.11458333333333,73.94791666666667,71.53125,71.91666666666667,70.16666666666667,67.96875,69.44791666666667,70.65625,69.5625,70.36458333333333,71.88541666666667
8,mi_concept,3.162277660168379e-06,1.0,10.0,0.1,,0.5,True,0.1,450,exemplar_mean,69.3125,67.45833333333333,60.822916666666664,58.229166666666664,57.84375,53.21875,54.708333333333336,48.885416666666664,50.427083333333336,50.5,50.541666666666664,64.54166666666667,64.4375,63.166666666666664,58.104166666666664,56.864583333333336,54.71875,58.25,52.416666666666664,60.1875,57.802083333333336
8,mi_concept,1e-05,1.0,10.0,0.1,,0.5,True,0.1,48,exemplar_mean,54.520833333333336,51.041666666666664,46.229166666666664,42.1875,38.1875,41.072916666666664,34.041666666666664,35.84375,34.479166666666664,33.729166666666664,32.604166666666664,46.020833333333336,46.75,43.583333333333336,39.416666666666664,41.885416666666664,40.041666666666664,39.645833333333336,40.979166666666664,40.125,38.90625
9,mi_concept,1e-07,1.0,10.0,0.1,,0.5,True,0.2,-1,exemplar_mean,80.0,80.0,80.0,80.0,80.0,80.0,80.0,80.0,80.0,80.0,80.0,80.0,80.0,80.0,80.0,80.0,80.0,80.0,80.0,80.0,80.0
9,mi_concept,3.162277660168379e-07,1.0,10.0,0.1,,0.5,True,0.2,-1,exemplar_mean,80.0,80.0,80.0,80.0,80.0,80.0,80.0,80.0,80.0,80.0,80.0,80.0,80.0,80.0,80.0,80.0,80.0,80.0,80.0,80.0,80.0
9,mi_concept,1e-06,1.0,10.0,0.1,,0.5,True,0.2,1746,exemplar_mean,79.54166666666667,77.58333333333333,77.39583333333333,77.44791666666667,76.77083333333333,77.19791666666667,75.78125,77.9375,76.20833333333333,76.27083333333333,77.32291666666667,77.83333333333333,77.67708333333333,77.36458333333333,76.29166666666667,75.90625,77.52083333333333,76.67708333333333,76.10416666666667,76.45833333333333,76.9375
9,mi_concept,3.162277660168379e-06,1.0,10.0,0.1,,0.5,True,0.2,1253,exemplar_mean,76.34375,72.04166666666667,70.60416666666667,72.44791666666667,71.28125,66.9375,66.32291666666667,68.21875,68.625,64.76041666666667,67.97916666666667,74.28125,73.4375,74.625,71.03125,71.55208333333333,73.58333333333333,69.01041666666667,71.53125,69.98958333333333,71.23958333333333
9,mi_concept,1e-05,1.0,10.0,0.1,,0.5,True,0.2,535,exemplar_mean,70.25,64.58333333333333,65.23958333333333,56.46875,59.78125,54.979166666666664,56.010416666666664,52.979166666666664,52.270833333333336,51.416666666666664,49.21875,65.08333333333333,67.29166666666667,62.666666666666664,59.739583333333336,57.385416666666664,60.677083333333336,58.1875,55.041666666666664,54.291666666666664,53.958333333333336
10,mi_concept,1e-07,1.0,10.0,0.1,,1.0,True,0.1,1902,exemplar_mean,79.16666666666667,79.78125,79.70833333333333,79.4375,78.17708333333333,78.60416666666667,79.57291666666667,77.90625,79.07291666666667,78.16666666666667,77.86458333333333,79.30208333333333,79.71875,77.5,77.88541666666667,78.875,79.44791666666667,79.15625,78.88541666666667,78.72916666666667,77.6875
10,mi_concept,3.162277660168379e-07,1.0,10.0,0.1,,1.0,True,0.1,-1,exemplar_mean,80.0,80.0,80.0,80.0,80.0,80.0,80.0,80.0,80.0,80.0,80.0,80.0,80.0,80.0,80.0,80.0,80.0,80.0,80.0,80.0,80.0
10,mi_concept,1e-06,1.0,10.0,0.1,,1.0,True,0.1,1193,exemplar_mean,77.08333333333333,73.16666666666667,71.21875,70.91666666666667,67.51041666666667,69.78125,69.625,67.03125,66.47916666666667,67.16666666666667,63.9375,74.10416666666667,74.59375,72.84375,69.48958333333333,70.97916666666667,71.19791666666667,67.76041666666667,68.23958333333333,69.25,68.8125
10,mi_concept,3.162277660168379e-06,1.0,10.0,0.1,,1.0,True,0.1,464,exemplar_mean,69.78125,66.13541666666667,63.604166666666664,56.979166666666664,55.25,53.197916666666664,54.072916666666664,50.364583333333336,50.375,49.0625,47.614583333333336,65.02083333333333,62.03125,56.791666666666664,58.90625,60.260416666666664,57.302083333333336,59.697916666666664,58.875,56.083333333333336,57.333333333333336
10,mi_concept,1e-05,1.0,10.0,0.1,,1.0,True,0.1,40,exemplar_mean,53.40625,52.510416666666664,43.270833333333336,42.46875,39.34375,38.166666666666664,39.229166666666664,34.71875,35.083333333333336,35.395833333333336,32.34375,47.458333333333336,42.302083333333336,43.03125,43.625,43.510416666666664,41.447916666666664,41.229166666666664,42.114583333333336,39.375,41.84375
11,mi_concept,1e-07,1.0,10.0,0.1,,1.0,True,0.2,-1,exemplar_mean,80.0,80.0,80.0,80.0,80.0,80.0,80.0,80.0,80.0,80.0,80.0,80.0,80.0,80.0,80.0,80.0,80.0,80.0,80.0,80.0,80.0
11,mi_concept,3.162277660168379e-07,1.0,10.0,0.1,,1.0,True,0.2,-1,exemplar_mean,80.0,80.0,80.0,80.0,80.0,80.0,80.0,80.0,80.0,80.0,80.0,80.0,80.0,80.0,80.0,80.0,80.0,80.0,80.0,80.0,80.0
11,mi_concept,1e-06,1.0,10.0,0.1,,1.0,True,0.2,-1,exemplar_mean,80.0,80.0,80.0,80.0,80.0,80.0,80.0,80.0,80.0,80.0,80.0,80.0,80.0,80.0,80.0,80.0,80.0,80.0,80.0,80.0,80.0
11,mi_concept,3.162277660168379e-06,1.0,10.0,0.1,,1.0,True,0.2,1242,exemplar_mean,77.01041666666667,75.19791666666667,72.05208333333333,71.89583333333333,70.45833333333333,74.61458333333333,67.45833333333333,66.10416666666667,70.20833333333333,65.23958333333333,66.46875,72.66666666666667,72.38541666666667,72.42708333333333,71.94791666666667,73.61458333333333,70.01041666666667,71.89583333333333,70.60416666666667,67.375,67.70833333333333
11,mi_concept,1e-05,1.0,10.0,0.1,,1.0,True,0.2,521,exemplar_mean,71.44791666666667,64.64583333333333,60.114583333333336,57.354166666666664,59.666666666666664,53.96875,54.84375,54.34375,48.479166666666664,51.552083333333336,49.291666666666664,64.0,63.375,62.5625,62.90625,60.96875,59.510416666666664,57.697916666666664,61.114583333333336,56.739583333333336,57.208333333333336
12,mi_concept,1e-07,1.0,10.0,1.0,,0.5,True,0.1,1188,exemplar_mean,77.4375,76.40625,75.125,70.41666666666667,69.72916666666667,67.78125,67.42708333333333,71.13541666666667,67.14583333333333,67.14583333333333,68.09375,75.0,71.89583333333333,72.16666666666667,73.375,70.27083333333333,69.5625,66.03125,68.04166666666667,68.03125,66.36458333333333
12,mi_concept,3.162277660168379e-07,1.0,10.0,1.0,,0.5,True,0.1,407,exemplar_mean,68.19791666666667,67.09375,59.958333333333336,60.479166666666664,58.020833333333336,54.666666666666664,53.53125,49.84375,53.34375,50.78125,49.947916666666664,64.19791666666667,62.458333333333336,63.239583333333336,59.208333333333336,55.979166666666664,55.447916666666664,52.385416666666664,54.604166666666664,53.291666666666664,52.15625
12,mi_concept,1e-06,1.0,10.0,1.0,,0.5,True,0.1,31,exemplar_mean,54.15625,47.5,49.489583333333336,43.260416666666664,42.625,39.833333333333336,38.09375,36.25,33.5625,35.770833333333336,35.520833333333336,54.302083333333336,44.34375,46.083333333333336,43.15625,40.854166666666664,40.71875,37.989583333333336,36.958333333333336,32.697916666666664,36.208333333333336
12,mi_concept,3.162277660168379e-06,1.0,10.0,1.0,,0.5,True,0.1,0,exemplar_mean,39.875,35.885416666666664,32.34375,28.604166666666668,28.1875,26.427083333333332,26.177083333333332,25.40625,24.291666666666668,22.78125,22.4375,33.479166666666664,30.520833333333332,29.40625,29.041666666666668,25.322916666666668,26.854166666666668,26.729166666666668,23.729166666666668,25.958333333333332,24.177083333333332
12,mi_concept,1e-05,1.0,10.0,1.0,,0.5,True,0.1,0,exemplar_mean,30.21875,24.135416666666668,21.510416666666668,19.239583333333332,19.135416666666668,18.052083333333332,17.239583333333332,15.958333333333334,16.927083333333332,16.177083333333332,15.479166666666666,24.510416666666668,22.5625,20.177083333333332,20.416666666666668,18.09375,18.895833333333332,18.572916666666668,17.385416666666668,17.083333333333332,16.4375
13,mi_concept,1e-07,1.0,10.0,1.0,,0.5,True,0.2,1762,exemplar_mean,78.0625,79.20833333333333,77.53125,78.8125,78.16666666666667,78.79166666666667,76.90625,75.0,75.64583333333333,75.86458333333333,76.27083333333333,78.01041666666667,77.63541666666667,77.28125,77.26041666666667,76.42708333333333,76.84375,77.25,76.30208333333333,76.07291666666667,79.375
13,mi_concept,3.162277660168379e-07,1.0,10.0,1.0,,0.5,True,0.2,1284,exemplar_mean,77.05208333333333,77.34375,75.78125,72.86458333333333,73.4375,71.48958333333333,69.29166666666667,70.35416666666667,65.6875,68.70833333333333,66.79166666666667,75.47916666666667,73.03125,74.20833333333333,72.95833333333333,70.53125,72.25,71.125,69.26041666666667,69.45833333333333,68.47916666666667
13,mi_concept,1e-06,1.0,10.0,1.0,,0.5,True,0.2,602,exemplar_mean,72.08333333333333,71.89583333333333,62.71875,62.666666666666664,59.46875,60.28125,60.177083333333336,57.708333333333336,55.135416666666664,54.541666666666664,54.59375,69.27083333333333,64.07291666666667,64.94791666666667,60.979166666666664,57.739583333333336,59.104166666666664,57.28125,60.041666666666664,54.25,55.895833333333336
13,mi_concept,3.162277660168379e-06,1.0,10.0,1.0,,0.5,True,0.2,60,exemplar_mean,60.34375,52.864583333333336,49.895833333333336,43.947916666666664,45.072916666666664,41.0625,40.864583333333336,40.40625,39.260416666666664,40.75,36.125,50.041666666666664,47.666666666666664,46.760416666666664,45.46875,41.572916666666664,40.364583333333336,41.166666666666664,41.65625,33.697916666666664,38.427083333333336
13,mi_concept,1e-05,1.0,10.0,1.0,,0.5,True,0.2,2,exemplar_mean,43.541666666666664,36.791666666666664,33.364583333333336,33.260416666666664,29.697916666666668,27.71875,30.572916666666668,27.375,27.083333333333332,27.21875,23.572916666666668,37.09375,34.510416666666664,32.666666666666664,29.791666666666668,27.895833333333332,28.604166666666668,27.75,24.229166666666668,25.4375,27.197916666666668
14,mi_concept,1e-07,1.0,10.0,1.0,,1.0,True,0.1,1153,exemplar_mean,75.39583333333333,77.625,72.97916666666667,71.54166666666667,73.63541666666667,68.88541666666667,69.01041666666667,67.94791666666667,65.61458333333333,68.36458333333333,66.42708333333333,73.76041666666667,71.32291666666667,71.10416666666667,72.08333333333333,69.51041666666667,68.10416666666667,64.20833333333333,70.29166666666667,63.9375,68.03125
14,mi_concept,3.162277660168379e-07,1.0,10.0,1.0,,1.0,True,0.1,432,exemplar_mean,68.80208333333333,65.0625,61.822916666666664,57.78125,58.010416666666664,55.520833333333336,52.375,56.0625,51.145833333333336,51.8125,49.6875,68.07291666666667,65.10416666666667,61.1875,55.9375,56.5625,55.552083333333336,52.166666666666664,53.854166666666664,52.0,54.0
14,mi_concept,1e-06,1.0,10.0,1.0,,1.0,True,0.1,36,exemplar_mean,54.46875,48.625,49.354166666666664,43.46875,40.989583333333336,37.177083333333336,36.5,37.71875,37.09375,35.604166666666664,37.635416666666664,49.114583333333336,46.791666666666664,45.875,43.65625,40.635416666666664,39.28125,35.052083333333336,37.229166666666664,39.052083333333336,36.625
14,mi_concept,3.162277660168379e-06,1.0,10.0,1.0,,1.0,True,0.1,1,exemplar_mean,40.166666666666664,33.5,30.3125,27.427083333333332,27.572916666666668,25.46875,26.166666666666668,23.739583333333332,24.291666666666668,25.458333333333332,22.885416666666668,32.197916666666664,32.427083333333336,29.395833333333332,32.041666666666664,27.197916666666668,27.072916666666668,26.427083333333332,25.770833333333332,25.739583333333332,24.072916666666668
14,mi_concept,1e-05,1.0,10.0,1.0,,1.0,True,0.1,0,exemplar_mean,26.072916666666668,23.65625,20.75,20.458333333333332,17.6875,18.604166666666668,17.8125,17.03125,17.145833333333332,16.020833333333332,15.041666666666666,23.34375,21.447916666666668,20.208333333333332,20.28125,18.4375,18.072916666666668,18.395833333333332,17.541666666666668,16.96875,16.21875
15,mi_concept,1e-07,1.0,10.0,1.0,,1.0,True,0.2,-1,exemplar_mean,80.0,80.0,80.0,80.0,80.0,80.0,80.0,80.0,80.0,80.0,80.0,80.0,80.0,80.0,80.0,80.0,80.0,80.0,80.0,80.0,80.0
15,mi_concept,3.162277660168379e-07,1.0,10.0,1.0,,1.0,True,0.2,1304,exemplar_mean,78.0625,74.78125,73.55208333333333,73.69791666666667,71.14583333333333,72.19791666666667,69.85416666666667,70.83333333333333,70.52083333333333,69.07291666666667,70.73958333333333,75.85416666666667,73.84375,74.51041666666667,70.85416666666667,70.44791666666667,71.82291666666667,70.875,70.16666666666667,67.03125,68.14583333333333
15,mi_concept,1e-06,1.0,10.0,1.0,,1.0,True,0.2,561,exemplar_mean,70.42708333333333,69.22916666666667,61.697916666666664,60.510416666666664,60.510416666666664,61.6875,59.53125,56.947916666666664,54.625,56.71875,54.708333333333336,67.375,66.25,67.02083333333333,63.447916666666664,61.416666666666664,57.25,59.041666666666664,56.239583333333336,56.0625,55.770833333333336
15,mi_concept,3.162277660168379e-06,1.0,10.0,1.0,,1.0,True,0.2,70,exemplar_mean,57.427083333333336,50.46875,47.958333333333336,47.072916666666664,44.604166666666664,43.885416666666664,40.177083333333336,41.833333333333336,40.072916666666664,37.802083333333336,39.59375,53.645833333333336,47.34375,47.864583333333336,43.3125,43.1875,40.1875,39.458333333333336,41.375,37.489583333333336,38.1875
15,mi_concept,1e-05,1.0,10.0,1.0,,1.0,True,0.2,1,exemplar_mean,41.916666666666664,36.552083333333336,35.041666666666664,32.135416666666664,29.5,30.135416666666668,26.739583333333332,27.0,26.302083333333332,24.697916666666668,26.166666666666668,34.895833333333336,35.947916666666664,32.666666666666664,28.28125,28.989583333333332,28.625,27.854166666666668,25.427083333333332,26.947916666666668,27.916666666666668
16,mi_concept,1e-07,3.0,1.0,0.1,,0.5,True,0.1,1666,exemplar_mean,75.89583333333333,76.53125,77.6875,75.07291666666667,75.04166666666667,75.28125,77.13541666666667,77.47916666666667,76.5625,75.76041666666667,77.42708333333333,75.69791666666667,74.59375,75.67708333333333,77.75,75.3125,76.36458333333333,77.6875,76.30208333333333,76.35416666666667,75.79166666666667
16,mi_concept,3.162277660168379e-07,3.0,1.0,0.1,,0.5,True,0.1,1044,exemplar_mean,67.23958333333333,69.125,69.01041666666667,65.53125,64.89583333333333,68.58333333333333,70.57291666666667,67.21875,67.63541666666667,67.35416666666667,62.354166666666664,67.8125,71.28125,69.13541666666667,71.10416666666667,65.97916666666667,70.6875,67.82291666666667,69.86458333333333,70.90625,72.11458333333333
16,mi_concept,1e-06,3.0,1.0,0.1,,0.5,True,0.1,330,exemplar_mean,54.71875,56.875,53.59375,54.1875,53.489583333333336,52.895833333333336,56.28125,49.145833333333336,50.09375,54.53125,49.385416666666664,56.333333333333336,56.166666666666664,54.75,55.447916666666664,56.072916666666664,57.260416666666664,58.0625,56.96875,59.6875,58.229166666666664
16,mi_concept,3.162277660168379e-06,3.0,1.0,0.1,,0.5,True,0.1,14,exemplar_mean,37.78125,37.645833333333336,38.177083333333336,37.59375,36.75,36.020833333333336,34.895833333333336,38.4375,36.552083333333336,36.020833333333336,38.760416666666664,38.197916666666664,37.802083333333336,38.84375,39.40625,39.5625,39.895833333333336,38.197916666666664,42.041666666666664,44.375,43.229166666666664
16,mi_concept,1e-05,3.0,1.0,0.1,,0.5,True,0.1,0,exemplar_mean,30.697916666666668,25.072916666666668,26.135416666666668,25.71875,25.09375,25.385416666666668,25.322916666666668,23.229166666666668,25.28125,23.46875,24.71875,28.895833333333332,26.260416666666668,27.385416666666668,26.072916666666668,25.979166666666668,26.458333333333332,29.229166666666668,26.072916666666668,27.375,28.135416666666668
17,mi_concept,1e-07,3.0,1.0,0.1,,0.5,True,0.2,-1,exemplar_mean,80.0,80.0,80.0,80.0,80.0,80.0,80.0,80.0,80.0,80.0,80.0,80.0,80.0,80.0,80.0,80.0,80.0,80.0,80.0,80.0,80.0
17,mi_concept,3.162277660168379e-07,3.0,1.0,0.1,,0.5,True,0.2,-1,exemplar_mean,80.0,80.0,80.0,80.0,80.0,80.0,80.0,80.0,80.0,80.0,80.0,80.0,80.0,80.0,80.0,80.0,80.0,80.0,80.0,80.0,80.0
17,mi_concept,1e-06,3.0,1.0,0.1,,0.5,True,0.2,1190,exemplar_mean,71.19791666666667,68.96875,70.71875,68.85416666666667,67.88541666666667,66.41666666666667,69.45833333333333,65.53125,68.46875,67.3125,69.0,71.6875,71.23958333333333,70.3125,72.32291666666667,71.64583333333333,74.0,71.34375,70.23958333333333,72.9375,70.84375
17,mi_concept,3.162277660168379e-06,3.0,1.0,0.1,,0.5,True,0.2,422,exemplar_mean,59.90625,57.364583333333336,54.895833333333336,55.90625,56.791666666666664,52.260416666666664,55.729166666666664,53.895833333333336,55.75,56.958333333333336,52.729166666666664,55.072916666666664,60.09375,59.916666666666664,58.072916666666664,55.5625,59.03125,60.427083333333336,60.71875,58.979166666666664,61.052083333333336
17,mi_concept,1e-05,3.0,1.0,0.1,,0.5,True,0.2,33,exemplar_mean,44.5,40.416666666666664,40.208333333333336,38.770833333333336,35.354166666666664,37.270833333333336,38.208333333333336,37.770833333333336,37.520833333333336,36.364583333333336,36.489583333333336,43.802083333333336,41.489583333333336,42.895833333333336,41.625,41.78125,45.041666666666664,40.59375,43.229166666666664,43.416666666666664,44.760416666666664
18,mi_concept,1e-07,3.0,1.0,0.1,,1.0,True,0.1,1683,exemplar_mean,76.07291666666667,75.33333333333333,76.875,73.42708333333333,78.4375,76.4375,75.4375,77.4375,76.92708333333333,76.57291666666667,76.45833333333333,76.52083333333333,77.19791666666667,76.58333333333333,78.52083333333333,76.35416666666667,76.65625,77.07291666666667,76.28125,77.05208333333333,76.79166666666667
18,mi_concept,3.162277660168379e-07,3.0,1.0,0.1,,1.0,True,0.1,1064,exemplar_mean,69.6875,66.86458333333333,69.1875,68.84375,68.1875,67.65625,68.09375,67.71875,66.13541666666667,67.02083333333333,67.25,70.63541666666667,71.48958333333333,67.14583333333333,68.29166666666667,69.32291666666667,68.84375,72.52083333333333,73.29166666666667,72.11458333333333,70.17708333333333
18,mi_concept,1e-06,3.0,1.0,0.1,,1.0,True,0.1,287,exemplar_mean,56.479166666666664,57.46875,53.354166666666664,51.854166666666664,51.270833333333336,50.989583333333336,51.260416666666664,53.3125,54.010416666666664,51.885416666666664,50.385416666666664,54.229166666666664,55.9375,59.40625,55.635416666666664,58.197916666666664,60.229166666666664,54.09375,57.208333333333336,59.0625,58.041666666666664
18,mi_concept,3.162277660168379e-06,3.0,1.0,0.1,,1.0,True,0.1,16,exemplar_mean,39.84375,39.4375,38.822916666666664,39.729166666666664,34.65625,37.104166666666664,36.302083333333336,35.3125,35.3125,33.635416666666664,33.9375,38.770833333333336,39.208333333333336,40.895833333333336,37.78125,40.84375,40.3125,41.260416666666664,41.927083333333336,40.979166666666664,45.760416666666664
18,mi_concept,1e-05,3.0,1.0,0.1,,1.0,True,0.1,0,exemplar_mean,26.760416666666668,26.833333333333332,24.614583333333332,24.479166666666668,25.4375,25.208333333333332,24.59375,26.09375,26.020833333333332,23.333333333333332,22.177083333333332,25.9375,26.270833333333332,25.083333333333332,27.135416666666668,27.291666666666668,25.447916666666668,28.916666666666668,29.208333333333332,26.395833333333332,28.854166666666668
19,mi_concept,1e-07,3.0,1.0,0.1,,1.0,True,0.2,-1,exemplar_mean,80.0,80.0,80.0,80.0,80.0,80.0,80.0,80.0,80.0,80.0,80.0,80.0,80.0,80.0,80.0,80.0,80.0,80.0,80.0,80.0,80.0
19,mi_concept,3.162277660168379e-07,3.0,1.0,0.1,,1.0,True,0.2,-1,exemplar_mean,80.0,80.0,80.0,80.0,80.0,80.0,80.0,80.0,80.0,80.0,80.0,80.0,80.0,80.0,80.0,80.0,80.0,80.0,80.0,80.0,80.0
19,mi_concept,1e-06,3.0,1.0,0.1,,1.0,True,0.2,1158,exemplar_mean,70.83333333333333,68.83333333333333,71.25,69.59375,66.0,68.05208333333333,69.11458333333333,68.38541666666667,66.57291666666667,69.5,66.83333333333333,71.36458333333333,69.42708333333333,73.0,72.75,69.04166666666667,67.80208333333333,68.97916666666667,72.22916666666667,71.64583333333333,73.15625
19,mi_concept,3.162277660168379e-06,3.0,1.0,0.1,,1.0,True,0.2,413,exemplar_mean,57.65625,60.5625,57.677083333333336,51.34375,55.177083333333336,55.90625,54.020833333333336,56.697916666666664,55.333333333333336,52.28125,57.291666666666664,62.041666666666664,59.15625,56.28125,59.677083333333336,59.75,62.125,60.59375,58.4375,60.979166666666664,61.854166666666664
19,mi_concept,1e-05,3.0,1.0,0.1,,1.0,True,0.2,17,exemplar_mean,43.75,40.5625,41.041666666666664,40.510416666666664,41.052083333333336,37.96875,37.5625,38.270833333333336,35.572916666666664,37.291666666666664,36.40625,43.052083333333336,42.625,45.458333333333336,42.895833333333336,39.90625,44.854166666666664,39.833333333333336,42.322916666666664,43.364583333333336,43.34375
20,mi_concept,1e-07,3.0,1.0,1.0,,0.5,True,0.1,252,exemplar_mean,52.864583333333336,53.5,52.145833333333336,52.427083333333336,52.927083333333336,54.6875,54.510416666666664,51.15625,50.75,52.260416666666664,52.75,57.260416666666664,49.46875,57.4375,52.5,58.427083333333336,55.708333333333336,54.90625,51.84375,50.6875,54.739583333333336
20,mi_concept,3.162277660168379e-07,3.0,1.0,1.0,,0.5,True,0.1,3,exemplar_mean,37.0625,39.260416666666664,36.177083333333336,37.84375,36.375,36.427083333333336,34.0625,37.5,36.322916666666664,35.979166666666664,33.864583333333336,37.552083333333336,37.885416666666664,37.895833333333336,37.760416666666664,35.041666666666664,36.46875,37.552083333333336,35.9375,38.697916666666664,40.28125
20,mi_concept,1e-06,3.0,1.0,1.0,,0.5,True,0.1,0,exemplar_mean,25.364583333333332,23.947916666666668,24.177083333333332,24.052083333333332,24.989583333333332,24.885416666666668,25.520833333333332,26.291666666666668,23.6875,26.229166666666668,25.885416666666668,24.90625,25.020833333333332,24.520833333333332,25.3125,26.739583333333332,26.59375,25.010416666666668,23.854166666666668,24.885416666666668,26.947916666666668
20,mi_concept,3.162277660168379e-06,3.0,1.0,1.0,,0.5,True,0.1,0,exemplar_mean,19.895833333333332,19.114583333333332,17.677083333333332,17.916666666666668,18.34375,16.708333333333332,16.802083333333332,16.291666666666668,16.666666666666668,18.03125,17.9375,18.0,17.875,17.979166666666668,17.677083333333332,17.333333333333332,17.083333333333332,17.489583333333332,18.104166666666668,17.270833333333332,18.333333333333332
20,mi_concept,1e-05,3.0,1.0,1.0,,0.5,True,0.1,0,exemplar_mean,13.09375,11.8125,12.333333333333334,12.354166666666666,11.927083333333334,12.21875,11.375,12.25,12.052083333333334,11.9375,11.395833333333334,11.677083333333334,12.052083333333334,12.395833333333334,11.708333333333334,11.770833333333334,11.625,12.28125,11.510416666666666,11.1875,11.822916666666666
21,mi_concept,1e-07,3.0,1.0,1.0,,0.5,True,0.2,1176,exemplar_mean,72.5625,70.08333333333333,70.89583333333333,71.42708333333333,72.0625,69.21875,69.82291666666667,70.40625,68.41666666666667,70.75,66.94791666666667,69.72916666666667,67.39583333333333,69.28125,70.07291666666667,69.8125,70.53125,72.10416666666667,71.30208333333333,70.52083333333333,69.48958333333333
21,mi_concept,3.162277660168379e-07,3.0,1.0,1.0,,0.5,True,0.2,377,exemplar_mean,54.270833333333336,58.072916666666664,56.6875,56.5,61.229166666666664,58.09375,55.229166666666664,56.677083333333336,56.083333333333336,58.260416666666664,59.239583333333336,57.739583333333336,57.697916666666664,58.84375,57.458333333333336,55.71875,57.5,54.635416666666664,56.6875,55.479166666666664,56.75
21,mi_concept,1e-06,3.0,1.0,1.0,,0.5,True,0.2,11,exemplar_mean,41.125,40.833333333333336,40.614583333333336,38.21875,39.729166666666664,36.885416666666664,40.833333333333336,38.635416666666664,40.28125,38.447916666666664,40.666666666666664,39.90625,41.5,39.5,40.885416666666664,39.260416666666664,39.125,41.291666666666664,39.739583333333336,41.677083333333336,39.927083333333336
21,mi_concept,3.162277660168379e-06,3.0,1.0,1.0,,0.5,True,0.2,0,exemplar_mean,28.708333333333332,27.135416666666668,26.916666666666668,25.458333333333332,26.885416666666668,26.208333333333332,27.84375,25.885416666666668,24.552083333333332,27.177083333333332,26.979166666666668,29.59375,26.916666666666668,25.229166666666668,28.489583333333332,27.854166666666668,27.354166666666668,27.427083333333332,27.770833333333332,26.333333333333332,28.520833333333332
21,mi_concept,1e-05,3.0,1.0,1.0,,0.5,True,0.2,0,exemplar_mean,20.708333333333332,19.520833333333332,18.458333333333332,18.354166666666668,19.052083333333332,19.6875,18.34375,19.0625,18.09375,17.802083333333332,17.5,19.760416666666668,17.59375,17.59375,19.510416666666668,19.572916666666668,18.697916666666668,18.739583333333332,19.052083333333332,19.927083333333332,19.520833333333332
22,mi_concept,1e-07,3.0,1.0,1.0,,1.0,True,0.1,263,exemplar_mean,55.666666666666664,53.25,50.875,51.916666666666664,54.71875,55.03125,52.020833333333336,53.958333333333336,54.427083333333336,53.239583333333336,53.59375,55.1875,50.135416666666664,54.927083333333336,53.708333333333336,57.229166666666664,54.447916666666664,54.791666666666664,53.229166666666664,58.3125,55.854166666666664
22,mi_concept,3.162277660168379e-07,3.0,1.0,1.0,,1.0,True,0.1,2,exemplar_mean,38.927083333333336,37.4375,36.260416666666664,35.520833333333336,37.104166666666664,35.270833333333336,37.875,38.114583333333336,36.666666666666664,38.3125,37.4375,34.916666666666664,34.666666666666664,35.427083333333336,36.09375,38.4375,39.697916666666664,36.854166666666664,35.697916666666664,39.21875,36.822916666666664
22,mi_concept,1e-06,3.0,1.0,1.0,,1.0,True,0.1,0,exemplar_mean,27.864583333333332,24.583333333333332,23.84375,25.28125,27.135416666666668,26.020833333333332,24.479166666666668,25.083333333333332,25.697916666666668,24.34375,24.989583333333332,25.489583333333332,25.041666666666668,25.677083333333332,25.604166666666668,25.270833333333332,25.583333333333332,25.90625,25.489583333333332,25.989583333333332,24.604166666666668
22,mi_concept,3.162277660168379e-06,3.0,1.0,1.0,,1.0,True,0.1,0,exemplar_mean,19.0,17.5,17.375,16.833333333333332,17.458333333333332,16.833333333333332,17.75,17.177083333333332,17.041666666666668,17.645833333333332,17.34375,17.052083333333332,18.510416666666668,18.03125,17.78125,17.229166666666668,17.541666666666668,17.166666666666668,17.208333333333332,16.625,17.614583333333332
22,mi_concept,1e-05,3.0,1.0,1.0,,1.0,True,0.1,0,exemplar_mean,13.614583333333334,11.864583333333334,12.447916666666666,12.041666666666666,11.416666666666666,11.052083333333334,11.052083333333334,11.09375,11.729166666666666,11.760416666666666,11.260416666666666,12.09375,12.34375,12.010416666666666,12.03125,12.125,11.958333333333334,11.270833333333334,11.739583333333334,12.260416666666666,11.760416666666666
23,mi_concept,1e-07,3.0,1.0,1.0,,1.0,True,0.2,1168,exemplar_mean,72.88541666666667,72.67708333333333,69.42708333333333,67.84375,71.84375,73.03125,71.17708333333333,71.19791666666667,70.02083333333333,71.45833333333333,68.88541666666667,71.28125,71.0625,69.96875,71.61458333333333,70.34375,69.85416666666667,69.58333333333333,69.83333333333333,71.07291666666667,72.92708333333333
23,mi_concept,3.162277660168379e-07,3.0,1.0,1.0,,1.0,True,0.2,383,exemplar_mean,58.65625,58.8125,56.59375,56.3125,58.65625,53.104166666666664,56.53125,56.489583333333336,58.625,55.979166666666664,56.416666666666664,57.302083333333336,57.385416666666664,57.645833333333336,58.21875,57.0,57.458333333333336,59.333333333333336,55.885416666666664,56.78125,56.770833333333336
23,mi_concept,1e-06,3.0,1.0,1.0,,1.0,True,0.2,9,exemplar_mean,45.114583333333336,39.104166666666664,37.802083333333336,41.520833333333336,40.260416666666664,42.510416666666664,42.645833333333336,39.927083333333336,40.166666666666664,39.489583333333336,40.34375,41.541666666666664,38.260416666666664,37.34375,38.697916666666664,40.291666666666664,42.0625,40.541666666666664,38.8125,42.625,39.197916666666664
23,mi_concept,3.162277660168379e-06,3.0,1.0,1.0,,1.0,True,0.2,0,exemplar_mean,28.083333333333332,28.03125,25.5625,26.322916666666668,27.958333333333332,29.0,28.541666666666668,27.385416666666668,26.145833333333332,28.302083333333332,26.510416666666668,28.385416666666668,26.0625,29.510416666666668,26.84375,29.239583333333332,27.21875,28.260416666666668,28.645833333333332,27.979166666666668,26.635416666666668
23,mi_concept,1e-05,3.0,1.0,1.0,,1.0,True,0.2,0,exemplar_mean,20.354166666666668,19.21875,18.291666666666668,17.208333333333332,18.416666666666668,17.291666666666668,18.395833333333332,18.75,19.125,18.916666666666668,17.125,18.1875,18.114583333333332,17.833333333333332,19.489583333333332,18.34375,19.583333333333332,18.625,20.041666666666668,17.84375,17.59375
24,mi_concept,1e-07,3.0,10.0,0.1,,0.5,True,0.1,-1,exemplar_mean,80.0,80.0,80.0,80.0,80.0,80.0,80.0,80.0,80.0,80.0,80.0,80.0,80.0,80.0,80.0,80.0,80.0,80.0,80.0,80.0,80.0
24,mi_concept,3.162277660168379e-07,3.0,10.0,0.1,,0.5,True,0.1,1650,exemplar_mean,77.9375,77.10416666666667,77.875,76.73958333333333,74.25,74.98958333333333,74.45833333333333,72.3125,73.61458333333333,74.60416666666667,74.91666666666667,77.70833333333333,76.67708333333333,76.875,76.91666666666667,78.04166666666667,75.96875,77.25,77.36458333333333,76.05208333333333,74.97916666666667
24,mi_concept,1e-06,3.0,10.0,0.1,,0.5,True,0.1,1065,exemplar_mean,71.55208333333333,69.88541666666667,70.58333333333333,68.95833333333333,68.66666666666667,70.91666666666667,66.47916666666667,66.02083333333333,66.70833333333333,63.458333333333336,63.96875,72.09375,72.05208333333333,72.95833333333333,70.60416666666667,68.54166666666667,69.95833333333333,70.75,67.64583333333333,67.82291666666667,71.66666666666667
24,mi_concept,3.162277660168379e-06,3.0,10.0,0.1,,0.5,True,0.1,306,exemplar_mean,63.34375,62.177083333333336,57.5625,57.75,51.239583333333336,51.479166666666664,50.302083333333336,52.40625,43.645833333333336,48.010416666666664,48.6875,59.96875,54.625,57.989583333333336,55.5625,56.302083333333336,54.84375,52.25,52.958333333333336,53.333333333333336,57.833333333333336
24,mi_concept,1e-05,3.0,10.0,0.1,,0.5,True,0.1,7,exemplar_mean,43.072916666666664,41.166666666666664,36.1875,36.302083333333336,37.958333333333336,37.0,34.322916666666664,33.71875,33.229166666666664,29.645833333333332,31.458333333333332,41.770833333333336,41.291666666666664,38.958333333333336,37.34375,33.989583333333336,37.822916666666664,39.239583333333336,36.90625,35.864583333333336,35.625
25,mi_concept,1e-07,3.0,10.0,0.1,,0.5,True,0.2,-1,exemplar_mean,80.0,80.0,80.0,80.0,80.0,80.0,80.0,80.0,80.0,80.0,80.0,80.0,80.0,80.0,80.0,80.0,80.0,80.0,80.0,80.0,80.0
25,mi_concept,3.162277660168379e-07,3.0,10.0,0.1,,0.5,True,0.2,-1,exemplar_mean,80.0,80.0,80.0,80.0,80.0,80.0,80.0,80.0,80.0,80.0,80.0,80.0,80.0,80.0,80.0,80.0,80.0,80.0,80.0,80.0,80.0
25,mi_concept,1e-06,3.0,10.0,0.1,,0.5,True,0.2,-1,exemplar_mean,80.0,80.0,80.0,80.0,80.0,80.0,80.0,80.0,80.0,80.0,80.0,80.0,80.0,80.0,80.0,80.0,80.0,80.0,80.0,80.0,80.0
25,mi_concept,3.162277660168379e-06,3.0,10.0,0.1,,0.5,True,0.2,1124,exemplar_mean,73.07291666666667,72.83333333333333,71.48958333333333,71.17708333333333,68.11458333333333,64.98958333333333,63.625,66.34375,69.26041666666667,64.66666666666667,63.447916666666664,74.42708333333333,72.28125,72.47916666666667,66.70833333333333,70.10416666666667,70.44791666666667,70.58333333333333,71.6875,69.05208333333333,66.41666666666667
25,mi_concept,1e-05,3.0,10.0,0.1,,0.5,True,0.2,353,exemplar_mean,64.55208333333333,63.385416666666664,56.833333333333336,55.395833333333336,51.614583333333336,52.770833333333336,50.729166666666664,49.020833333333336,48.729166666666664,47.4375,49.4375,59.916666666666664,58.822916666666664,56.59375,58.354166666666664,60.770833333333336,53.010416666666664,55.291666666666664,52.364583333333336,51.739583333333336,50.458333333333336
26,mi_concept,1e-07,3.0,10.0,0.1,,1.0,True,0.1,1884,exemplar_mean,79.6875,77.76041666666667,79.03125,79.02083333333333,78.39583333333333,78.84375,78.09375,78.60416666666667,78.23958333333333,78.66666666666667,78.05208333333333,78.51041666666667,78.45833333333333,79.29166666666667,79.05208333333333,79.02083333333333,78.42708333333333,76.5625,78.73958333333333,79.57291666666667,79.46875
26,mi_concept,3.162277660168379e-07,3.0,10.0,0.1,,1.0,True,0.1,-1,exemplar_mean,80.0,80.0,80.0,80.0,80.0,80.0,80.0,80.0,80.0,80.0,80.0,80.0,80.0,80.0,80.0,80.0,80.0,80.0,80.0,80.0,80.0
26,mi_concept,1e-06,3.0,10.0,0.1,,1.0,True,0.1,1065,exemplar_mean,74.67708333333333,75.6875,70.19791666666667,69.83333333333333,66.70833333333333,69.3125,63.927083333333336,63.802083333333336,64.10416666666667,63.239583333333336,62.541666666666664,72.60416666666667,70.5625,72.25,69.01041666666667,66.88541666666667,69.375,70.09375,67.34375,67.82291666666667,70.26041666666667
26,mi_concept,3.162277660168379e-06,3.0,10.0,0.1,,1.0,True,0.1,281,exemplar_mean,62.40625,60.239583333333336,56.302083333333336,52.052083333333336,50.6875,48.6875,49.739583333333336,46.09375,47.708333333333336,48.364583333333336,47.25,60.5625,58.604166666666664,57.041666666666664,55.916666666666664,53.895833333333336,57.447916666666664,51.625,53.916666666666664,53.677083333333336,50.614583333333336
26,mi_concept,1e-05,3.0,10.0,0.1,,1.0,True,0.1,12,exemplar_mean,45.083333333333336,41.71875,43.010416666666664,35.729166666666664,37.333333333333336,34.697916666666664,32.947916666666664,34.447916666666664,33.760416666666664,32.322916666666664,31.791666666666668,41.125,39.302083333333336,39.447916666666664,38.84375,37.541666666666664,38.645833333333336,39.25,37.90625,38.791666666666664,36.395833333333336
27,mi_concept,1e-07,3.0,10.0,0.1,,1.0,True,0.2,-1,exemplar_mean,80.0,80.0,80.0,80.0,80.0,80.0,80.0,80.0,80.0,80.0,80.0,80.0,80.0,80.0,80.0,80.0,80.0,80.0,80.0,80.0,80.0
27,mi_concept,3.162277660168379e-07,3.0,10.0,0.1,,1.0,True,0.2,1901,exemplar_mean,79.17708333333333,78.95833333333333,79.98958333333333,78.78125,77.84375,79.32291666666667,78.38541666666667,78.8125,78.19791666666667,78.3125,77.35416666666667,79.03125,79.86458333333333,78.60416666666667,79.5625,78.05208333333333,79.02083333333333,77.19791666666667,77.29166666666667,79.15625,78.98958333333333
27,mi_concept,1e-06,3.0,10.0,0.1,,1.0,True,0.2,-1,exemplar_mean,80.0,80.0,80.0,80.0,80.0,80.0,80.0,80.0,80.0,80.0,80.0,80.0,80.0,80.0,80.0,80.0,80.0,80.0,80.0,80.0,80.0
27,mi_concept,3.162277660168379e-06,3.0,10.0,0.1,,1.0,True,0.2,1066,exemplar_mean,73.67708333333333,72.11458333333333,72.5625,69.02083333333333,67.54166666666667,66.70833333333333,68.125,65.58333333333333,61.666666666666664,64.0625,61.34375,70.4375,70.75,69.57291666666667,69.02083333333333,68.58333333333333,67.20833333333333,68.05208333333333,68.48958333333333,65.27083333333333,66.97916666666667
27,mi_concept,1e-05,3.0,10.0,0.1,,1.0,True,0.2,366,exemplar_mean,65.22916666666667,57.979166666666664,55.010416666666664,58.614583333333336,52.46875,51.96875,50.729166666666664,49.416666666666664,46.28125,44.177083333333336,44.614583333333336,58.333333333333336,59.135416666666664,54.927083333333336,55.552083333333336,56.958333333333336,55.770833333333336,54.677083333333336,58.3125,49.677083333333336,54.46875
28,mi_concept,1e-07,3.0,10.0,1.0,,0.5,True,0.1,1038,exemplar_mean,75.21875,69.92708333333333,69.73958333333333,69.33333333333333,68.90625,69.58333333333333,69.59375,64.27083333333333,66.45833333333333,68.10416666666667,65.75,71.07291666666667,69.1875,68.67708333333333,68.89583333333333,69.42708333333333,65.45833333333333,67.5,68.41666666666667,68.14583333333333,63.552083333333336
28,mi_concept,3.162277660168379e-07,3.0,10.0,1.0,,0.5,True,0.1,220,exemplar_mean,62.125,58.895833333333336,55.958333333333336,53.697916666666664,50.9375,48.5,51.125,49.697916666666664,50.479166666666664,46.114583333333336,51.1875,57.875,56.8125,54.260416666666664,55.0625,53.052083333333336,52.302083333333336,52.03125,51.458333333333336,49.270833333333336,45.729166666666664
28,mi_concept,1e-06,3.0,10.0,1.0,,0.5,True,0.1,11,exemplar_mean,46.104166666666664,41.59375,38.145833333333336,37.270833333333336,37.760416666666664,35.177083333333336,35.979166666666664,35.125,35.333333333333336,31.614583333333332,33.75,41.46875,38.15625,40.0625,36.84375,37.489583333333336,35.447916666666664,34.666666666666664,34.0,33.364583333333336,34.21875
28,mi_concept,3.162277660168379e-06,3.0,10.0,1.0,,0.5,True,0.1,0,exemplar_mean,28.21875,29.270833333333332,26.510416666666668,27.291666666666668,24.958333333333332,25.1875,25.96875,24.46875,23.385416666666668,22.364583333333332,23.5,28.864583333333332,29.25,26.229166666666668,25.65625,24.28125,23.927083333333332,23.552083333333332,23.6875,22.635416666666668,23.010416666666668
28,mi_concept,1e-05,3.0,10.0,1.0,,0.5,True,0.1,0,exemplar_mean,22.3125,20.104166666666668,18.166666666666668,19.135416666666668,18.260416666666668,17.0625,15.614583333333334,16.270833333333332,15.239583333333334,15.25,15.21875,21.354166666666668,18.270833333333332,17.708333333333332,16.3125,17.59375,16.65625,16.604166666666668,15.239583333333334,15.875,14.895833333333334
29,mi_concept,1e-07,3.0,10.0,1.0,,0.5,True,0.2,1665,exemplar_mean,78.22916666666667,77.77083333333333,76.3125,76.59375,77.20833333333333,76.51041666666667,72.82291666666667,75.46875,76.1875,76.02083333333333,74.19791666666667,78.26041666666667,76.83333333333333,78.29166666666667,77.78125,75.83333333333333,76.27083333333333,76.16666666666667,74.22916666666667,73.75,76.14583333333333
29,mi_concept,3.162277660168379e-07,3.0,10.0,1.0,,0.5,True,0.2,1125,exemplar_mean,72.05208333333333,73.64583333333333,70.39583333333333,71.27083333333333,68.13541666666667,66.26041666666667,67.36458333333333,71.16666666666667,68.20833333333333,64.01041666666667,67.38541666666667,76.3125,70.01041666666667,70.5,69.47916666666667,69.27083333333333,71.04166666666667,70.02083333333333,69.70833333333333,69.89583333333333,67.05208333333333
29,mi_concept,1e-06,3.0,10.0,1.0,,0.5,True,0.2,376,exemplar_mean,65.4375,61.333333333333336,60.78125,56.1875,55.21875,57.770833333333336,56.083333333333336,55.145833333333336,54.03125,53.385416666666664,53.708333333333336,63.802083333333336,59.84375,57.1875,55.989583333333336,53.9375,58.760416666666664,55.083333333333336,56.791666666666664,53.625,50.71875
29,mi_concept,3.162277660168379e-06,3.0,10.0,1.0,,0.5,True,0.2,16,exemplar_mean,46.083333333333336,42.333333333333336,43.885416666666664,42.760416666666664,39.25,38.666666666666664,37.989583333333336,35.84375,37.604166666666664,36.6875,34.989583333333336,45.46875,44.03125,41.052083333333336,41.979166666666664,40.208333333333336,40.322916666666664,34.760416666666664,40.083333333333336,34.635416666666664,35.90625
29,mi_concept,1e-05,3.0,10.0,1.0,,0.5,True,0.2,0,exemplar_mean,33.90625,28.635416666666668,27.0625,27.510416666666668,27.302083333333332,26.541666666666668,26.84375,25.40625,25.322916666666668,22.25,24.125,32.90625,30.427083333333332,28.75,28.854166666666668,24.84375,27.604166666666668,25.447916666666668,24.166666666666668,26.604166666666668,24.677083333333332
30,mi_concept,1e-07,3.0,10.0,1.0,,1.0,True,0.1,987,exemplar_mean,73.03125,71.21875,71.03125,71.14583333333333,66.4375,70.69791666666667,67.69791666666667,63.197916666666664,64.95833333333333,65.48958333333333,65.98958333333333,72.80208333333333,70.16666666666667,68.45833333333333,69.98958333333333,68.97916666666667,67.11458333333333,66.71875,65.55208333333333,66.55208333333333,64.76041666666667
30,mi_concept,3.162277660168379e-07,3.0,10.0,1.0,,1.0,True,0.1,242,exemplar_mean,59.895833333333336,61.697916666666664,58.125,53.770833333333336,50.75,48.4375,52.78125,50.479166666666664,50.770833333333336,48.572916666666664,50.90625,58.5,57.802083333333336,53.864583333333336,52.59375,53.875,53.9375,53.46875,49.166666666666664,52.520833333333336,47.3125
30,mi_concept,1e-06,3.0,10.0,1.0,,1.0,True,0.1,4,exemplar_mean,45.322916666666664,38.072916666666664,41.875,38.145833333333336,36.364583333333336,35.25,32.822916666666664,32.270833333333336,32.697916666666664,32.927083333333336,31.40625,42.239583333333336,42.958333333333336,37.666666666666664,38.416666666666664,35.125,35.666666666666664,38.208333333333336,32.291666666666664,32.395833333333336,35.322916666666664
30,mi_concept,3.162277660168379e-06,3.0,10.0,1.0,,1.0,True,0.1,0,exemplar_mean,31.104166666666668,29.708333333333332,27.375,26.375,24.927083333333332,26.666666666666668,23.791666666666668,22.791666666666668,22.666666666666668,21.583333333333332,21.989583333333332,29.989583333333332,29.197916666666668,26.59375,25.177083333333332,25.0,22.989583333333332,23.854166666666668,23.895833333333332,22.583333333333332,23.583333333333332
30,mi_concept,1e-05,3.0,10.0,1.0,,1.0,True,0.1,0,exemplar_mean,21.708333333333332,19.84375,18.166666666666668,16.895833333333332,17.5625,15.416666666666666,15.9375,16.677083333333332,15.385416666666666,15.5625,15.25,19.46875,18.541666666666668,17.71875,16.322916666666668,17.114583333333332,15.583333333333334,15.739583333333334,15.6875,15.385416666666666,15.614583333333334
31,mi_concept,1e-07,3.0,10.0,1.0,,1.0,True,0.2,1683,exemplar_mean,78.53125,77.08333333333333,74.48958333333333,77.10416666666667,76.28125,78.41666666666667,77.36458333333333,74.92708333333333,76.64583333333333,78.57291666666667,75.4375,78.09375,77.53125,77.60416666666667,77.44791666666667,76.51041666666667,75.82291666666667,75.22916666666667,75.90625,74.95833333333333,74.08333333333333
31,mi_concept,3.162277660168379e-07,3.0,10.0,1.0,,1.0,True,0.2,1129,exemplar_mean,75.01041666666667,76.02083333333333,71.45833333333333,71.76041666666667,71.48958333333333,69.04166666666667,68.04166666666667,70.27083333333333,67.63541666666667,65.77083333333333,63.802083333333336,71.375,70.375,70.83333333333333,72.92708333333333,68.69791666666667,70.60416666666667,69.5625,69.04166666666667,69.38541666666667,64.90625
31,mi_concept,1e-06,3.0,10.0,1.0,,1.0,True,0.2,391,exemplar_mean,63.78125,62.46875,60.177083333333336,58.71875,56.614583333333336,57.03125,55.302083333333336,53.229166666666664,53.760416666666664,53.708333333333336,52.635416666666664,64.11458333333333,58.5625,60.322916666666664,59.25,56.9375,54.760416666666664,57.041666666666664,52.59375,56.572916666666664,51.572916666666664
31,mi_concept,3.162277660168379e-06,3.0,10.0,1.0,,1.0,True,0.2,21,exemplar_mean,48.0,44.666666666666664,43.25,40.541666666666664,39.614583333333336,35.96875,36.864583333333336,38.03125,33.760416666666664,35.625,34.21875,47.635416666666664,43.625,39.572916666666664,39.916666666666664,38.28125,37.270833333333336,37.739583333333336,36.322916666666664,38.3125,35.322916666666664
31,mi_concept,1e-05,3.0,10.0,1.0,,1.0,True,0.2,0,exemplar_mean,33.322916666666664,31.270833333333332,26.28125,27.979166666666668,28.28125,25.302083333333332,24.166666666666668,27.0,24.739583333333332,25.479166666666668,24.354166666666668,29.135416666666668,31.75,28.020833333333332,26.697916666666668,27.53125,27.239583333333332,23.208333333333332,24.677083333333332,24.875,24.84375
