r2,rmse,r2_boot_sd,r2_boot_lo,r2_boot_hi,hab,dis,first_drop,task,cell,metric,rule,experiment,family,control,seed,setting,world_EIGs,sd_epsilon,sigma_true,V_prior,alpha_prior,beta_prior,seconds,host,procs,job,smoke,order,fam1,fam6,dev_pose,dev_number,dev_identity,dev_animacy,r2_paper
0.22591451921761127,373.599171386773,0.003870396280435102,0.21821541253326435,0.23318363330942718,0.2985673107109221,1.184782296993739,0.4882274037501071,eig_code_exp1_f01,eig_code,eig_code,r2,exp1,1,False,9101004,20,0.01,0.5,0.1,3.0,1.0,1.0,1458.5456063747406,sh04-17n29.int,24,45063045,False,,,,,,,,0.6410599174219827
0.22314070254321924,374.7286815611952,0.0041964236831511315,0.2149726328624138,0.23135452670232046,0.2997363617927398,1.2086120239706164,0.4677405336500855,eig_code_exp1_f02,eig_code,eig_code,r2,exp1,2,False,9102004,20,0.01,0.5,0.1,3.0,1.0,1.0,1466.7469835281372,sh04-17n29.int,24,45063045,False,,,,,,,,0.6324205461135375
0.22192927270541954,374.91019114722593,0.00420492384094622,0.21342221013250637,0.2297364719006021,0.299858229899025,1.1933954071786954,0.48253913144113647,eig_code_exp1_f03,eig_code,eig_code,r2,exp1,3,False,9103004,20,0.01,0.5,0.1,3.0,1.0,1.0,4870.624229669571,sh03-15n19.int,24,45063047,False,,,,,,,,0.636810794685026
0.22294625404804494,373.53091571055364,0.003921928888676263,0.21528432313640514,0.23107534185077624,0.29716506176166096,1.1802662976042761,0.49775218753988626,eig_code_exp1_f04,eig_code,eig_code,r2,exp1,4,False,9104004,20,0.01,0.5,0.1,3.0,1.0,1.0,1464.1479830741882,sh04-17n29.int,24,45063045,False,,,,,,,,0.6410559414286073
0.21598212381756374,375.2328812665643,0.0041484795959365875,0.20770377981287613,0.22375948316967936,0.29795361527967257,1.1961972238288028,0.4732821138795146,eig_code_exp1_f05,eig_code,eig_code,r2,exp1,5,False,9105004,20,0.01,0.5,0.1,3.0,1.0,1.0,3733.3653819561005,sh03-15n19.int,24,45063047,False,,,,,,,,0.6298882249379435
0.23340189133288136,372.56546957616996,0.004087105358292667,0.22532543585891776,0.24104515101646215,0.2924910778015703,1.2221435892430088,0.486309778729479,eig_code_exp1_f06,eig_code,eig_code,r2,exp1,6,False,9106004,20,0.01,0.5,0.1,3.0,1.0,1.0,3666.7482397556305,sh03-15n19.int,24,45063047,False,,,,,,,,0.6434654273776301
0.21585485931297693,375.32515176588066,0.004137221780341868,0.20791381056343694,0.2242419809238949,0.2942297769879035,1.2044278825076722,0.4783867453993006,eig_code_exp1_f07,eig_code,eig_code,r2,exp1,7,False,9107004,20,0.01,0.5,0.1,3.0,1.0,1.0,3282.874485015869,sh03-15n19.int,24,45063048,False,,,,,,,,0.6321972682133657
0.21969528601232968,374.832387475444,0.004029802488848699,0.21255015661740853,0.2273895430964976,0.29685133634305,1.2087945192167533,0.47120335780531075,eig_code_exp1_f08,eig_code,eig_code,r2,exp1,8,False,9108004,20,0.01,0.5,0.1,3.0,1.0,1.0,3936.4439628124237,sh03-15n19.int,24,45063047,False,,,,,,,,0.6325276777520651
0.28279971553052163,0.2529030426331611,0.00758459345059437,0.26709078016006094,0.2967274314816251,,,,eig_code_exp2_f01,eig_code,eig_code,r2,exp2,1,False,9201004,20,0.01,0.5,0.1,3.0,1.0,1.0,1264.4053599834442,sh04-17n29.int,24,45063045,False,iden>pose>numb>anim,14.711857617088949,4.981481440454965,6.15306712962963,6.123626373626373,6.189178025609252,6.022677595628416,
0.2798688275173774,0.25341926856284785,0.00743411020306651,0.264754744477232,0.2940343987834392,,,,eig_code_exp2_f02,eig_code,eig_code,r2,exp2,2,False,9202004,20,0.01,0.5,0.1,3.0,1.0,1.0,1251.2892305850983,sh04-17n29.int,24,45063045,False,numb>iden>anim>pose,14.756273756562166,5.0243595472730025,6.028935185185186,6.142551892551893,6.063610078479967,6.0493624772313295,
0.27425533386143536,0.25440506531754026,0.00786391239266085,0.2592584105500296,0.2901495051532936,,,,eig_code_exp2_f03,eig_code,eig_code,r2,exp2,3,False,9203004,20,0.01,0.5,0.1,3.0,1.0,1.0,1268.8850240707397,sh04-17n29.int,24,45063045,False,pose>numb>iden>anim,14.752107293198824,5.004448182244571,6.301793981481482,6.237789987789988,6.157476249483683,6.044353369763205,
0.2568960802279812,0.2574296722726206,0.007311674618398353,0.24406919501992624,0.2730806918325137,,,,eig_code_exp2_f04,eig_code,eig_code,r2,exp2,4,False,9204004,20,0.01,0.5,0.1,3.0,1.0,1.0,3605.951938867569,sh03-15n19.int,24,45063047,False,pose>numb>iden>anim,14.619124304583105,5.101309243375106,6.248842592592593,6.0628815628815635,6.055555555555556,5.943169398907103,
0.27517978480065425,0.2542429835588023,0.007017680101466001,0.2581783733490022,0.28522781516015333,,,,eig_code_exp2_f05,eig_code,eig_code,r2,exp2,5,False,9205004,20,0.01,0.5,0.1,3.0,1.0,1.0,1255.670117855072,sh04-17n29.int,24,45063045,False,pose>numb>anim>iden,14.700758713501946,4.951489368308035,6.076388888888889,6.0256410256410255,5.991738950846757,6.015391621129326,
0.2648454347877589,0.25604904299916337,0.007079136490943405,0.25158606100238,0.27943165458167013,,,,eig_code_exp2_f06,eig_code,eig_code,r2,exp2,6,False,9206004,20,0.01,0.5,0.1,3.0,1.0,1.0,3112.3273594379425,sh03-15n19.int,24,45063048,False,numb>iden>pose>anim,14.737086806883317,5.007454714957342,6.0040509259259265,6.226495726495727,6.14116067740603,5.932695810564663,
0.2621120847204577,0.25652460444369163,0.007268838171584187,0.24914825355942954,0.27744112414146244,,,,eig_code_exp2_f07,eig_code,eig_code,r2,exp2,7,False,9207004,20,0.01,0.5,0.1,3.0,1.0,1.0,1259.6078255176544,sh04-17n29.int,24,45063045,False,pose>numb>iden>anim,14.689968961328029,5.009995564183262,6.186342592592593,6.143772893772894,6.047191243287898,5.977322404371584,
0.2587762955069747,0.2571037893447724,0.007476635537178341,0.24559093206134808,0.27530819240950943,,,,eig_code_exp2_f08,eig_code,eig_code,r2,exp2,8,False,9208004,20,0.01,0.5,0.1,3.0,1.0,1.0,1258.5572366714478,sh04-17n29.int,24,45063045,False,pose>numb>iden>anim,14.805258571461684,5.083295893292352,6.289351851851852,6.076923076923077,6.024163568773235,5.987613843351549,
0.816096318032739,146.8309893031027,0.01577601454255492,0.7770574882780276,0.8381927684774377,0.8441125627472491,1.1064971890476236,0.05730776902363621,kl_concept_exp1_f01,kl_concept,kl_concept,r2,exp1,1,False,9101002,2,1e-06,1.0,0.1,1.0,1.0,0.1,5206.293989181519,sh03-15n19.int,24,45063048,False,,,,,,,,0.7108858130200337
0.8078839026256494,158.66844874656599,0.016502050103489083,0.768880136488165,0.8333854067495908,0.8333590366668473,1.1248968425053893,0.04987141386396132,kl_concept_exp1_f02,kl_concept,kl_concept,r2,exp1,2,False,9102002,2,1e-06,1.0,0.1,1.0,1.0,0.1,2075.027576684952,sh04-17n29.int,24,45063045,False,,,,,,,,0.6815390775706596
0.8587028758675903,127.85219654169808,0.01455117026274675,0.8240063860299816,0.879454630860934,0.8418360529788051,1.1126112899465808,0.06664105690377964,kl_concept_exp1_f03,kl_concept,kl_concept,r2,exp1,3,False,9103002,2,1e-06,1.0,0.1,1.0,1.0,0.1,2064.627931833267,sh04-17n29.int,24,45063045,False,,,,,,,,0.7668370084671408
0.7913685842496168,166.79996954908893,0.01644298592970119,0.7526133136817584,0.8154874786449516,0.8362146156184795,1.1205487434382875,0.05005976352800545,kl_concept_exp1_f04,kl_concept,kl_concept,r2,exp1,4,False,9104002,2,1e-06,1.0,0.1,1.0,1.0,0.1,2068.1110734939575,sh04-17n29.int,24,45063045,False,,,,,,,,0.6712594358015437
0.7816529138524934,168.4526452336658,0.016807073039368136,0.7408583835892317,0.8073037044101056,0.840043864568146,1.10837301528435,0.06042593492591619,kl_concept_exp1_f05,kl_concept,kl_concept,r2,exp1,5,False,9105002,2,1e-06,1.0,0.1,1.0,1.0,0.1,2068.901135444641,sh04-17n29.int,24,45063045,False,,,,,,,,0.6849977230186874
0.7746592842592634,164.23146506255085,0.01818404787207434,0.7313323215293119,0.8049337542123853,0.8446738070424363,1.1102114839553643,0.05117966876357649,kl_concept_exp1_f06,kl_concept,kl_concept,r2,exp1,6,False,9106002,2,1e-06,1.0,0.1,1.0,1.0,0.1,2064.413815021515,sh04-17n29.int,24,45063045,False,,,,,,,,0.6496051798634694
0.7959477023031982,158.85635218716268,0.017046656779772733,0.7569699644072059,0.8208274019339579,0.8382391683428329,1.118953974477935,0.04833212760886019,kl_concept_exp1_f07,kl_concept,kl_concept,r2,exp1,7,False,9107002,2,1e-06,1.0,0.1,1.0,1.0,0.1,2070.46235537529,sh04-17n29.int,24,45063045,False,,,,,,,,0.6729450942078103
0.8037795967844538,149.2150207653886,0.016176839880954787,0.7648307049025123,0.8284416488897228,0.8328867356335189,1.1189193900216143,0.06501522303614538,kl_concept_exp1_f08,kl_concept,kl_concept,r2,exp1,8,False,9108002,2,1e-06,1.0,0.1,1.0,1.0,0.1,2074.3414199352264,sh04-17n29.int,24,45063045,False,,,,,,,,0.7148390985728423
0.7696858903093902,0.14331580920018663,0.028130245436454926,0.7047581493212365,0.8111826414437568,,,,kl_concept_exp2_f01,kl_concept,kl_concept,r2,exp2,1,False,9201002,2,1e-06,1.0,0.1,1.0,1.0,0.1,1596.2382535934448,sh04-17n29.int,24,45063045,False,anim>iden>numb>pose,51.61618574005778,43.657047197475165,45.70659722222223,46.6971916971917,47.94661296984717,51.21183970856102,
0.7223141757092161,0.1573659191121909,0.029132828521274273,0.6543989214992929,0.7678637244346219,,,,kl_concept_exp2_f02,kl_concept,kl_concept,r2,exp2,2,False,9202002,2,1e-06,1.0,0.1,1.0,1.0,0.1,4469.881651639938,sh03-15n19.int,24,45063047,False,anim>iden>numb>pose,51.19621196793081,43.72608019933223,45.49884259259259,46.674297924297925,48.010119785212716,51.18551912568305,
0.733299124727045,0.15422189961810875,0.028866600201109746,0.6662868952830733,0.7789809053955816,,,,kl_concept_exp2_f03,kl_concept,kl_concept,r2,exp2,3,False,9203002,2,1e-06,1.0,0.1,1.0,1.0,0.1,1616.350415468216,sh04-17n29.int,24,45063045,False,anim>iden>numb>pose,51.39090624484011,43.57458628080137,45.46209490740741,46.51251526251526,48.004337050805454,50.938615664845166,
0.7795475757149667,0.14021396393609065,0.028129091981979947,0.7069232274206073,0.8171929832480117,,,,kl_concept_exp2_f04,kl_concept,kl_concept,r2,exp2,4,False,9204002,2,1e-06,1.0,0.1,1.0,1.0,0.1,1598.3899393081665,sh04-17n29.int,24,45063045,False,anim>iden>numb>pose,51.554868279837976,43.40321835759412,45.50636574074073,46.748778998778995,48.226559273027675,51.459107468123854,
0.7661149412321773,0.14442256936798836,0.025375770823353124,0.7070274942287499,0.8041630867339707,,,,kl_concept_exp2_f05,kl_concept,kl_concept,r2,exp2,5,False,9205002,2,1e-06,1.0,0.1,1.0,1.0,0.1,1598.5035059452057,sh04-17n29.int,24,45063045,False,anim>iden>numb>pose,51.44014626298863,43.59466465108267,45.83101851851851,46.24664224664224,48.01972325485337,51.5367941712204,
0.6829987206282875,0.16813740302307334,0.032231219677346205,0.607090583203829,0.7311391937857772,,,,kl_concept_exp2_f06,kl_concept,kl_concept,r2,exp2,6,False,9206002,2,1e-06,1.0,0.1,1.0,1.0,0.1,1607.491851091385,sh04-17n29.int,24,45063045,False,anim>iden>numb>pose,51.11481576012219,43.760779139010154,45.90393518518518,47.04304029304029,47.90066088393226,51.010837887067396,
0.7501571898321645,0.14926818625178645,0.026309186093939427,0.682121664461093,0.7838070809372991,,,,kl_concept_exp2_f07,kl_concept,kl_concept,r2,exp2,7,False,9207002,2,1e-06,1.0,0.1,1.0,1.0,0.1,1601.3338649272919,sh04-17n29.int,24,45063045,False,anim>iden>numb>pose,51.49728258224253,43.48838016018395,45.79861111111111,46.36965811965812,47.99029326724494,51.31520947176685,
0.7403642003618044,0.15216547113187137,0.02770364756965067,0.6747068660181208,0.7846804859242243,,,,kl_concept_exp2_f08,kl_concept,kl_concept,r2,exp2,8,False,9208002,2,1e-06,1.0,0.1,1.0,1.0,0.1,1617.4511394500732,sh04-17n29.int,24,45063045,False,anim>iden>numb>pose,51.49464770563535,43.342648765923926,45.87528935185185,46.508547008547005,48.116480793060724,51.41593806921676,
0.294637909964316,341.4206210599261,0.005167855575016525,0.2845830373954822,0.30445110499833894,0.3327531439014838,1.3796652281940631,0.3525956224707367,kl_exp1_f01,kl,kl,rmse,exp1,1,False,9101006,10,0.0999999999999999,1.0,0.1,1.0,10.0,0.1,315.10024070739746,sh03-09n02.int,24,45063047,False,,,,,,,,0.6171553629452161
0.2968945242520446,340.1094938283591,0.005038129325122861,0.2872621159674636,0.30588936265949995,0.3327545040156284,1.3764905414220483,0.352680703277621,kl_exp1_f02,kl,kl,rmse,exp1,2,False,9102006,10,0.0999999999999999,1.0,0.1,1.0,10.0,0.1,543.48970246315,sh03-15n19.int,24,45063047,False,,,,,,,,0.6163050653601448
0.29681105131392405,341.1909550486111,0.005124830089284459,0.28701394174178163,0.3071103182774687,0.3380448100822685,1.3666148867313916,0.3396201645370208,kl_exp1_f03,kl,kl,rmse,exp1,3,False,9103006,10,0.0999999999999999,1.0,0.1,1.0,10.0,0.1,239.07191276550293,sh04-17n29.int,24,45063045,False,,,,,,,,0.6070560708410317
0.29882760742988435,339.2219434474141,0.004902208442085806,0.2887223727298855,0.30831591494050614,0.3413829506466086,1.3598118799123826,0.33861177091580885,kl_exp1_f04,kl,kl,rmse,exp1,4,False,9104006,10,0.0999999999999999,1.0,0.1,1.0,10.0,0.1,461.76907682418823,sh03-15n19.int,24,45063048,False,,,,,,,,0.6111351090432184
0.28664242947047525,347.35409011172095,0.004935534759356023,0.27658533767105903,0.29661634472720744,0.3411113049546406,1.343933000895026,0.3210484996510816,kl_exp1_f05,kl,kl,rmse,exp1,5,False,9105006,10,0.0999999999999999,1.0,0.1,1.0,10.0,0.1,457.1017966270447,sh03-15n19.int,24,45063048,False,,,,,,,,0.5958708344734237
0.30931331314104077,332.83892609819367,0.004909029046008951,0.30040805584459895,0.31912651178276347,0.33668623726472113,1.3579433260674443,0.3594370575030219,kl_exp1_f06,kl,kl,rmse,exp1,6,False,9106006,10,0.0999999999999999,1.0,0.1,1.0,10.0,0.1,240.43725442886353,sh04-17n29.int,24,45063045,False,,,,,,,,0.6273813067126163
0.2930849240426826,342.8574863682323,0.004702926239771408,0.28419527945480677,0.30204788890932743,0.33436679154286697,1.3540115904700583,0.3492658140636439,kl_exp1_f07,kl,kl,rmse,exp1,7,False,9107006,10,0.0999999999999999,1.0,0.1,1.0,10.0,0.1,499.56216955184937,sh03-15n19.int,24,45063047,False,,,,,,,,0.6121835504087594
0.2908218490382458,344.9564346091237,0.004834113012978545,0.28089998664121263,0.29998545098230145,0.3317037293415246,1.3742663362462502,0.35298953015488455,kl_exp1_f08,kl,kl,rmse,exp1,8,False,9108006,10,0.0999999999999999,1.0,0.1,1.0,10.0,0.1,526.1432731151581,sh03-15n19.int,24,45063048,False,,,,,,,,0.613854021870203
0.48407467362194256,0.21449997777086513,0.010710941585716404,0.4613859906653924,0.5023665732689654,,,,kl_exp2_f01,kl,kl,rmse,exp2,1,False,9201006,10,0.0999999999999999,1.0,0.1,1.0,10.0,0.1,352.60840368270874,sh03-15n19.int,24,45063047,False,anim>iden>numb>pose,4.932441571651951,1.9479830432609018,2.4927662037037037,2.5775335775335777,2.7104502271788515,3.1271402550091074,
0.4907502953142367,0.21310773863059662,0.010783571474321135,0.46810165038818424,0.5100819623450461,,,,kl_exp2_f02,kl,kl,rmse,exp2,2,False,9202006,10,0.0999999999999999,1.0,0.1,1.0,10.0,0.1,384.12912464141846,sh03-15n19.int,24,45063048,False,anim>iden>numb>pose,4.923573441699888,1.9525546604349393,2.480902777777778,2.5473137973137976,2.6894878149524994,3.1306010928961747,
0.489237246916068,0.21342408949935962,0.01112057238482333,0.46567689673347284,0.510441485893797,,,,kl_exp2_f03,kl,kl,rmse,exp2,3,False,9203006,10,0.0999999999999999,1.0,0.1,1.0,10.0,0.1,137.36603331565857,sh04-17n29.int,24,45063045,False,anim>iden>numb>pose,4.936633801892272,1.9451266663896736,2.506944444444444,2.528083028083028,2.6969227591904175,3.1091074681238617,
0.48639320890281157,0.2140174604982412,0.010908175940660608,0.4650148941097426,0.5070961250216671,,,,kl_exp2_f04,kl,kl,rmse,exp2,4,False,9204006,10,0.0999999999999999,1.0,0.1,1.0,10.0,0.1,138.53878259658813,sh04-17n29.int,24,45063045,False,anim>iden>numb>pose,4.889437580870217,1.920768379978646,2.4895833333333335,2.5772283272283274,2.6941346551011978,3.12431693989071,
0.48652690550909944,0.21398960332133363,0.011224854038079822,0.4625664578196656,0.5055652375142635,,,,kl_exp2_f05,kl,kl,rmse,exp2,5,False,9205006,10,0.0999999999999999,1.0,0.1,1.0,10.0,0.1,274.45953130722046,sh03-15n19.int,24,45063048,False,anim>iden>numb>pose,4.937704433457926,1.9284624710571219,2.428819444444444,2.565018315018315,2.688558446922759,3.107650273224044,
0.5051447260709186,0.2100743020346433,0.011549854123230634,0.4850040404894604,0.5298264990985251,,,,kl_exp2_f06,kl,kl,rmse,exp2,6,False,9206006,10,0.0999999999999999,1.0,0.1,1.0,10.0,0.1,138.140615940094,sh04-17n29.int,24,45063045,False,anim>iden>numb>pose,4.919714140479021,1.9641690895874766,2.501157407407408,2.5863858363858365,2.688248657579513,3.1772313296903465,
0.47842448948190824,0.2156713335211202,0.010796232748821221,0.45402398578482756,0.4968201947293554,,,,kl_exp2_f07,kl,kl,rmse,exp2,7,False,9207006,10,0.0999999999999999,1.0,0.1,1.0,10.0,0.1,256.83149671554565,sh03-15n19.int,24,45063048,False,anim>iden>numb>pose,4.9519038601430125,1.9610376616864862,2.555555555555556,2.5570818070818073,2.687319289549773,3.114207650273224,
0.4952571209068191,0.2121626484196458,0.010805789507399872,0.47156989846857233,0.5130749544585238,,,,kl_exp2_f08,kl,kl,rmse,exp2,8,False,9208006,10,0.0999999999999999,1.0,0.1,1.0,10.0,0.1,328.29479217529297,sh03-15n19.int,24,45063048,False,anim>iden>numb>pose,4.901582395170917,1.9599812746777636,2.4999999999999996,2.5720390720390722,2.6864931846344486,3.1257741347905283,
0.8898168748088441,120.54754712061545,0.014189461517180767,0.8534364340622994,0.9073338543825589,0.84887875665841,1.1130716591349257,0.0839562463008835,mi_concept_exp1_control,mi_concept,mi_concept,r2,exp1,0,True,5000006,18,3.1622776601683795e-05,1.0,0.1,3.0,1.0,0.1,1373.4541051387787,sh03-09n02.int,24,45063047,False,,,,,,,,0.8344511274079419
0.8951783568224662,117.18813138681605,0.013039912218951242,0.8607710795669029,0.9110887492641776,0.8384555629711484,1.122092021817992,0.08472740401973766,mi_concept_exp1_f01,mi_concept,mi_concept,r2,exp1,1,False,9101000,18,3.1622776601683795e-05,1.0,0.1,3.0,1.0,0.1,897.0022313594818,sh04-17n29.int,24,45063045,False,,,,,,,,0.8475851340142287
0.9173347240703117,107.94876472587077,0.012087272678385913,0.8849229802420533,0.9323808452029044,0.8471864555366829,1.114743241495279,0.08133252972439875,mi_concept_exp1_f02,mi_concept,mi_concept,r2,exp1,2,False,9102000,18,3.1622776601683795e-05,1.0,0.1,3.0,1.0,0.1,904.5474252700806,sh04-17n29.int,24,45063045,False,,,,,,,,0.8474957836324173
0.860605725095371,136.28597868407363,0.015317529467743455,0.8190603202821587,0.8795725727800715,0.8474581880764308,1.1205631565929417,0.07108027006751705,mi_concept_exp1_f03,mi_concept,mi_concept,r2,exp1,3,False,9103000,18,3.1622776601683795e-05,1.0,0.1,3.0,1.0,0.1,900.156229019165,sh04-17n29.int,24,45063045,False,,,,,,,,0.7936312016092615
0.9017219325666379,119.02651706685258,0.013176755875768083,0.8659316180075283,0.9189409741493051,0.8513649369731652,1.117969713091886,0.07372095849398452,mi_concept_exp1_f04,mi_concept,mi_concept,r2,exp1,4,False,9104000,18,3.1622776601683795e-05,1.0,0.1,3.0,1.0,0.1,2105.8449189662933,sh03-15n19.int,24,45063048,False,,,,,,,,0.832175575402189
0.8928319684179966,125.86843293520556,0.01400474004411526,0.8561720100258501,0.9104303554224834,0.8422148209825145,1.1200470900434476,0.08556466102809057,mi_concept_exp1_f05,mi_concept,mi_concept,r2,exp1,5,False,9105000,18,3.1622776601683795e-05,1.0,0.1,3.0,1.0,0.1,903.8995265960693,sh04-17n29.int,24,45063045,False,,,,,,,,0.8624709252306257
0.8817701589757381,123.32712927565707,0.01382736350949575,0.8444720879297009,0.8992055061233083,0.8540462586831357,1.112997073950425,0.06728535728832963,mi_concept_exp1_f06,mi_concept,mi_concept,r2,exp1,6,False,9106000,18,3.1622776601683795e-05,1.0,0.1,3.0,1.0,0.1,2004.601737499237,sh03-15n19.int,24,45063047,False,,,,,,,,0.7984546835556849
0.8958191713703658,115.88241228928699,0.013431532695973983,0.861302081752442,0.9140437579472821,0.8356571752249407,1.1208355601903148,0.0887889152741771,mi_concept_exp1_f07,mi_concept,mi_concept,r2,exp1,7,False,9107000,18,3.1622776601683795e-05,1.0,0.1,3.0,1.0,0.1,898.679536819458,sh04-17n29.int,24,45063045,False,,,,,,,,0.8466818325970918
0.8930162134326124,114.34857708997363,0.014160021940628712,0.8557165090940164,0.9113147675231593,0.8566238213889773,1.1024371804564268,0.07173199565327171,mi_concept_exp1_f08,mi_concept,mi_concept,r2,exp1,8,False,9108000,18,3.1622776601683795e-05,1.0,0.1,3.0,1.0,0.1,1853.961368560791,sh03-15n19.int,24,45063047,False,,,,,,,,0.8113351748119128
0.7778681687336848,0.1407470257657342,0.026212685601949774,0.7099258150783174,0.8131007733055053,,,,mi_concept_exp2_control,mi_concept,mi_concept,r2,exp2,0,True,13,18,3.1622776601683795e-05,1.0,0.1,3.0,1.0,0.1,1058.5892684459686,sh03-08n57.int,24,45063048,False,anim>iden>numb>pose,19.74643861400363,16.5951252696356,17.40509259259259,17.674603174603174,18.362143742255267,19.867486338797814,
0.7845774275944121,0.1386051705329561,0.024271949934014676,0.7255872927353518,0.8213908555088653,,,,mi_concept_exp2_f01,mi_concept,mi_concept,r2,exp2,1,False,9201000,18,3.1622776601683795e-05,1.0,0.1,3.0,1.0,0.1,659.7857232093811,sh04-17n29.int,24,45063045,False,anim>iden>numb>pose,19.912271820862436,16.55969511267827,17.175347222222225,17.83913308913309,18.484097480380004,19.98351548269581,
0.770712050782437,0.14299618224352148,0.02335773657365198,0.7122831989666948,0.804743059645382,,,,mi_concept_exp2_f02,mi_concept,mi_concept,r2,exp2,2,False,9202000,18,3.1622776601683795e-05,1.0,0.1,3.0,1.0,0.1,1714.3270037174225,sh03-15n19.int,24,45063048,False,anim>iden>numb>pose,19.96340815446826,16.494460368840738,17.40596064814815,17.830891330891333,18.461792647666254,19.972859744990892,
0.7775144748967143,0.14085903482522708,0.02405709399314918,0.7215457119942936,0.8119477877880877,,,,mi_concept_exp2_f03,mi_concept,mi_concept,r2,exp2,3,False,9203000,18,3.1622776601683795e-05,1.0,0.1,3.0,1.0,0.1,662.4151723384857,sh04-17n29.int,24,45063045,False,anim>iden>numb>pose,19.943231123405948,16.692651061812136,17.256365740740737,17.741147741147742,18.47118959107807,19.943806921675773,
0.7914449978368918,0.1363779422044542,0.02424833947582805,0.7327428539502219,0.8277777518336223,,,,mi_concept_exp2_f04,mi_concept,mi_concept,r2,exp2,4,False,9204000,18,3.1622776601683795e-05,1.0,0.1,3.0,1.0,0.1,1444.5141308307648,sh03-15n19.int,24,45063048,False,anim>iden>numb>pose,19.75393595662012,16.67668893904247,17.342881944444446,17.65476190476191,18.322284180090872,19.85992714025501,
0.7661477553290427,0.14441243776223003,0.025149909820573253,0.7117968831139246,0.8066617062208326,,,,mi_concept_exp2_f05,mi_concept,mi_concept,r2,exp2,5,False,9205000,18,3.1622776601683795e-05,1.0,0.1,3.0,1.0,0.1,662.397173166275,sh04-17n29.int,24,45063045,False,anim>iden>numb>pose,20.04499734138406,16.623246761554512,17.497395833333332,17.723443223443223,18.43824865757951,19.969672131147544,
0.7984636832680556,0.13406347930376145,0.024797807934869458,0.7387212107361139,0.8356003090373518,,,,mi_concept_exp2_f06,mi_concept,mi_concept,r2,exp2,6,False,9206000,18,3.1622776601683795e-05,1.0,0.1,3.0,1.0,0.1,663.9783594608307,sh04-17n29.int,24,45063045,False,anim>iden>numb>pose,19.964243989644,16.516864711056563,17.417824074074073,17.657203907203908,18.393432465923173,19.929143897996358,
0.7555875673915973,0.1476370893344199,0.024706623196869074,0.7028063741809597,0.7985628154189459,,,,mi_concept_exp2_f07,mi_concept,mi_concept,r2,exp2,7,False,9207000,18,3.1622776601683795e-05,1.0,0.1,3.0,1.0,0.1,659.9438583850861,sh04-17n29.int,24,45063045,False,anim>iden>numb>pose,19.923182862363497,16.52427519308863,17.160300925925924,17.68803418803419,18.440107393638993,19.990437158469945,
0.7684773545705549,0.1436913303940381,0.027283363505035577,0.7036381747441433,0.8101405820263392,,,,mi_concept_exp2_f08,mi_concept,mi_concept,r2,exp2,8,False,9208000,18,3.1622776601683795e-05,1.0,0.1,3.0,1.0,0.1,659.4404244422913,sh04-17n29.int,24,45063045,False,anim>iden>numb>pose,19.91647347476883,16.608286641328416,17.458622685185187,17.601037851037848,18.390541098719538,19.809016393442622,
0.23084233171627147,374.03482678692217,0.0030570037686127242,0.22484912250425873,0.23681863318432614,0.2269324875396466,1.3518169475281527,0.49968282736746716,mi_exp1_f01,mi,mi,rmse,exp1,1,False,9101005,2,0.0316227766016837,1.0,0.1,1.0,1.0,0.1,419.6456050872803,sh03-09n02.int,24,45063047,False,,,,,,,,0.6289937503995157
0.2422978137790533,372.0800614278043,0.0031396718006200183,0.23602908005352793,0.2484367431226086,0.2228856977918892,1.3797733711048157,0.5141073748015588,mi_exp1_f02,mi,mi,rmse,exp1,2,False,9102005,2,0.0316227766016837,1.0,0.1,1.0,1.0,0.1,657.9005482196808,sh03-15n19.int,24,45063048,False,,,,,,,,0.6397193518914668
0.2427959774198961,372.3040195982033,0.00315541910585913,0.23669574915698913,0.2491703225769604,0.22533654630116137,1.3721637050735704,0.5025999673871686,mi_exp1_f03,mi,mi,rmse,exp1,3,False,9103005,2,0.0316227766016837,1.0,0.1,1.0,1.0,0.1,297.37826585769653,sh04-17n29.int,24,45063045,False,,,,,,,,0.6369466837683215
0.234304498548809,373.4650912503738,0.003021966605889316,0.22792840686459168,0.2400691494072419,0.22920977167955278,1.346907910365033,0.4991832734400523,mi_exp1_f04,mi,mi,rmse,exp1,4,False,9104005,2,0.0316227766016837,1.0,0.1,1.0,1.0,0.1,586.8564174175262,sh03-15n19.int,24,45063048,False,,,,,,,,0.6323857647208055
0.2339845366194858,373.4241333084654,0.003070454136132428,0.22801975602108304,0.24019760625773973,0.22567130758257037,1.3580699367848286,0.507178070318002,mi_exp1_f05,mi,mi,rmse,exp1,5,False,9105005,2,0.0316227766016837,1.0,0.1,1.0,1.0,0.1,298.381938457489,sh04-17n29.int,24,45063045,False,,,,,,,,0.6331699501531638
0.23858522499896392,372.38842163884635,0.0031177338107201396,0.2320929614334673,0.24448168310502522,0.22765235195861844,1.3426351084812624,0.5207895540348797,mi_exp1_f06,mi,mi,rmse,exp1,6,False,9106005,2,0.0316227766016837,1.0,0.1,1.0,1.0,0.1,298.6908462047577,sh04-17n29.int,24,45063045,False,,,,,,,,0.6411148143123934
0.2360298996317875,373.21142709644306,0.0031755840539206405,0.2301370500824275,0.24198801856423163,0.22438793354707084,1.3781458028900795,0.49897988924511794,mi_exp1_f07,mi,mi,rmse,exp1,7,False,9107005,2,0.0316227766016837,1.0,0.1,1.0,1.0,0.1,300.7753119468689,sh04-17n29.int,24,45063045,False,,,,,,,,0.6323105439553587
0.2329972542670728,373.9596324620424,0.0030323919171185688,0.22727897515102932,0.239112592653082,0.23126690547554649,1.3446657183499287,0.49753271437970614,mi_exp1_f08,mi,mi,rmse,exp1,8,False,9108005,2,0.0316227766016837,1.0,0.1,1.0,1.0,0.1,300.89677691459656,sh04-17n29.int,24,45063045,False,,,,,,,,0.6295640273232018
0.305417336262068,0.24888332343840938,0.00629806003571545,0.29211346940756483,0.3168164475054999,,,,mi_exp2_f01,mi,mi,rmse,exp2,1,False,9201005,2,0.0316227766016837,1.0,0.1,1.0,1.0,0.1,198.57919192314148,sh04-17n29.int,24,45063045,False,anim>numb>iden>pose,11.713753977611082,3.2935048322338076,4.390625,4.484126984126985,4.400660883932259,4.53743169398907,
0.30832355979399945,0.24836209767054507,0.006348353261370312,0.29646941537055255,0.3216545410847952,,,,mi_exp2_f02,mi,mi,rmse,exp2,2,False,9202005,2,0.0316227766016837,1.0,0.1,1.0,1.0,0.1,557.9502000808716,sh03-15n19.int,24,45063048,False,anim>iden>numb>pose,11.804567275881837,3.312664181934019,4.2905092592592595,4.3357753357753355,4.397666253614209,4.44408014571949,
0.2961189058258759,0.25054369493150724,0.006457008312534141,0.28512276792767377,0.30991407624782613,,,,mi_exp2_f03,mi,mi,rmse,exp2,3,False,9203005,2,0.0316227766016837,1.0,0.1,1.0,1.0,0.1,497.83516359329224,sh03-15n19.int,24,45063048,False,anim>pose>numb>iden,11.723483614812286,3.2566063899860715,4.474826388888889,4.412087912087912,4.36761668731929,4.524408014571949,
0.312395525550134,0.2476299527449306,0.006411027837777632,0.29950910740264775,0.3247061918776513,,,,mi_exp2_f04,mi,mi,rmse,exp2,4,False,9204005,2,0.0316227766016837,1.0,0.1,1.0,1.0,0.1,198.1055884361267,sh04-17n29.int,24,45063045,False,anim>iden>numb>pose,11.680012393829296,3.285970523454697,4.287905092592593,4.3949938949938945,4.455906650144568,4.537067395264117,
0.3153643487497728,0.24709478693255854,0.006083462620074031,0.3027383217580584,0.32603268234788946,,,,mi_exp2_f05,mi,mi,rmse,exp2,5,False,9205005,2,0.0316227766016837,1.0,0.1,1.0,1.0,0.1,448.8598413467407,sh03-15n19.int,24,45063048,False,anim>iden>pose>numb,11.855783223818811,3.2602726160870126,4.327546296296297,4.247557997557998,4.401383725733168,4.519945355191257,
0.32034344317479746,0.24619463417545034,0.006360739388348283,0.30697618888300227,0.33149009531027224,,,,mi_exp2_f06,mi,mi,rmse,exp2,6,False,9206005,2,0.0316227766016837,1.0,0.1,1.0,1.0,0.1,199.90920209884644,sh04-17n29.int,24,45063045,False,anim>iden>pose>numb,11.744701572203706,3.3504083757138106,4.343460648148148,4.292124542124543,4.397562990499793,4.560291438979963,
0.32456505913909944,0.2454288369825413,0.006744411996410786,0.3102058189976606,0.3371476386252438,,,,mi_exp2_f07,mi,mi,rmse,exp2,7,False,9207005,2,0.0316227766016837,1.0,0.1,1.0,1.0,0.1,346.8560929298401,sh03-15n19.int,24,45063047,False,anim>numb>iden>pose,11.769950464306381,3.3641283541165463,4.271701388888888,4.4496336996337,4.442998760842627,4.64608378870674,
0.3108075353593886,0.24791573270526204,0.006517610774994127,0.29649316527897546,0.3208594691283148,,,,mi_exp2_f08,mi,mi,rmse,exp2,8,False,9208005,2,0.0316227766016837,1.0,0.1,1.0,1.0,0.1,440.3189561367035,sh03-15n19.int,24,45063047,False,anim>numb>iden>pose,11.702725869204384,3.2789624008880587,4.374421296296297,4.5503663003663,4.447748864105741,4.607468123861566,
0.8947205616375833,116.5367533223507,0.0330431903660728,0.785332367136092,0.9128078556779571,0.8548811879714912,1.103959689490723,0.0874760069635604,surprisal_b_exp1_f01,surprisal_b,surprisal_b,r2,exp1,1,False,9101003,10,0.3981071705534973,1.0,0.1,1.0,10.0,0.1,1118.5857002735138,sh03-09n02.int,24,45063047,False,,,,,,,,0.8507366649669043
0.8368696095939306,160.30494560960602,0.042565979840308625,0.6966385674212574,0.8690454109757453,0.8167215815485996,1.133490022332685,0.09113909155095323,surprisal_b_exp1_f02,surprisal_b,surprisal_b,r2,exp1,2,False,9102003,10,0.3981071705534973,1.0,0.1,1.0,10.0,0.1,2065.631741285324,sh03-15n19.int,24,45063047,False,,,,,,,,0.8560245690229933
0.8945719149680392,127.84237779046553,0.03573916639575594,0.7672811106291075,0.909310434470919,0.8744774943963167,1.0953394527190856,0.07319621978554547,surprisal_b_exp1_f03,surprisal_b,surprisal_b,r2,exp1,3,False,9103003,10,0.3981071705534973,1.0,0.1,1.0,10.0,0.1,1896.283718585968,sh03-15n19.int,24,45063048,False,,,,,,,,0.816337404690101
0.8832059183209134,124.05940823239699,0.03465403590491444,0.7694052954600149,0.9016067451307148,0.8415520354683853,1.0991277649849978,0.08925818811750375,surprisal_b_exp1_f04,surprisal_b,surprisal_b,r2,exp1,4,False,9104003,10,0.3981071705534973,1.0,0.1,1.0,10.0,0.1,1624.8210966587067,sh03-15n19.int,24,45063047,False,,,,,,,,0.8291455957348789
0.8788209430517372,137.1265716584515,0.03267000528042987,0.7697861933467628,0.897405811300105,0.8205526923760441,1.1511054559893157,0.0948995912564422,surprisal_b_exp1_f05,surprisal_b,surprisal_b,r2,exp1,5,False,9105003,10,0.3981071705534973,1.0,0.1,1.0,10.0,0.1,1517.0446002483368,sh03-15n19.int,24,45063048,False,,,,,,,,0.8335260239569486
0.8029194892701321,171.77091790270885,0.04354127684535505,0.6744082529452247,0.8412181572991148,0.8548976387463011,1.1134128035320088,0.05808019807959419,surprisal_b_exp1_f06,surprisal_b,surprisal_b,r2,exp1,6,False,9106003,10,0.3981071705534973,1.0,0.1,1.0,10.0,0.1,1466.159257888794,sh03-15n19.int,24,45063048,False,,,,,,,,0.70966902216293
0.8879414201894189,120.78690612774683,0.036377015824417054,0.7606354277932081,0.9065872015545534,0.8580407969639469,1.0968227366966135,0.10134013282732457,surprisal_b_exp1_f07,surprisal_b,surprisal_b,r2,exp1,7,False,9107003,10,0.3981071705534973,1.0,0.1,1.0,10.0,0.1,1542.1988682746887,sh03-15n19.int,24,45063047,False,,,,,,,,0.8150958295265454
0.8311389202018215,157.64349303615276,0.04137746417578436,0.7040945531103048,0.8658595603718343,0.8538049626668679,1.1211561224670068,0.07534504864620262,surprisal_b_exp1_f08,surprisal_b,surprisal_b,r2,exp1,8,False,9108003,10,0.3981071705534973,1.0,0.1,1.0,10.0,0.1,1616.7286925315857,sh03-15n19.int,24,45063048,False,,,,,,,,0.768260019841047
0.626070282189425,0.18261179213408982,0.029549921676742072,0.5564186013213493,0.6743724771693014,,,,surprisal_b_exp2_f01,surprisal_b,surprisal_b,r2,exp2,1,False,9201003,10,0.3981071705534973,1.0,0.1,1.0,10.0,0.1,1484.1216356754303,sh03-15n19.int,24,45063047,False,anim>iden>pose>numb,14.59634291747951,12.539345025932418,13.088541666666666,12.97039072039072,14.186286658405619,16.76429872495446,
0.5780768963135254,0.19397710851036223,0.02721793245395906,0.5170842270931,0.6221829068836365,,,,surprisal_b_exp2_f02,surprisal_b,surprisal_b,r2,exp2,2,False,9202003,10,0.3981071705534973,1.0,0.1,1.0,10.0,0.1,496.47120237350464,sh04-17n29.int,24,45063045,False,anim>iden>numb>pose,14.256664096947976,12.556724626042797,13.095486111111112,13.12179487179487,13.86596447748864,16.84608378870674,
0.6403529532655087,0.17909030534938836,0.028237668432023307,0.5733333947184596,0.6833044206750469,,,,surprisal_b_exp2_f03,surprisal_b,surprisal_b,r2,exp2,3,False,9203003,10,0.3981071705534973,1.0,0.1,1.0,10.0,0.1,1439.634129524231,sh03-15n19.int,24,45063048,False,anim>iden>numb>pose,14.594272921430331,12.35726057809318,13.215277777777777,13.388888888888888,14.126807104502271,17.010109289617485,
0.583455015745497,0.1927368613631048,0.028977905663210075,0.5203478173516115,0.6326405839417575,,,,surprisal_b_exp2_f04,surprisal_b,surprisal_b,r2,exp2,4,False,9204003,10,0.3981071705534973,1.0,0.1,1.0,10.0,0.1,1221.482281923294,sh03-15n19.int,24,45063048,False,anim>iden>numb>pose,14.511800793797756,12.633792008680391,12.841724537037038,13.452686202686202,13.962412226352747,17.041712204007286,
0.5722912147010228,0.19530254973995423,0.031180690501722508,0.508112407783379,0.6270488913273007,,,,surprisal_b_exp2_f05,surprisal_b,surprisal_b,r2,exp2,5,False,9205003,10,0.3981071705534973,1.0,0.1,1.0,10.0,0.1,1160.5091395378113,sh03-15n19.int,24,45063048,False,anim>iden>numb>pose,14.384376187962976,12.564893080285874,12.969618055555555,13.466727716727716,14.148285832300703,16.835792349726777,
0.5810885563152536,0.1932835706188495,0.028956271880057918,0.521460891529913,0.6371082561430859,,,,surprisal_b_exp2_f06,surprisal_b,surprisal_b,r2,exp2,6,False,9206003,10,0.3981071705534973,1.0,0.1,1.0,10.0,0.1,1090.5029652118683,sh03-15n19.int,24,45063048,False,anim>iden>numb>pose,14.43301141717807,12.477951160448779,12.752604166666666,13.225885225885227,14.034593143329204,16.706102003642986,
0.6230483092024502,0.18334821050044176,0.029180296617645367,0.5513939993104084,0.6637753312030572,,,,surprisal_b_exp2_f07,surprisal_b,surprisal_b,r2,exp2,7,False,9207003,10,0.3981071705534973,1.0,0.1,1.0,10.0,0.1,1070.836835384369,sh03-15n19.int,24,45063047,False,anim>iden>numb>pose,14.484172075190875,12.427198891008844,12.730034722222221,12.888888888888891,13.852643535729037,16.644535519125682,
0.6275088666559915,0.1822601810827761,0.02945850450820685,0.5531464387043794,0.6685955280190677,,,,surprisal_b_exp2_f08,surprisal_b,surprisal_b,r2,exp2,8,False,9208003,10,0.3981071705534973,1.0,0.1,1.0,10.0,0.1,1229.1101033687592,sh03-15n19.int,24,45063048,False,anim>iden>numb>pose,14.793298239756416,12.566068528935363,13.021412037037038,13.184676434676435,13.82600165220983,16.82304189435337,
0.8463547029823648,138.50679423459897,0.015629740178091125,0.8064792261384816,0.8706944252517408,0.8154479660593961,1.1085692425401685,0.09926378837035199,v31_mi_concept_exp1_f01,v31_mi_concept,mi_concept,r2,exp1,1,False,9101001,16,0.0001,0.5,0.1,3.0,1.0,0.1,655.3178391456604,sh04-17n29.int,24,45063045,False,,,,,,,,0.8202502191689542
0.844213269606929,130.90105691837,0.016728177788978924,0.8031863985735019,0.868448431112119,0.8231569639840209,1.1112596627855678,0.09609524260654012,v31_mi_concept_exp1_f02,v31_mi_concept,mi_concept,r2,exp1,2,False,9102001,16,0.0001,0.5,0.1,3.0,1.0,0.1,1729.3712244033813,sh03-15n19.int,24,45063047,False,,,,,,,,0.7980082154363681
0.8698753465405886,123.86314335496078,0.014799789776244647,0.8309223019903463,0.889851330547956,0.8114171304251865,1.1232334026307098,0.10289921331840901,v31_mi_concept_exp1_f03,v31_mi_concept,mi_concept,r2,exp1,3,False,9103001,16,0.0001,0.5,0.1,3.0,1.0,0.1,1721.7935183048248,sh03-15n19.int,24,45063048,False,,,,,,,,0.8399123998176696
0.8621455782275552,130.07222148227734,0.015411831224092492,0.8205577363938052,0.8834200715645514,0.8189661971386659,1.1138674884437596,0.09184977207123368,v31_mi_concept_exp1_f04,v31_mi_concept,mi_concept,r2,exp1,4,False,9104001,16,0.0001,0.5,0.1,3.0,1.0,0.1,1901.1374824047089,sh03-15n19.int,24,45063047,False,,,,,,,,0.8241618547313684
0.8521013281903108,133.66732202547112,0.015212456667480456,0.8148875857687184,0.8758029004329043,0.807573306528875,1.127997432855559,0.08792071743808005,v31_mi_concept_exp1_f05,v31_mi_concept,mi_concept,r2,exp1,5,False,9105001,16,0.0001,0.5,0.1,3.0,1.0,0.1,1404.7996683120728,sh03-15n19.int,24,45063048,False,,,,,,,,0.7962431142399844
0.8663027508258369,120.21516972034942,0.014839889906056732,0.8250614657364229,0.886118877832238,0.8187938554902332,1.1204516502605677,0.09164612175232323,v31_mi_concept_exp1_f06,v31_mi_concept,mi_concept,r2,exp1,6,False,9106001,16,0.0001,0.5,0.1,3.0,1.0,0.1,1390.3728110790253,sh03-15n19.int,24,45063048,False,,,,,,,,0.8139963528381564
0.8418923648294043,136.81768917296043,0.015870282115615447,0.8040802618519521,0.8646384793391994,0.8137031768610715,1.1245012916885186,0.08231389284020862,v31_mi_concept_exp1_f07,v31_mi_concept,mi_concept,r2,exp1,7,False,9107001,16,0.0001,0.5,0.1,3.0,1.0,0.1,1423.4491739273071,sh03-15n19.int,24,45063047,False,,,,,,,,0.7857365712101719
0.8476480382064527,138.31781956095531,0.014956334024754358,0.8098934951503749,0.8683929407098973,0.8100185470434755,1.1215309983506354,0.09117915186570691,v31_mi_concept_exp1_f08,v31_mi_concept,mi_concept,r2,exp1,8,False,9108001,16,0.0001,0.5,0.1,3.0,1.0,0.1,1245.8853278160095,sh03-15n19.int,24,45063048,False,,,,,,,,0.802122069868902
0.8397557638120369,0.11954324385275127,0.022498129191369495,0.7863528705679734,0.8748906146008797,,,,v31_mi_concept_exp2_f01,v31_mi_concept,mi_concept,r2,exp2,1,False,9201001,16,0.0001,0.5,0.1,3.0,1.0,0.1,762.2499816417694,sh03-09n02.int,24,45063047,False,anim>iden>numb>pose,13.889002352189019,11.157556825383988,11.807002314814815,11.968253968253968,12.493391160677405,13.594899817850639,
0.7382111453808282,0.15279509197240668,0.02979949118594625,0.6663983403573311,0.7848764535288486,,,,v31_mi_concept_exp2_f02,v31_mi_concept,mi_concept,r2,exp2,2,False,9202001,16,0.0001,0.5,0.1,3.0,1.0,0.1,465.9489402770996,sh04-17n29.int,24,45063045,False,anim>iden>numb>pose,13.93763404818624,11.21958225217262,11.888888888888888,12.344627594627596,12.46530359355638,13.462659380692168,
0.8407047615178359,0.11918873897692471,0.022196033427189288,0.7849499951325811,0.8696016464652726,,,,v31_mi_concept_exp2_f03,v31_mi_concept,mi_concept,r2,exp2,3,False,9203001,16,0.0001,0.5,0.1,3.0,1.0,0.1,1237.4353823661804,sh03-15n19.int,24,45063048,False,anim>iden>numb>pose,13.95633859265062,11.19302698900831,11.73292824074074,12.094627594627594,12.466542750929369,13.57622950819672,
0.8266983232136511,0.12431834219441078,0.02229008375580879,0.7700286414040126,0.8557575892561133,,,,v31_mi_concept_exp2_f04,v31_mi_concept,mi_concept,r2,exp2,4,False,9204001,16,0.0001,0.5,0.1,3.0,1.0,0.1,1045.7990417480469,sh03-15n19.int,24,45063047,False,anim>iden>numb>pose,13.95909236008006,11.289744705621434,11.787905092592593,11.919108669108669,12.454151177199504,13.44663023679417,
0.8098640147743905,0.1302164908162974,0.02476444020921821,0.7465587693047862,0.8451837749794161,,,,v31_mi_concept_exp2_f05,v31_mi_concept,mi_concept,r2,exp2,5,False,9205001,16,0.0001,0.5,0.1,3.0,1.0,0.1,989.0468506813049,sh03-15n19.int,24,45063048,False,anim>iden>numb>pose,13.953560775109754,11.19509675115286,11.824363425925926,12.030219780219781,12.481619165634037,13.451183970856102,
0.7949870388296789,0.1352148799794464,0.02295076128700734,0.7368402291549657,0.8266630004357299,,,,v31_mi_concept_exp2_f06,v31_mi_concept,mi_concept,r2,exp2,6,False,9206001,16,0.0001,0.5,0.1,3.0,1.0,0.1,962.6608905792236,sh03-15n19.int,24,45063048,False,anim>iden>numb>pose,13.911906510178497,11.314775272810135,11.806712962962962,12.13003663003663,12.476662536142092,13.614754098360656,
0.8216674340028303,0.1261098929482544,0.022614528462863714,0.764193270131165,0.8513084303335907,,,,v31_mi_concept_exp2_f07,v31_mi_concept,mi_concept,r2,exp2,7,False,9207001,16,0.0001,0.5,0.1,3.0,1.0,0.1,963.2514343261719,sh03-15n19.int,24,45063047,False,anim>iden>numb>pose,13.741060912838865,11.211353907439229,11.841724537037038,12.046398046398046,12.465200330441967,13.53533697632058,
0.8290713413650477,0.1234642634768889,0.021552836632680088,0.7772487923513096,0.8623779645633146,,,,v31_mi_concept_exp2_f08,v31_mi_concept,mi_concept,r2,exp2,8,False,9208001,16,0.0001,0.5,0.1,3.0,1.0,0.1,1051.6213738918304,sh03-15n19.int,24,45063048,False,anim>iden>numb>pose,13.94109662204606,11.306402636872273,11.800347222222221,11.996947496947497,12.485852953325072,13.457923497267759,
